"scenario","K","rho","na_rate","signal_prop","fpr","rep"
"null",2,0,0,0,0.0508,1
"null",2,0,0.1,0,0.0575,1
"null",2,0,0.2,0,0.0653,1
"null",2,0,0.3,0,0.0719,1
"null",2,0,0.4,0,0.0793,1
"null",2,0,0.5,0,0.0858,1
"null",2,0,0.6,0,0.0917,1
"null",2,0,0.7,0,0.0992,1
"null",2,0,0.8,0,0.1065,1
"null",2,0,0.9,0,0.1145,1
"null",2,0,0,0,0.0497,2
"null",2,0,0.1,0,0.0585,2
"null",2,0,0.2,0,0.0663,2
"null",2,0,0.3,0,0.0727,2
"null",2,0,0.4,0,0.0801,2
"null",2,0,0.5,0,0.0879,2
"null",2,0,0.6,0,0.0955,2
"null",2,0,0.7,0,0.1024,2
"null",2,0,0.8,0,0.1095,2
"null",2,0,0.9,0,0.1158,2
"null",2,0,0,0,0.0489,3
"null",2,0,0.1,0,0.0567,3
"null",2,0,0.2,0,0.0651,3
"null",2,0,0.3,0,0.0737,3
"null",2,0,0.4,0,0.0802,3
"null",2,0,0.5,0,0.0871,3
"null",2,0,0.6,0,0.0943,3
"null",2,0,0.7,0,0.1019,3
"null",2,0,0.8,0,0.1096,3
"null",2,0,0.9,0,0.1167,3
"null",2,0,0,0,0.0487,4
"null",2,0,0.1,0,0.0567,4
"null",2,0,0.2,0,0.0637,4
"null",2,0,0.3,0,0.0717,4
"null",2,0,0.4,0,0.0797,4
"null",2,0,0.5,0,0.0867,4
"null",2,0,0.6,0,0.0943,4
"null",2,0,0.7,0,0.1011,4
"null",2,0,0.8,0,0.1087,4
"null",2,0,0.9,0,0.1164,4
"null",2,0,0,0,0.0483,5
"null",2,0,0.1,0,0.0564,5
"null",2,0,0.2,0,0.0633,5
"null",2,0,0.3,0,0.0725,5
"null",2,0,0.4,0,0.0797,5
"null",2,0,0.5,0,0.0863,5
"null",2,0,0.6,0,0.0938,5
"null",2,0,0.7,0,0.1004,5
"null",2,0,0.8,0,0.1076,5
"null",2,0,0.9,0,0.1152,5
"null",2,0,0,0,0.0512,6
"null",2,0,0.1,0,0.0575,6
"null",2,0,0.2,0,0.0646,6
"null",2,0,0.3,0,0.0721,6
"null",2,0,0.4,0,0.0804,6
"null",2,0,0.5,0,0.0883,6
"null",2,0,0.6,0,0.0955,6
"null",2,0,0.7,0,0.1045,6
"null",2,0,0.8,0,0.1113,6
"null",2,0,0.9,0,0.1174,6
"null",2,0,0,0,0.0507,7
"null",2,0,0.1,0,0.0572,7
"null",2,0,0.2,0,0.0643,7
"null",2,0,0.3,0,0.0708,7
"null",2,0,0.4,0,0.0794,7
"null",2,0,0.5,0,0.0864,7
"null",2,0,0.6,0,0.0944,7
"null",2,0,0.7,0,0.1016,7
"null",2,0,0.8,0,0.1089,7
"null",2,0,0.9,0,0.1161,7
"null",2,0,0,0,0.0487,8
"null",2,0,0.1,0,0.0574,8
"null",2,0,0.2,0,0.0646,8
"null",2,0,0.3,0,0.073,8
"null",2,0,0.4,0,0.0797,8
"null",2,0,0.5,0,0.0884,8
"null",2,0,0.6,0,0.0961,8
"null",2,0,0.7,0,0.1033,8
"null",2,0,0.8,0,0.1109,8
"null",2,0,0.9,0,0.1176,8
"null",2,0,0,0,0.0487,9
"null",2,0,0.1,0,0.0552,9
"null",2,0,0.2,0,0.0637,9
"null",2,0,0.3,0,0.0709,9
"null",2,0,0.4,0,0.079,9
"null",2,0,0.5,0,0.0872,9
"null",2,0,0.6,0,0.0953,9
"null",2,0,0.7,0,0.1015,9
"null",2,0,0.8,0,0.1095,9
"null",2,0,0.9,0,0.1169,9
"null",2,0,0,0,0.0506,10
"null",2,0,0.1,0,0.0572,10
"null",2,0,0.2,0,0.0652,10
"null",2,0,0.3,0,0.0718,10
"null",2,0,0.4,0,0.0788,10
"null",2,0,0.5,0,0.0864,10
"null",2,0,0.6,0,0.094,10
"null",2,0,0.7,0,0.1006,10
"null",2,0,0.8,0,0.108,10
"null",2,0,0.9,0,0.1144,10
"null",2,0,0,0,0.049,11
"null",2,0,0.1,0,0.0549,11
"null",2,0,0.2,0,0.0618,11
"null",2,0,0.3,0,0.0684,11
"null",2,0,0.4,0,0.0762,11
"null",2,0,0.5,0,0.083,11
"null",2,0,0.6,0,0.0915,11
"null",2,0,0.7,0,0.1006,11
"null",2,0,0.8,0,0.108,11
"null",2,0,0.9,0,0.1158,11
"null",2,0,0,0,0.0462,12
"null",2,0,0.1,0,0.0536,12
"null",2,0,0.2,0,0.0609,12
"null",2,0,0.3,0,0.0696,12
"null",2,0,0.4,0,0.0774,12
"null",2,0,0.5,0,0.0845,12
"null",2,0,0.6,0,0.0911,12
"null",2,0,0.7,0,0.0993,12
"null",2,0,0.8,0,0.1072,12
"null",2,0,0.9,0,0.1153,12
"null",2,0,0,0,0.0506,13
"null",2,0,0.1,0,0.0585,13
"null",2,0,0.2,0,0.0661,13
"null",2,0,0.3,0,0.073,13
"null",2,0,0.4,0,0.0801,13
"null",2,0,0.5,0,0.0887,13
"null",2,0,0.6,0,0.0952,13
"null",2,0,0.7,0,0.1016,13
"null",2,0,0.8,0,0.1078,13
"null",2,0,0.9,0,0.1146,13
"null",2,0,0,0,0.0493,14
"null",2,0,0.1,0,0.0564,14
"null",2,0,0.2,0,0.0632,14
"null",2,0,0.3,0,0.0684,14
"null",2,0,0.4,0,0.0764,14
"null",2,0,0.5,0,0.085,14
"null",2,0,0.6,0,0.0918,14
"null",2,0,0.7,0,0.0998,14
"null",2,0,0.8,0,0.107,14
"null",2,0,0.9,0,0.1145,14
"null",2,0,0,0,0.0507,15
"null",2,0,0.1,0,0.0572,15
"null",2,0,0.2,0,0.0638,15
"null",2,0,0.3,0,0.071,15
"null",2,0,0.4,0,0.0787,15
"null",2,0,0.5,0,0.0867,15
"null",2,0,0.6,0,0.0944,15
"null",2,0,0.7,0,0.1023,15
"null",2,0,0.8,0,0.1097,15
"null",2,0,0.9,0,0.1166,15
"null",2,0,0,0,0.0516,16
"null",2,0,0.1,0,0.0595,16
"null",2,0,0.2,0,0.0674,16
"null",2,0,0.3,0,0.0744,16
"null",2,0,0.4,0,0.082,16
"null",2,0,0.5,0,0.0887,16
"null",2,0,0.6,0,0.0959,16
"null",2,0,0.7,0,0.1031,16
"null",2,0,0.8,0,0.1091,16
"null",2,0,0.9,0,0.1162,16
"null",2,0,0,0,0.05,17
"null",2,0,0.1,0,0.0556,17
"null",2,0,0.2,0,0.0638,17
"null",2,0,0.3,0,0.0713,17
"null",2,0,0.4,0,0.0791,17
"null",2,0,0.5,0,0.086,17
"null",2,0,0.6,0,0.0939,17
"null",2,0,0.7,0,0.1001,17
"null",2,0,0.8,0,0.1076,17
"null",2,0,0.9,0,0.1155,17
"null",2,0,0,0,0.0503,18
"null",2,0,0.1,0,0.0576,18
"null",2,0,0.2,0,0.0649,18
"null",2,0,0.3,0,0.0716,18
"null",2,0,0.4,0,0.0791,18
"null",2,0,0.5,0,0.0866,18
"null",2,0,0.6,0,0.0947,18
"null",2,0,0.7,0,0.1028,18
"null",2,0,0.8,0,0.1104,18
"null",2,0,0.9,0,0.1171,18
"null",2,0,0,0,0.0507,19
"null",2,0,0.1,0,0.0589,19
"null",2,0,0.2,0,0.0653,19
"null",2,0,0.3,0,0.0736,19
"null",2,0,0.4,0,0.0826,19
"null",2,0,0.5,0,0.0903,19
"null",2,0,0.6,0,0.0968,19
"null",2,0,0.7,0,0.1026,19
"null",2,0,0.8,0,0.1104,19
"null",2,0,0.9,0,0.1165,19
"null",2,0,0,0,0.0505,20
"null",2,0,0.1,0,0.058,20
"null",2,0,0.2,0,0.0638,20
"null",2,0,0.3,0,0.0735,20
"null",2,0,0.4,0,0.0794,20
"null",2,0,0.5,0,0.0872,20
"null",2,0,0.6,0,0.0934,20
"null",2,0,0.7,0,0.0999,20
"null",2,0,0.8,0,0.1071,20
"null",2,0,0.9,0,0.1157,20
"individual",2,0,0,0.1,0.0499,1
"individual",2,0,0.1,0.1,0.0573,1
"individual",2,0,0.2,0.1,0.065,1
"individual",2,0,0.3,0.1,0.0741,1
"individual",2,0,0.4,0.1,0.0815,1
"individual",2,0,0.5,0.1,0.0871,1
"individual",2,0,0.6,0.1,0.0937,1
"individual",2,0,0.7,0.1,0.1015,1
"individual",2,0,0.8,0.1,0.1086,1
"individual",2,0,0.9,0.1,0.1158,1
"individual",2,0,0,0.1,0.0488,2
"individual",2,0,0.1,0.1,0.057,2
"individual",2,0,0.2,0.1,0.065,2
"individual",2,0,0.3,0.1,0.0731,2
"individual",2,0,0.4,0.1,0.0796,2
"individual",2,0,0.5,0.1,0.0869,2
"individual",2,0,0.6,0.1,0.0959,2
"individual",2,0,0.7,0.1,0.1036,2
"individual",2,0,0.8,0.1,0.1115,2
"individual",2,0,0.9,0.1,0.1174,2
"individual",2,0,0,0.1,0.05,3
"individual",2,0,0.1,0.1,0.0585,3
"individual",2,0,0.2,0.1,0.067,3
"individual",2,0,0.3,0.1,0.0733,3
"individual",2,0,0.4,0.1,0.0797,3
"individual",2,0,0.5,0.1,0.0868,3
"individual",2,0,0.6,0.1,0.0942,3
"individual",2,0,0.7,0.1,0.1017,3
"individual",2,0,0.8,0.1,0.11,3
"individual",2,0,0.9,0.1,0.1172,3
"individual",2,0,0,0.1,0.0502,4
"individual",2,0,0.1,0.1,0.058,4
"individual",2,0,0.2,0.1,0.0648,4
"individual",2,0,0.3,0.1,0.0722,4
"individual",2,0,0.4,0.1,0.0802,4
"individual",2,0,0.5,0.1,0.0874,4
"individual",2,0,0.6,0.1,0.0952,4
"individual",2,0,0.7,0.1,0.1021,4
"individual",2,0,0.8,0.1,0.1096,4
"individual",2,0,0.9,0.1,0.1162,4
"individual",2,0,0,0.1,0.0481,5
"individual",2,0,0.1,0.1,0.0539,5
"individual",2,0,0.2,0.1,0.0611,5
"individual",2,0,0.3,0.1,0.0698,5
"individual",2,0,0.4,0.1,0.0777,5
"individual",2,0,0.5,0.1,0.0848,5
"individual",2,0,0.6,0.1,0.0929,5
"individual",2,0,0.7,0.1,0.1004,5
"individual",2,0,0.8,0.1,0.1071,5
"individual",2,0,0.9,0.1,0.1152,5
"individual",2,0,0,0.1,0.0521,6
"individual",2,0,0.1,0.1,0.0584,6
"individual",2,0,0.2,0.1,0.0662,6
"individual",2,0,0.3,0.1,0.0709,6
"individual",2,0,0.4,0.1,0.0776,6
"individual",2,0,0.5,0.1,0.085,6
"individual",2,0,0.6,0.1,0.094,6
"individual",2,0,0.7,0.1,0.1008,6
"individual",2,0,0.8,0.1,0.1088,6
"individual",2,0,0.9,0.1,0.1159,6
"individual",2,0,0,0.1,0.0509,7
"individual",2,0,0.1,0.1,0.0571,7
"individual",2,0,0.2,0.1,0.0648,7
"individual",2,0,0.3,0.1,0.0726,7
"individual",2,0,0.4,0.1,0.0805,7
"individual",2,0,0.5,0.1,0.0886,7
"individual",2,0,0.6,0.1,0.0955,7
"individual",2,0,0.7,0.1,0.1003,7
"individual",2,0,0.8,0.1,0.1079,7
"individual",2,0,0.9,0.1,0.1152,7
"individual",2,0,0,0.1,0.053,8
"individual",2,0,0.1,0.1,0.06,8
"individual",2,0,0.2,0.1,0.0672,8
"individual",2,0,0.3,0.1,0.0742,8
"individual",2,0,0.4,0.1,0.082,8
"individual",2,0,0.5,0.1,0.0894,8
"individual",2,0,0.6,0.1,0.0949,8
"individual",2,0,0.7,0.1,0.1012,8
"individual",2,0,0.8,0.1,0.1087,8
"individual",2,0,0.9,0.1,0.1158,8
"individual",2,0,0,0.1,0.0493,9
"individual",2,0,0.1,0.1,0.0576,9
"individual",2,0,0.2,0.1,0.0647,9
"individual",2,0,0.3,0.1,0.0726,9
"individual",2,0,0.4,0.1,0.0802,9
"individual",2,0,0.5,0.1,0.0887,9
"individual",2,0,0.6,0.1,0.0959,9
"individual",2,0,0.7,0.1,0.1022,9
"individual",2,0,0.8,0.1,0.1091,9
"individual",2,0,0.9,0.1,0.116,9
"individual",2,0,0,0.1,0.0503,10
"individual",2,0,0.1,0.1,0.0573,10
"individual",2,0,0.2,0.1,0.0628,10
"individual",2,0,0.3,0.1,0.0696,10
"individual",2,0,0.4,0.1,0.0763,10
"individual",2,0,0.5,0.1,0.083,10
"individual",2,0,0.6,0.1,0.091,10
"individual",2,0,0.7,0.1,0.0972,10
"individual",2,0,0.8,0.1,0.1049,10
"individual",2,0,0.9,0.1,0.1138,10
"individual",2,0,0,0.1,0.0501,11
"individual",2,0,0.1,0.1,0.057,11
"individual",2,0,0.2,0.1,0.0638,11
"individual",2,0,0.3,0.1,0.0716,11
"individual",2,0,0.4,0.1,0.0787,11
"individual",2,0,0.5,0.1,0.0869,11
"individual",2,0,0.6,0.1,0.0944,11
"individual",2,0,0.7,0.1,0.1007,11
"individual",2,0,0.8,0.1,0.1081,11
"individual",2,0,0.9,0.1,0.1153,11
"individual",2,0,0,0.1,0.0473,12
"individual",2,0,0.1,0.1,0.0549,12
"individual",2,0,0.2,0.1,0.0627,12
"individual",2,0,0.3,0.1,0.07,12
"individual",2,0,0.4,0.1,0.0776,12
"individual",2,0,0.5,0.1,0.0862,12
"individual",2,0,0.6,0.1,0.0928,12
"individual",2,0,0.7,0.1,0.1012,12
"individual",2,0,0.8,0.1,0.109,12
"individual",2,0,0.9,0.1,0.1153,12
"individual",2,0,0,0.1,0.0501,13
"individual",2,0,0.1,0.1,0.0576,13
"individual",2,0,0.2,0.1,0.0643,13
"individual",2,0,0.3,0.1,0.0718,13
"individual",2,0,0.4,0.1,0.0783,13
"individual",2,0,0.5,0.1,0.0863,13
"individual",2,0,0.6,0.1,0.093,13
"individual",2,0,0.7,0.1,0.1009,13
"individual",2,0,0.8,0.1,0.1084,13
"individual",2,0,0.9,0.1,0.116,13
"individual",2,0,0,0.1,0.0475,14
"individual",2,0,0.1,0.1,0.0559,14
"individual",2,0,0.2,0.1,0.0623,14
"individual",2,0,0.3,0.1,0.0692,14
"individual",2,0,0.4,0.1,0.0776,14
"individual",2,0,0.5,0.1,0.0857,14
"individual",2,0,0.6,0.1,0.0918,14
"individual",2,0,0.7,0.1,0.0989,14
"individual",2,0,0.8,0.1,0.1078,14
"individual",2,0,0.9,0.1,0.1152,14
"individual",2,0,0,0.1,0.0475,15
"individual",2,0,0.1,0.1,0.0558,15
"individual",2,0,0.2,0.1,0.0625,15
"individual",2,0,0.3,0.1,0.0698,15
"individual",2,0,0.4,0.1,0.0773,15
"individual",2,0,0.5,0.1,0.0839,15
"individual",2,0,0.6,0.1,0.0905,15
"individual",2,0,0.7,0.1,0.0989,15
"individual",2,0,0.8,0.1,0.1078,15
"individual",2,0,0.9,0.1,0.1158,15
"individual",2,0,0,0.1,0.0523,16
"individual",2,0,0.1,0.1,0.06,16
"individual",2,0,0.2,0.1,0.0669,16
"individual",2,0,0.3,0.1,0.0748,16
"individual",2,0,0.4,0.1,0.0821,16
"individual",2,0,0.5,0.1,0.0894,16
"individual",2,0,0.6,0.1,0.0944,16
"individual",2,0,0.7,0.1,0.1023,16
"individual",2,0,0.8,0.1,0.1096,16
"individual",2,0,0.9,0.1,0.1171,16
"individual",2,0,0,0.1,0.05,17
"individual",2,0,0.1,0.1,0.0544,17
"individual",2,0,0.2,0.1,0.0627,17
"individual",2,0,0.3,0.1,0.0715,17
"individual",2,0,0.4,0.1,0.0784,17
"individual",2,0,0.5,0.1,0.0851,17
"individual",2,0,0.6,0.1,0.0934,17
"individual",2,0,0.7,0.1,0.1008,17
"individual",2,0,0.8,0.1,0.1088,17
"individual",2,0,0.9,0.1,0.1161,17
"individual",2,0,0,0.1,0.0502,18
"individual",2,0,0.1,0.1,0.0576,18
"individual",2,0,0.2,0.1,0.0654,18
"individual",2,0,0.3,0.1,0.0729,18
"individual",2,0,0.4,0.1,0.08,18
"individual",2,0,0.5,0.1,0.0858,18
"individual",2,0,0.6,0.1,0.0928,18
"individual",2,0,0.7,0.1,0.1005,18
"individual",2,0,0.8,0.1,0.1084,18
"individual",2,0,0.9,0.1,0.1161,18
"individual",2,0,0,0.1,0.0499,19
"individual",2,0,0.1,0.1,0.0575,19
"individual",2,0,0.2,0.1,0.0647,19
"individual",2,0,0.3,0.1,0.0724,19
"individual",2,0,0.4,0.1,0.0794,19
"individual",2,0,0.5,0.1,0.0869,19
"individual",2,0,0.6,0.1,0.0928,19
"individual",2,0,0.7,0.1,0.1012,19
"individual",2,0,0.8,0.1,0.1084,19
"individual",2,0,0.9,0.1,0.116,19
"individual",2,0,0,0.1,0.049,20
"individual",2,0,0.1,0.1,0.0571,20
"individual",2,0,0.2,0.1,0.0653,20
"individual",2,0,0.3,0.1,0.0726,20
"individual",2,0,0.4,0.1,0.0799,20
"individual",2,0,0.5,0.1,0.0885,20
"individual",2,0,0.6,0.1,0.0953,20
"individual",2,0,0.7,0.1,0.1014,20
"individual",2,0,0.8,0.1,0.1087,20
"individual",2,0,0.9,0.1,0.1158,20
"opposite",2,0,0,0.1,0.0351,1
"opposite",2,0,0.1,0.1,0.0439,1
"opposite",2,0,0.2,0.1,0.0517,1
"opposite",2,0,0.3,0.1,0.0607,1
"opposite",2,0,0.4,0.1,0.0711,1
"opposite",2,0,0.5,0.1,0.0796,1
"opposite",2,0,0.6,0.1,0.0882,1
"opposite",2,0,0.7,0.1,0.0981,1
"opposite",2,0,0.8,0.1,0.1069,1
"opposite",2,0,0.9,0.1,0.1162,1
"opposite",2,0,0,0.1,0.0357,2
"opposite",2,0,0.1,0.1,0.0435,2
"opposite",2,0,0.2,0.1,0.0534,2
"opposite",2,0,0.3,0.1,0.0617,2
"opposite",2,0,0.4,0.1,0.0705,2
"opposite",2,0,0.5,0.1,0.0797,2
"opposite",2,0,0.6,0.1,0.0882,2
"opposite",2,0,0.7,0.1,0.0975,2
"opposite",2,0,0.8,0.1,0.1063,2
"opposite",2,0,0.9,0.1,0.1147,2
"opposite",2,0,0,0.1,0.0363,3
"opposite",2,0,0.1,0.1,0.046,3
"opposite",2,0,0.2,0.1,0.0545,3
"opposite",2,0,0.3,0.1,0.0633,3
"opposite",2,0,0.4,0.1,0.0727,3
"opposite",2,0,0.5,0.1,0.0822,3
"opposite",2,0,0.6,0.1,0.0907,3
"opposite",2,0,0.7,0.1,0.099,3
"opposite",2,0,0.8,0.1,0.1067,3
"opposite",2,0,0.9,0.1,0.1154,3
"opposite",2,0,0,0.1,0.0367,4
"opposite",2,0,0.1,0.1,0.0449,4
"opposite",2,0,0.2,0.1,0.0515,4
"opposite",2,0,0.3,0.1,0.0606,4
"opposite",2,0,0.4,0.1,0.0687,4
"opposite",2,0,0.5,0.1,0.0773,4
"opposite",2,0,0.6,0.1,0.087,4
"opposite",2,0,0.7,0.1,0.0962,4
"opposite",2,0,0.8,0.1,0.1062,4
"opposite",2,0,0.9,0.1,0.1141,4
"opposite",2,0,0,0.1,0.0348,5
"opposite",2,0,0.1,0.1,0.0427,5
"opposite",2,0,0.2,0.1,0.053,5
"opposite",2,0,0.3,0.1,0.0617,5
"opposite",2,0,0.4,0.1,0.0688,5
"opposite",2,0,0.5,0.1,0.0783,5
"opposite",2,0,0.6,0.1,0.0871,5
"opposite",2,0,0.7,0.1,0.0962,5
"opposite",2,0,0.8,0.1,0.1056,5
"opposite",2,0,0.9,0.1,0.1144,5
"opposite",2,0,0,0.1,0.0372,6
"opposite",2,0,0.1,0.1,0.0463,6
"opposite",2,0,0.2,0.1,0.0528,6
"opposite",2,0,0.3,0.1,0.0605,6
"opposite",2,0,0.4,0.1,0.0685,6
"opposite",2,0,0.5,0.1,0.0772,6
"opposite",2,0,0.6,0.1,0.0856,6
"opposite",2,0,0.7,0.1,0.095,6
"opposite",2,0,0.8,0.1,0.105,6
"opposite",2,0,0.9,0.1,0.1142,6
"opposite",2,0,0,0.1,0.0361,7
"opposite",2,0,0.1,0.1,0.044,7
"opposite",2,0,0.2,0.1,0.0518,7
"opposite",2,0,0.3,0.1,0.061,7
"opposite",2,0,0.4,0.1,0.0687,7
"opposite",2,0,0.5,0.1,0.0796,7
"opposite",2,0,0.6,0.1,0.0861,7
"opposite",2,0,0.7,0.1,0.0952,7
"opposite",2,0,0.8,0.1,0.1043,7
"opposite",2,0,0.9,0.1,0.115,7
"opposite",2,0,0,0.1,0.0373,8
"opposite",2,0,0.1,0.1,0.0456,8
"opposite",2,0,0.2,0.1,0.0534,8
"opposite",2,0,0.3,0.1,0.0617,8
"opposite",2,0,0.4,0.1,0.0711,8
"opposite",2,0,0.5,0.1,0.0802,8
"opposite",2,0,0.6,0.1,0.0901,8
"opposite",2,0,0.7,0.1,0.0983,8
"opposite",2,0,0.8,0.1,0.1066,8
"opposite",2,0,0.9,0.1,0.1152,8
"opposite",2,0,0,0.1,0.0336,9
"opposite",2,0,0.1,0.1,0.0439,9
"opposite",2,0,0.2,0.1,0.0529,9
"opposite",2,0,0.3,0.1,0.0631,9
"opposite",2,0,0.4,0.1,0.0718,9
"opposite",2,0,0.5,0.1,0.0808,9
"opposite",2,0,0.6,0.1,0.0889,9
"opposite",2,0,0.7,0.1,0.0977,9
"opposite",2,0,0.8,0.1,0.1057,9
"opposite",2,0,0.9,0.1,0.1143,9
"opposite",2,0,0,0.1,0.0353,10
"opposite",2,0,0.1,0.1,0.0421,10
"opposite",2,0,0.2,0.1,0.0507,10
"opposite",2,0,0.3,0.1,0.0592,10
"opposite",2,0,0.4,0.1,0.0691,10
"opposite",2,0,0.5,0.1,0.0774,10
"opposite",2,0,0.6,0.1,0.0862,10
"opposite",2,0,0.7,0.1,0.0958,10
"opposite",2,0,0.8,0.1,0.1059,10
"opposite",2,0,0.9,0.1,0.1144,10
"opposite",2,0,0,0.1,0.0359,11
"opposite",2,0,0.1,0.1,0.0428,11
"opposite",2,0,0.2,0.1,0.0518,11
"opposite",2,0,0.3,0.1,0.0595,11
"opposite",2,0,0.4,0.1,0.0705,11
"opposite",2,0,0.5,0.1,0.0795,11
"opposite",2,0,0.6,0.1,0.0876,11
"opposite",2,0,0.7,0.1,0.0955,11
"opposite",2,0,0.8,0.1,0.1052,11
"opposite",2,0,0.9,0.1,0.1151,11
"opposite",2,0,0,0.1,0.0339,12
"opposite",2,0,0.1,0.1,0.044,12
"opposite",2,0,0.2,0.1,0.052,12
"opposite",2,0,0.3,0.1,0.0617,12
"opposite",2,0,0.4,0.1,0.0714,12
"opposite",2,0,0.5,0.1,0.08,12
"opposite",2,0,0.6,0.1,0.0881,12
"opposite",2,0,0.7,0.1,0.0965,12
"opposite",2,0,0.8,0.1,0.1062,12
"opposite",2,0,0.9,0.1,0.115,12
"opposite",2,0,0,0.1,0.0372,13
"opposite",2,0,0.1,0.1,0.0453,13
"opposite",2,0,0.2,0.1,0.0545,13
"opposite",2,0,0.3,0.1,0.0636,13
"opposite",2,0,0.4,0.1,0.071,13
"opposite",2,0,0.5,0.1,0.0797,13
"opposite",2,0,0.6,0.1,0.09,13
"opposite",2,0,0.7,0.1,0.0968,13
"opposite",2,0,0.8,0.1,0.1063,13
"opposite",2,0,0.9,0.1,0.1145,13
"opposite",2,0,0,0.1,0.033,14
"opposite",2,0,0.1,0.1,0.0417,14
"opposite",2,0,0.2,0.1,0.0501,14
"opposite",2,0,0.3,0.1,0.0599,14
"opposite",2,0,0.4,0.1,0.0697,14
"opposite",2,0,0.5,0.1,0.0792,14
"opposite",2,0,0.6,0.1,0.0883,14
"opposite",2,0,0.7,0.1,0.0965,14
"opposite",2,0,0.8,0.1,0.1061,14
"opposite",2,0,0.9,0.1,0.1152,14
"opposite",2,0,0,0.1,0.0316,15
"opposite",2,0,0.1,0.1,0.0405,15
"opposite",2,0,0.2,0.1,0.0509,15
"opposite",2,0,0.3,0.1,0.0586,15
"opposite",2,0,0.4,0.1,0.0674,15
"opposite",2,0,0.5,0.1,0.0771,15
"opposite",2,0,0.6,0.1,0.0866,15
"opposite",2,0,0.7,0.1,0.0951,15
"opposite",2,0,0.8,0.1,0.1048,15
"opposite",2,0,0.9,0.1,0.1145,15
"opposite",2,0,0,0.1,0.0351,16
"opposite",2,0,0.1,0.1,0.0449,16
"opposite",2,0,0.2,0.1,0.0532,16
"opposite",2,0,0.3,0.1,0.0623,16
"opposite",2,0,0.4,0.1,0.0703,16
"opposite",2,0,0.5,0.1,0.0805,16
"opposite",2,0,0.6,0.1,0.0889,16
"opposite",2,0,0.7,0.1,0.097,16
"opposite",2,0,0.8,0.1,0.1061,16
"opposite",2,0,0.9,0.1,0.115,16
"opposite",2,0,0,0.1,0.0342,17
"opposite",2,0,0.1,0.1,0.0436,17
"opposite",2,0,0.2,0.1,0.0527,17
"opposite",2,0,0.3,0.1,0.0622,17
"opposite",2,0,0.4,0.1,0.07,17
"opposite",2,0,0.5,0.1,0.0791,17
"opposite",2,0,0.6,0.1,0.0863,17
"opposite",2,0,0.7,0.1,0.0948,17
"opposite",2,0,0.8,0.1,0.1046,17
"opposite",2,0,0.9,0.1,0.1153,17
"opposite",2,0,0,0.1,0.0347,18
"opposite",2,0,0.1,0.1,0.0444,18
"opposite",2,0,0.2,0.1,0.0545,18
"opposite",2,0,0.3,0.1,0.0613,18
"opposite",2,0,0.4,0.1,0.0701,18
"opposite",2,0,0.5,0.1,0.0783,18
"opposite",2,0,0.6,0.1,0.0876,18
"opposite",2,0,0.7,0.1,0.0969,18
"opposite",2,0,0.8,0.1,0.107,18
"opposite",2,0,0.9,0.1,0.1155,18
"opposite",2,0,0,0.1,0.0345,19
"opposite",2,0,0.1,0.1,0.0435,19
"opposite",2,0,0.2,0.1,0.052,19
"opposite",2,0,0.3,0.1,0.0608,19
"opposite",2,0,0.4,0.1,0.0691,19
"opposite",2,0,0.5,0.1,0.0779,19
"opposite",2,0,0.6,0.1,0.0871,19
"opposite",2,0,0.7,0.1,0.0973,19
"opposite",2,0,0.8,0.1,0.1064,19
"opposite",2,0,0.9,0.1,0.1152,19
"opposite",2,0,0,0.1,0.0343,20
"opposite",2,0,0.1,0.1,0.0416,20
"opposite",2,0,0.2,0.1,0.0511,20
"opposite",2,0,0.3,0.1,0.0617,20
"opposite",2,0,0.4,0.1,0.0703,20
"opposite",2,0,0.5,0.1,0.0795,20
"opposite",2,0,0.6,0.1,0.0891,20
"opposite",2,0,0.7,0.1,0.098,20
"opposite",2,0,0.8,0.1,0.1059,20
"opposite",2,0,0.9,0.1,0.1147,20
"individual",2,0,0,0.2,0.0507,1
"individual",2,0,0.1,0.2,0.0588,1
"individual",2,0,0.2,0.2,0.0655,1
"individual",2,0,0.3,0.2,0.0733,1
"individual",2,0,0.4,0.2,0.0812,1
"individual",2,0,0.5,0.2,0.0872,1
"individual",2,0,0.6,0.2,0.0937,1
"individual",2,0,0.7,0.2,0.1011,1
"individual",2,0,0.8,0.2,0.1095,1
"individual",2,0,0.9,0.2,0.1168,1
"individual",2,0,0,0.2,0.0482,2
"individual",2,0,0.1,0.2,0.0559,2
"individual",2,0,0.2,0.2,0.0638,2
"individual",2,0,0.3,0.2,0.0702,2
"individual",2,0,0.4,0.2,0.0782,2
"individual",2,0,0.5,0.2,0.085,2
"individual",2,0,0.6,0.2,0.0927,2
"individual",2,0,0.7,0.2,0.1013,2
"individual",2,0,0.8,0.2,0.1095,2
"individual",2,0,0.9,0.2,0.1162,2
"individual",2,0,0,0.2,0.0519,3
"individual",2,0,0.1,0.2,0.0602,3
"individual",2,0,0.2,0.2,0.0667,3
"individual",2,0,0.3,0.2,0.0738,3
"individual",2,0,0.4,0.2,0.0806,3
"individual",2,0,0.5,0.2,0.089,3
"individual",2,0,0.6,0.2,0.0948,3
"individual",2,0,0.7,0.2,0.1024,3
"individual",2,0,0.8,0.2,0.1086,3
"individual",2,0,0.9,0.2,0.1169,3
"individual",2,0,0,0.2,0.0509,4
"individual",2,0,0.1,0.2,0.0568,4
"individual",2,0,0.2,0.2,0.0637,4
"individual",2,0,0.3,0.2,0.0706,4
"individual",2,0,0.4,0.2,0.0777,4
"individual",2,0,0.5,0.2,0.0867,4
"individual",2,0,0.6,0.2,0.0943,4
"individual",2,0,0.7,0.2,0.1019,4
"individual",2,0,0.8,0.2,0.1089,4
"individual",2,0,0.9,0.2,0.1159,4
"individual",2,0,0,0.2,0.0489,5
"individual",2,0,0.1,0.2,0.0557,5
"individual",2,0,0.2,0.2,0.0641,5
"individual",2,0,0.3,0.2,0.0698,5
"individual",2,0,0.4,0.2,0.0759,5
"individual",2,0,0.5,0.2,0.0843,5
"individual",2,0,0.6,0.2,0.092,5
"individual",2,0,0.7,0.2,0.0989,5
"individual",2,0,0.8,0.2,0.1075,5
"individual",2,0,0.9,0.2,0.1166,5
"individual",2,0,0,0.2,0.0521,6
"individual",2,0,0.1,0.2,0.0594,6
"individual",2,0,0.2,0.2,0.0659,6
"individual",2,0,0.3,0.2,0.0709,6
"individual",2,0,0.4,0.2,0.0783,6
"individual",2,0,0.5,0.2,0.0859,6
"individual",2,0,0.6,0.2,0.0935,6
"individual",2,0,0.7,0.2,0.1008,6
"individual",2,0,0.8,0.2,0.1092,6
"individual",2,0,0.9,0.2,0.1168,6
"individual",2,0,0,0.2,0.0496,7
"individual",2,0,0.1,0.2,0.0569,7
"individual",2,0,0.2,0.2,0.0634,7
"individual",2,0,0.3,0.2,0.0707,7
"individual",2,0,0.4,0.2,0.077,7
"individual",2,0,0.5,0.2,0.0861,7
"individual",2,0,0.6,0.2,0.0915,7
"individual",2,0,0.7,0.2,0.0986,7
"individual",2,0,0.8,0.2,0.1068,7
"individual",2,0,0.9,0.2,0.1158,7
"individual",2,0,0,0.2,0.0536,8
"individual",2,0,0.1,0.2,0.0596,8
"individual",2,0,0.2,0.2,0.0667,8
"individual",2,0,0.3,0.2,0.0731,8
"individual",2,0,0.4,0.2,0.0813,8
"individual",2,0,0.5,0.2,0.0891,8
"individual",2,0,0.6,0.2,0.0962,8
"individual",2,0,0.7,0.2,0.1033,8
"individual",2,0,0.8,0.2,0.1102,8
"individual",2,0,0.9,0.2,0.1157,8
"individual",2,0,0,0.2,0.0513,9
"individual",2,0,0.1,0.2,0.0596,9
"individual",2,0,0.2,0.2,0.0662,9
"individual",2,0,0.3,0.2,0.0731,9
"individual",2,0,0.4,0.2,0.0806,9
"individual",2,0,0.5,0.2,0.0884,9
"individual",2,0,0.6,0.2,0.0955,9
"individual",2,0,0.7,0.2,0.1022,9
"individual",2,0,0.8,0.2,0.1088,9
"individual",2,0,0.9,0.2,0.1155,9
"individual",2,0,0,0.2,0.0496,10
"individual",2,0,0.1,0.2,0.0558,10
"individual",2,0,0.2,0.2,0.0637,10
"individual",2,0,0.3,0.2,0.07,10
"individual",2,0,0.4,0.2,0.0777,10
"individual",2,0,0.5,0.2,0.0858,10
"individual",2,0,0.6,0.2,0.0936,10
"individual",2,0,0.7,0.2,0.1014,10
"individual",2,0,0.8,0.2,0.1085,10
"individual",2,0,0.9,0.2,0.1151,10
"individual",2,0,0,0.2,0.0507,11
"individual",2,0,0.1,0.2,0.0564,11
"individual",2,0,0.2,0.2,0.0644,11
"individual",2,0,0.3,0.2,0.0712,11
"individual",2,0,0.4,0.2,0.0804,11
"individual",2,0,0.5,0.2,0.0875,11
"individual",2,0,0.6,0.2,0.0952,11
"individual",2,0,0.7,0.2,0.1022,11
"individual",2,0,0.8,0.2,0.1101,11
"individual",2,0,0.9,0.2,0.1169,11
"individual",2,0,0,0.2,0.0472,12
"individual",2,0,0.1,0.2,0.0562,12
"individual",2,0,0.2,0.2,0.0634,12
"individual",2,0,0.3,0.2,0.0707,12
"individual",2,0,0.4,0.2,0.0787,12
"individual",2,0,0.5,0.2,0.0865,12
"individual",2,0,0.6,0.2,0.093,12
"individual",2,0,0.7,0.2,0.1006,12
"individual",2,0,0.8,0.2,0.1092,12
"individual",2,0,0.9,0.2,0.1166,12
"individual",2,0,0,0.2,0.0503,13
"individual",2,0,0.1,0.2,0.0569,13
"individual",2,0,0.2,0.2,0.0641,13
"individual",2,0,0.3,0.2,0.0711,13
"individual",2,0,0.4,0.2,0.0782,13
"individual",2,0,0.5,0.2,0.0852,13
"individual",2,0,0.6,0.2,0.0936,13
"individual",2,0,0.7,0.2,0.0998,13
"individual",2,0,0.8,0.2,0.1081,13
"individual",2,0,0.9,0.2,0.1159,13
"individual",2,0,0,0.2,0.0505,14
"individual",2,0,0.1,0.2,0.0577,14
"individual",2,0,0.2,0.2,0.0642,14
"individual",2,0,0.3,0.2,0.0711,14
"individual",2,0,0.4,0.2,0.079,14
"individual",2,0,0.5,0.2,0.0861,14
"individual",2,0,0.6,0.2,0.0925,14
"individual",2,0,0.7,0.2,0.1009,14
"individual",2,0,0.8,0.2,0.109,14
"individual",2,0,0.9,0.2,0.1163,14
"individual",2,0,0,0.2,0.0484,15
"individual",2,0,0.1,0.2,0.0553,15
"individual",2,0,0.2,0.2,0.0627,15
"individual",2,0,0.3,0.2,0.0708,15
"individual",2,0,0.4,0.2,0.0763,15
"individual",2,0,0.5,0.2,0.0841,15
"individual",2,0,0.6,0.2,0.0918,15
"individual",2,0,0.7,0.2,0.0993,15
"individual",2,0,0.8,0.2,0.1072,15
"individual",2,0,0.9,0.2,0.1153,15
"individual",2,0,0,0.2,0.0516,16
"individual",2,0,0.1,0.2,0.0597,16
"individual",2,0,0.2,0.2,0.0668,16
"individual",2,0,0.3,0.2,0.0745,16
"individual",2,0,0.4,0.2,0.0817,16
"individual",2,0,0.5,0.2,0.09,16
"individual",2,0,0.6,0.2,0.0963,16
"individual",2,0,0.7,0.2,0.1033,16
"individual",2,0,0.8,0.2,0.1105,16
"individual",2,0,0.9,0.2,0.1175,16
"individual",2,0,0,0.2,0.0488,17
"individual",2,0,0.1,0.2,0.0552,17
"individual",2,0,0.2,0.2,0.0627,17
"individual",2,0,0.3,0.2,0.0705,17
"individual",2,0,0.4,0.2,0.0774,17
"individual",2,0,0.5,0.2,0.0854,17
"individual",2,0,0.6,0.2,0.0919,17
"individual",2,0,0.7,0.2,0.1007,17
"individual",2,0,0.8,0.2,0.1095,17
"individual",2,0,0.9,0.2,0.1169,17
"individual",2,0,0,0.2,0.0498,18
"individual",2,0,0.1,0.2,0.0568,18
"individual",2,0,0.2,0.2,0.065,18
"individual",2,0,0.3,0.2,0.0714,18
"individual",2,0,0.4,0.2,0.0789,18
"individual",2,0,0.5,0.2,0.0855,18
"individual",2,0,0.6,0.2,0.0931,18
"individual",2,0,0.7,0.2,0.1009,18
"individual",2,0,0.8,0.2,0.109,18
"individual",2,0,0.9,0.2,0.1173,18
"individual",2,0,0,0.2,0.0511,19
"individual",2,0,0.1,0.2,0.0586,19
"individual",2,0,0.2,0.2,0.0654,19
"individual",2,0,0.3,0.2,0.0713,19
"individual",2,0,0.4,0.2,0.0784,19
"individual",2,0,0.5,0.2,0.0861,19
"individual",2,0,0.6,0.2,0.0932,19
"individual",2,0,0.7,0.2,0.1016,19
"individual",2,0,0.8,0.2,0.1087,19
"individual",2,0,0.9,0.2,0.1163,19
"individual",2,0,0,0.2,0.0491,20
"individual",2,0,0.1,0.2,0.0549,20
"individual",2,0,0.2,0.2,0.0622,20
"individual",2,0,0.3,0.2,0.0711,20
"individual",2,0,0.4,0.2,0.0794,20
"individual",2,0,0.5,0.2,0.0882,20
"individual",2,0,0.6,0.2,0.0944,20
"individual",2,0,0.7,0.2,0.1015,20
"individual",2,0,0.8,0.2,0.1088,20
"individual",2,0,0.9,0.2,0.1162,20
"opposite",2,0,0,0.2,0.0265,1
"opposite",2,0,0.1,0.2,0.0351,1
"opposite",2,0,0.2,0.2,0.044,1
"opposite",2,0,0.3,0.2,0.0545,1
"opposite",2,0,0.4,0.2,0.0649,1
"opposite",2,0,0.5,0.2,0.0757,1
"opposite",2,0,0.6,0.2,0.0854,1
"opposite",2,0,0.7,0.2,0.0941,1
"opposite",2,0,0.8,0.2,0.1039,1
"opposite",2,0,0.9,0.2,0.1128,1
"opposite",2,0,0,0.2,0.0237,2
"opposite",2,0,0.1,0.2,0.0334,2
"opposite",2,0,0.2,0.2,0.0416,2
"opposite",2,0,0.3,0.2,0.0529,2
"opposite",2,0,0.4,0.2,0.0627,2
"opposite",2,0,0.5,0.2,0.0719,2
"opposite",2,0,0.6,0.2,0.0825,2
"opposite",2,0,0.7,0.2,0.0934,2
"opposite",2,0,0.8,0.2,0.1028,2
"opposite",2,0,0.9,0.2,0.1121,2
"opposite",2,0,0,0.2,0.0257,3
"opposite",2,0,0.1,0.2,0.036,3
"opposite",2,0,0.2,0.2,0.0473,3
"opposite",2,0,0.3,0.2,0.0571,3
"opposite",2,0,0.4,0.2,0.0676,3
"opposite",2,0,0.5,0.2,0.0762,3
"opposite",2,0,0.6,0.2,0.0853,3
"opposite",2,0,0.7,0.2,0.0949,3
"opposite",2,0,0.8,0.2,0.1048,3
"opposite",2,0,0.9,0.2,0.1136,3
"opposite",2,0,0,0.2,0.0244,4
"opposite",2,0,0.1,0.2,0.0335,4
"opposite",2,0,0.2,0.2,0.0437,4
"opposite",2,0,0.3,0.2,0.0536,4
"opposite",2,0,0.4,0.2,0.0636,4
"opposite",2,0,0.5,0.2,0.0724,4
"opposite",2,0,0.6,0.2,0.0831,4
"opposite",2,0,0.7,0.2,0.0911,4
"opposite",2,0,0.8,0.2,0.1021,4
"opposite",2,0,0.9,0.2,0.1132,4
"opposite",2,0,0,0.2,0.0264,5
"opposite",2,0,0.1,0.2,0.0369,5
"opposite",2,0,0.2,0.2,0.0454,5
"opposite",2,0,0.3,0.2,0.0548,5
"opposite",2,0,0.4,0.2,0.0653,5
"opposite",2,0,0.5,0.2,0.0758,5
"opposite",2,0,0.6,0.2,0.0852,5
"opposite",2,0,0.7,0.2,0.095,5
"opposite",2,0,0.8,0.2,0.1037,5
"opposite",2,0,0.9,0.2,0.1145,5
"opposite",2,0,0,0.2,0.0266,6
"opposite",2,0,0.1,0.2,0.0347,6
"opposite",2,0,0.2,0.2,0.0449,6
"opposite",2,0,0.3,0.2,0.0525,6
"opposite",2,0,0.4,0.2,0.0616,6
"opposite",2,0,0.5,0.2,0.0722,6
"opposite",2,0,0.6,0.2,0.0818,6
"opposite",2,0,0.7,0.2,0.0926,6
"opposite",2,0,0.8,0.2,0.1025,6
"opposite",2,0,0.9,0.2,0.113,6
"opposite",2,0,0,0.2,0.0262,7
"opposite",2,0,0.1,0.2,0.0346,7
"opposite",2,0,0.2,0.2,0.0435,7
"opposite",2,0,0.3,0.2,0.0537,7
"opposite",2,0,0.4,0.2,0.0628,7
"opposite",2,0,0.5,0.2,0.0726,7
"opposite",2,0,0.6,0.2,0.0814,7
"opposite",2,0,0.7,0.2,0.0922,7
"opposite",2,0,0.8,0.2,0.1023,7
"opposite",2,0,0.9,0.2,0.1127,7
"opposite",2,0,0,0.2,0.0268,8
"opposite",2,0,0.1,0.2,0.0354,8
"opposite",2,0,0.2,0.2,0.0448,8
"opposite",2,0,0.3,0.2,0.0553,8
"opposite",2,0,0.4,0.2,0.0648,8
"opposite",2,0,0.5,0.2,0.0751,8
"opposite",2,0,0.6,0.2,0.0853,8
"opposite",2,0,0.7,0.2,0.0952,8
"opposite",2,0,0.8,0.2,0.1042,8
"opposite",2,0,0.9,0.2,0.1136,8
"opposite",2,0,0,0.2,0.0257,9
"opposite",2,0,0.1,0.2,0.0361,9
"opposite",2,0,0.2,0.2,0.0454,9
"opposite",2,0,0.3,0.2,0.0545,9
"opposite",2,0,0.4,0.2,0.0643,9
"opposite",2,0,0.5,0.2,0.0742,9
"opposite",2,0,0.6,0.2,0.0845,9
"opposite",2,0,0.7,0.2,0.0941,9
"opposite",2,0,0.8,0.2,0.1036,9
"opposite",2,0,0.9,0.2,0.1141,9
"opposite",2,0,0,0.2,0.0251,10
"opposite",2,0,0.1,0.2,0.0344,10
"opposite",2,0,0.2,0.2,0.044,10
"opposite",2,0,0.3,0.2,0.0548,10
"opposite",2,0,0.4,0.2,0.064,10
"opposite",2,0,0.5,0.2,0.0729,10
"opposite",2,0,0.6,0.2,0.0837,10
"opposite",2,0,0.7,0.2,0.0938,10
"opposite",2,0,0.8,0.2,0.1039,10
"opposite",2,0,0.9,0.2,0.1135,10
"opposite",2,0,0,0.2,0.0277,11
"opposite",2,0,0.1,0.2,0.0387,11
"opposite",2,0,0.2,0.2,0.0478,11
"opposite",2,0,0.3,0.2,0.0577,11
"opposite",2,0,0.4,0.2,0.0674,11
"opposite",2,0,0.5,0.2,0.0763,11
"opposite",2,0,0.6,0.2,0.0861,11
"opposite",2,0,0.7,0.2,0.0971,11
"opposite",2,0,0.8,0.2,0.1047,11
"opposite",2,0,0.9,0.2,0.1135,11
"opposite",2,0,0,0.2,0.0253,12
"opposite",2,0,0.1,0.2,0.0352,12
"opposite",2,0,0.2,0.2,0.0453,12
"opposite",2,0,0.3,0.2,0.0545,12
"opposite",2,0,0.4,0.2,0.0642,12
"opposite",2,0,0.5,0.2,0.0742,12
"opposite",2,0,0.6,0.2,0.0845,12
"opposite",2,0,0.7,0.2,0.0968,12
"opposite",2,0,0.8,0.2,0.1042,12
"opposite",2,0,0.9,0.2,0.114,12
"opposite",2,0,0,0.2,0.0279,13
"opposite",2,0,0.1,0.2,0.038,13
"opposite",2,0,0.2,0.2,0.049,13
"opposite",2,0,0.3,0.2,0.0586,13
"opposite",2,0,0.4,0.2,0.0685,13
"opposite",2,0,0.5,0.2,0.0786,13
"opposite",2,0,0.6,0.2,0.088,13
"opposite",2,0,0.7,0.2,0.0954,13
"opposite",2,0,0.8,0.2,0.1039,13
"opposite",2,0,0.9,0.2,0.1128,13
"opposite",2,0,0,0.2,0.0249,14
"opposite",2,0,0.1,0.2,0.0351,14
"opposite",2,0,0.2,0.2,0.0461,14
"opposite",2,0,0.3,0.2,0.0548,14
"opposite",2,0,0.4,0.2,0.0649,14
"opposite",2,0,0.5,0.2,0.0748,14
"opposite",2,0,0.6,0.2,0.0845,14
"opposite",2,0,0.7,0.2,0.0928,14
"opposite",2,0,0.8,0.2,0.1036,14
"opposite",2,0,0.9,0.2,0.1135,14
"opposite",2,0,0,0.2,0.023,15
"opposite",2,0,0.1,0.2,0.0344,15
"opposite",2,0,0.2,0.2,0.044,15
"opposite",2,0,0.3,0.2,0.0541,15
"opposite",2,0,0.4,0.2,0.0644,15
"opposite",2,0,0.5,0.2,0.0748,15
"opposite",2,0,0.6,0.2,0.084,15
"opposite",2,0,0.7,0.2,0.0942,15
"opposite",2,0,0.8,0.2,0.1032,15
"opposite",2,0,0.9,0.2,0.1131,15
"opposite",2,0,0,0.2,0.0245,16
"opposite",2,0,0.1,0.2,0.0341,16
"opposite",2,0,0.2,0.2,0.0431,16
"opposite",2,0,0.3,0.2,0.0546,16
"opposite",2,0,0.4,0.2,0.0641,16
"opposite",2,0,0.5,0.2,0.0734,16
"opposite",2,0,0.6,0.2,0.0836,16
"opposite",2,0,0.7,0.2,0.0939,16
"opposite",2,0,0.8,0.2,0.1035,16
"opposite",2,0,0.9,0.2,0.1141,16
"opposite",2,0,0,0.2,0.0261,17
"opposite",2,0,0.1,0.2,0.0364,17
"opposite",2,0,0.2,0.2,0.0452,17
"opposite",2,0,0.3,0.2,0.0561,17
"opposite",2,0,0.4,0.2,0.065,17
"opposite",2,0,0.5,0.2,0.0752,17
"opposite",2,0,0.6,0.2,0.0855,17
"opposite",2,0,0.7,0.2,0.0949,17
"opposite",2,0,0.8,0.2,0.1041,17
"opposite",2,0,0.9,0.2,0.1136,17
"opposite",2,0,0,0.2,0.0265,18
"opposite",2,0,0.1,0.2,0.0381,18
"opposite",2,0,0.2,0.2,0.0488,18
"opposite",2,0,0.3,0.2,0.0568,18
"opposite",2,0,0.4,0.2,0.0667,18
"opposite",2,0,0.5,0.2,0.0764,18
"opposite",2,0,0.6,0.2,0.0847,18
"opposite",2,0,0.7,0.2,0.0949,18
"opposite",2,0,0.8,0.2,0.1047,18
"opposite",2,0,0.9,0.2,0.1143,18
"opposite",2,0,0,0.2,0.0247,19
"opposite",2,0,0.1,0.2,0.0353,19
"opposite",2,0,0.2,0.2,0.0432,19
"opposite",2,0,0.3,0.2,0.0534,19
"opposite",2,0,0.4,0.2,0.0628,19
"opposite",2,0,0.5,0.2,0.0743,19
"opposite",2,0,0.6,0.2,0.0831,19
"opposite",2,0,0.7,0.2,0.0935,19
"opposite",2,0,0.8,0.2,0.1038,19
"opposite",2,0,0.9,0.2,0.1135,19
"opposite",2,0,0,0.2,0.0247,20
"opposite",2,0,0.1,0.2,0.0334,20
"opposite",2,0,0.2,0.2,0.0448,20
"opposite",2,0,0.3,0.2,0.0554,20
"opposite",2,0,0.4,0.2,0.065,20
"opposite",2,0,0.5,0.2,0.0741,20
"opposite",2,0,0.6,0.2,0.0823,20
"opposite",2,0,0.7,0.2,0.0935,20
"opposite",2,0,0.8,0.2,0.103,20
"opposite",2,0,0.9,0.2,0.1132,20
"individual",2,0,0,0.5,0.0499,1
"individual",2,0,0.1,0.5,0.058,1
"individual",2,0,0.2,0.5,0.0637,1
"individual",2,0,0.3,0.5,0.0736,1
"individual",2,0,0.4,0.5,0.0813,1
"individual",2,0,0.5,0.5,0.0887,1
"individual",2,0,0.6,0.5,0.0954,1
"individual",2,0,0.7,0.5,0.102,1
"individual",2,0,0.8,0.5,0.1089,1
"individual",2,0,0.9,0.5,0.1156,1
"individual",2,0,0,0.5,0.0468,2
"individual",2,0,0.1,0.5,0.0541,2
"individual",2,0,0.2,0.5,0.062,2
"individual",2,0,0.3,0.5,0.0683,2
"individual",2,0,0.4,0.5,0.0757,2
"individual",2,0,0.5,0.5,0.0824,2
"individual",2,0,0.6,0.5,0.0916,2
"individual",2,0,0.7,0.5,0.0991,2
"individual",2,0,0.8,0.5,0.107,2
"individual",2,0,0.9,0.5,0.1158,2
"individual",2,0,0,0.5,0.0473,3
"individual",2,0,0.1,0.5,0.0538,3
"individual",2,0,0.2,0.5,0.0614,3
"individual",2,0,0.3,0.5,0.0698,3
"individual",2,0,0.4,0.5,0.0775,3
"individual",2,0,0.5,0.5,0.0841,3
"individual",2,0,0.6,0.5,0.092,3
"individual",2,0,0.7,0.5,0.0993,3
"individual",2,0,0.8,0.5,0.107,3
"individual",2,0,0.9,0.5,0.1158,3
"individual",2,0,0,0.5,0.0484,4
"individual",2,0,0.1,0.5,0.0577,4
"individual",2,0,0.2,0.5,0.0658,4
"individual",2,0,0.3,0.5,0.0739,4
"individual",2,0,0.4,0.5,0.082,4
"individual",2,0,0.5,0.5,0.0882,4
"individual",2,0,0.6,0.5,0.0958,4
"individual",2,0,0.7,0.5,0.103,4
"individual",2,0,0.8,0.5,0.1103,4
"individual",2,0,0.9,0.5,0.116,4
"individual",2,0,0,0.5,0.0473,5
"individual",2,0,0.1,0.5,0.0553,5
"individual",2,0,0.2,0.5,0.0623,5
"individual",2,0,0.3,0.5,0.0684,5
"individual",2,0,0.4,0.5,0.0761,5
"individual",2,0,0.5,0.5,0.0822,5
"individual",2,0,0.6,0.5,0.0922,5
"individual",2,0,0.7,0.5,0.0999,5
"individual",2,0,0.8,0.5,0.1075,5
"individual",2,0,0.9,0.5,0.1166,5
"individual",2,0,0,0.5,0.0518,6
"individual",2,0,0.1,0.5,0.0579,6
"individual",2,0,0.2,0.5,0.065,6
"individual",2,0,0.3,0.5,0.0721,6
"individual",2,0,0.4,0.5,0.0789,6
"individual",2,0,0.5,0.5,0.0853,6
"individual",2,0,0.6,0.5,0.0941,6
"individual",2,0,0.7,0.5,0.1017,6
"individual",2,0,0.8,0.5,0.109,6
"individual",2,0,0.9,0.5,0.1162,6
"individual",2,0,0,0.5,0.0502,7
"individual",2,0,0.1,0.5,0.0562,7
"individual",2,0,0.2,0.5,0.0629,7
"individual",2,0,0.3,0.5,0.0696,7
"individual",2,0,0.4,0.5,0.0767,7
"individual",2,0,0.5,0.5,0.084,7
"individual",2,0,0.6,0.5,0.0906,7
"individual",2,0,0.7,0.5,0.0997,7
"individual",2,0,0.8,0.5,0.1073,7
"individual",2,0,0.9,0.5,0.1153,7
"individual",2,0,0,0.5,0.0513,8
"individual",2,0,0.1,0.5,0.0588,8
"individual",2,0,0.2,0.5,0.0649,8
"individual",2,0,0.3,0.5,0.0733,8
"individual",2,0,0.4,0.5,0.0797,8
"individual",2,0,0.5,0.5,0.0863,8
"individual",2,0,0.6,0.5,0.0946,8
"individual",2,0,0.7,0.5,0.1022,8
"individual",2,0,0.8,0.5,0.1095,8
"individual",2,0,0.9,0.5,0.1165,8
"individual",2,0,0,0.5,0.0497,9
"individual",2,0,0.1,0.5,0.0566,9
"individual",2,0,0.2,0.5,0.0638,9
"individual",2,0,0.3,0.5,0.0718,9
"individual",2,0,0.4,0.5,0.0797,9
"individual",2,0,0.5,0.5,0.0872,9
"individual",2,0,0.6,0.5,0.0925,9
"individual",2,0,0.7,0.5,0.1002,9
"individual",2,0,0.8,0.5,0.109,9
"individual",2,0,0.9,0.5,0.117,9
"individual",2,0,0,0.5,0.0499,10
"individual",2,0,0.1,0.5,0.0568,10
"individual",2,0,0.2,0.5,0.0656,10
"individual",2,0,0.3,0.5,0.0734,10
"individual",2,0,0.4,0.5,0.0805,10
"individual",2,0,0.5,0.5,0.088,10
"individual",2,0,0.6,0.5,0.0941,10
"individual",2,0,0.7,0.5,0.0996,10
"individual",2,0,0.8,0.5,0.1077,10
"individual",2,0,0.9,0.5,0.1152,10
"individual",2,0,0,0.5,0.0509,11
"individual",2,0,0.1,0.5,0.0591,11
"individual",2,0,0.2,0.5,0.0657,11
"individual",2,0,0.3,0.5,0.073,11
"individual",2,0,0.4,0.5,0.0811,11
"individual",2,0,0.5,0.5,0.0879,11
"individual",2,0,0.6,0.5,0.0944,11
"individual",2,0,0.7,0.5,0.1008,11
"individual",2,0,0.8,0.5,0.1097,11
"individual",2,0,0.9,0.5,0.1164,11
"individual",2,0,0,0.5,0.0478,12
"individual",2,0,0.1,0.5,0.0546,12
"individual",2,0,0.2,0.5,0.0622,12
"individual",2,0,0.3,0.5,0.0706,12
"individual",2,0,0.4,0.5,0.0783,12
"individual",2,0,0.5,0.5,0.0858,12
"individual",2,0,0.6,0.5,0.094,12
"individual",2,0,0.7,0.5,0.1024,12
"individual",2,0,0.8,0.5,0.1094,12
"individual",2,0,0.9,0.5,0.1161,12
"individual",2,0,0,0.5,0.0519,13
"individual",2,0,0.1,0.5,0.0594,13
"individual",2,0,0.2,0.5,0.0665,13
"individual",2,0,0.3,0.5,0.073,13
"individual",2,0,0.4,0.5,0.0803,13
"individual",2,0,0.5,0.5,0.0894,13
"individual",2,0,0.6,0.5,0.0968,13
"individual",2,0,0.7,0.5,0.1037,13
"individual",2,0,0.8,0.5,0.1105,13
"individual",2,0,0.9,0.5,0.1168,13
"individual",2,0,0,0.5,0.0479,14
"individual",2,0,0.1,0.5,0.0567,14
"individual",2,0,0.2,0.5,0.064,14
"individual",2,0,0.3,0.5,0.071,14
"individual",2,0,0.4,0.5,0.0785,14
"individual",2,0,0.5,0.5,0.0856,14
"individual",2,0,0.6,0.5,0.0925,14
"individual",2,0,0.7,0.5,0.1001,14
"individual",2,0,0.8,0.5,0.1076,14
"individual",2,0,0.9,0.5,0.1164,14
"individual",2,0,0,0.5,0.0484,15
"individual",2,0,0.1,0.5,0.0572,15
"individual",2,0,0.2,0.5,0.0644,15
"individual",2,0,0.3,0.5,0.0722,15
"individual",2,0,0.4,0.5,0.0793,15
"individual",2,0,0.5,0.5,0.0861,15
"individual",2,0,0.6,0.5,0.0934,15
"individual",2,0,0.7,0.5,0.1011,15
"individual",2,0,0.8,0.5,0.108,15
"individual",2,0,0.9,0.5,0.1166,15
"individual",2,0,0,0.5,0.0494,16
"individual",2,0,0.1,0.5,0.057,16
"individual",2,0,0.2,0.5,0.0641,16
"individual",2,0,0.3,0.5,0.0709,16
"individual",2,0,0.4,0.5,0.0777,16
"individual",2,0,0.5,0.5,0.0852,16
"individual",2,0,0.6,0.5,0.0939,16
"individual",2,0,0.7,0.5,0.1012,16
"individual",2,0,0.8,0.5,0.108,16
"individual",2,0,0.9,0.5,0.1158,16
"individual",2,0,0,0.5,0.0505,17
"individual",2,0,0.1,0.5,0.0583,17
"individual",2,0,0.2,0.5,0.0641,17
"individual",2,0,0.3,0.5,0.0705,17
"individual",2,0,0.4,0.5,0.0771,17
"individual",2,0,0.5,0.5,0.0855,17
"individual",2,0,0.6,0.5,0.0919,17
"individual",2,0,0.7,0.5,0.0996,17
"individual",2,0,0.8,0.5,0.109,17
"individual",2,0,0.9,0.5,0.1166,17
"individual",2,0,0,0.5,0.0502,18
"individual",2,0,0.1,0.5,0.0564,18
"individual",2,0,0.2,0.5,0.0649,18
"individual",2,0,0.3,0.5,0.0715,18
"individual",2,0,0.4,0.5,0.0789,18
"individual",2,0,0.5,0.5,0.0858,18
"individual",2,0,0.6,0.5,0.0932,18
"individual",2,0,0.7,0.5,0.1,18
"individual",2,0,0.8,0.5,0.1066,18
"individual",2,0,0.9,0.5,0.1153,18
"individual",2,0,0,0.5,0.0523,19
"individual",2,0,0.1,0.5,0.0601,19
"individual",2,0,0.2,0.5,0.0655,19
"individual",2,0,0.3,0.5,0.0736,19
"individual",2,0,0.4,0.5,0.0798,19
"individual",2,0,0.5,0.5,0.0862,19
"individual",2,0,0.6,0.5,0.0935,19
"individual",2,0,0.7,0.5,0.1003,19
"individual",2,0,0.8,0.5,0.1077,19
"individual",2,0,0.9,0.5,0.1154,19
"individual",2,0,0,0.5,0.0489,20
"individual",2,0,0.1,0.5,0.0557,20
"individual",2,0,0.2,0.5,0.0646,20
"individual",2,0,0.3,0.5,0.0723,20
"individual",2,0,0.4,0.5,0.079,20
"individual",2,0,0.5,0.5,0.0848,20
"individual",2,0,0.6,0.5,0.0926,20
"individual",2,0,0.7,0.5,0.0994,20
"individual",2,0,0.8,0.5,0.107,20
"individual",2,0,0.9,0.5,0.1153,20
"opposite",2,0,0,0.5,0.0207,1
"opposite",2,0,0.1,0.5,0.0312,1
"opposite",2,0,0.2,0.5,0.0401,1
"opposite",2,0,0.3,0.5,0.0502,1
"opposite",2,0,0.4,0.5,0.059,1
"opposite",2,0,0.5,0.5,0.0697,1
"opposite",2,0,0.6,0.5,0.0822,1
"opposite",2,0,0.7,0.5,0.0928,1
"opposite",2,0,0.8,0.5,0.1025,1
"opposite",2,0,0.9,0.5,0.1132,1
"opposite",2,0,0,0.5,0.0203,2
"opposite",2,0,0.1,0.5,0.0304,2
"opposite",2,0,0.2,0.5,0.0411,2
"opposite",2,0,0.3,0.5,0.0522,2
"opposite",2,0,0.4,0.5,0.0629,2
"opposite",2,0,0.5,0.5,0.0742,2
"opposite",2,0,0.6,0.5,0.0841,2
"opposite",2,0,0.7,0.5,0.0955,2
"opposite",2,0,0.8,0.5,0.1045,2
"opposite",2,0,0.9,0.5,0.1144,2
"opposite",2,0,0,0.5,0.0195,3
"opposite",2,0,0.1,0.5,0.0297,3
"opposite",2,0,0.2,0.5,0.0389,3
"opposite",2,0,0.3,0.5,0.0498,3
"opposite",2,0,0.4,0.5,0.0606,3
"opposite",2,0,0.5,0.5,0.0714,3
"opposite",2,0,0.6,0.5,0.0822,3
"opposite",2,0,0.7,0.5,0.093,3
"opposite",2,0,0.8,0.5,0.1037,3
"opposite",2,0,0.9,0.5,0.1135,3
"opposite",2,0,0,0.5,0.0195,4
"opposite",2,0,0.1,0.5,0.0302,4
"opposite",2,0,0.2,0.5,0.0409,4
"opposite",2,0,0.3,0.5,0.0514,4
"opposite",2,0,0.4,0.5,0.062,4
"opposite",2,0,0.5,0.5,0.0715,4
"opposite",2,0,0.6,0.5,0.0811,4
"opposite",2,0,0.7,0.5,0.0916,4
"opposite",2,0,0.8,0.5,0.1023,4
"opposite",2,0,0.9,0.5,0.1122,4
"opposite",2,0,0,0.5,0.0195,5
"opposite",2,0,0.1,0.5,0.0313,5
"opposite",2,0,0.2,0.5,0.0406,5
"opposite",2,0,0.3,0.5,0.0497,5
"opposite",2,0,0.4,0.5,0.06,5
"opposite",2,0,0.5,0.5,0.0695,5
"opposite",2,0,0.6,0.5,0.0799,5
"opposite",2,0,0.7,0.5,0.0911,5
"opposite",2,0,0.8,0.5,0.103,5
"opposite",2,0,0.9,0.5,0.1133,5
"opposite",2,0,0,0.5,0.0203,6
"opposite",2,0,0.1,0.5,0.0303,6
"opposite",2,0,0.2,0.5,0.0396,6
"opposite",2,0,0.3,0.5,0.0501,6
"opposite",2,0,0.4,0.5,0.0594,6
"opposite",2,0,0.5,0.5,0.0698,6
"opposite",2,0,0.6,0.5,0.0799,6
"opposite",2,0,0.7,0.5,0.0922,6
"opposite",2,0,0.8,0.5,0.1021,6
"opposite",2,0,0.9,0.5,0.1134,6
"opposite",2,0,0,0.5,0.0196,7
"opposite",2,0,0.1,0.5,0.0296,7
"opposite",2,0,0.2,0.5,0.0407,7
"opposite",2,0,0.3,0.5,0.0507,7
"opposite",2,0,0.4,0.5,0.0612,7
"opposite",2,0,0.5,0.5,0.0702,7
"opposite",2,0,0.6,0.5,0.0819,7
"opposite",2,0,0.7,0.5,0.0923,7
"opposite",2,0,0.8,0.5,0.1024,7
"opposite",2,0,0.9,0.5,0.1128,7
"opposite",2,0,0,0.5,0.0197,8
"opposite",2,0,0.1,0.5,0.0305,8
"opposite",2,0,0.2,0.5,0.0423,8
"opposite",2,0,0.3,0.5,0.0525,8
"opposite",2,0,0.4,0.5,0.0614,8
"opposite",2,0,0.5,0.5,0.0715,8
"opposite",2,0,0.6,0.5,0.0836,8
"opposite",2,0,0.7,0.5,0.0922,8
"opposite",2,0,0.8,0.5,0.1027,8
"opposite",2,0,0.9,0.5,0.1121,8
"opposite",2,0,0,0.5,0.0197,9
"opposite",2,0,0.1,0.5,0.0295,9
"opposite",2,0,0.2,0.5,0.0408,9
"opposite",2,0,0.3,0.5,0.0508,9
"opposite",2,0,0.4,0.5,0.0598,9
"opposite",2,0,0.5,0.5,0.0708,9
"opposite",2,0,0.6,0.5,0.0805,9
"opposite",2,0,0.7,0.5,0.0916,9
"opposite",2,0,0.8,0.5,0.1016,9
"opposite",2,0,0.9,0.5,0.1123,9
"opposite",2,0,0,0.5,0.0196,10
"opposite",2,0,0.1,0.5,0.0284,10
"opposite",2,0,0.2,0.5,0.0389,10
"opposite",2,0,0.3,0.5,0.0486,10
"opposite",2,0,0.4,0.5,0.0609,10
"opposite",2,0,0.5,0.5,0.0702,10
"opposite",2,0,0.6,0.5,0.0824,10
"opposite",2,0,0.7,0.5,0.0933,10
"opposite",2,0,0.8,0.5,0.1037,10
"opposite",2,0,0.9,0.5,0.114,10
"opposite",2,0,0,0.5,0.0201,11
"opposite",2,0,0.1,0.5,0.0301,11
"opposite",2,0,0.2,0.5,0.0409,11
"opposite",2,0,0.3,0.5,0.0523,11
"opposite",2,0,0.4,0.5,0.0632,11
"opposite",2,0,0.5,0.5,0.0729,11
"opposite",2,0,0.6,0.5,0.0823,11
"opposite",2,0,0.7,0.5,0.0932,11
"opposite",2,0,0.8,0.5,0.1012,11
"opposite",2,0,0.9,0.5,0.1123,11
"opposite",2,0,0,0.5,0.0194,12
"opposite",2,0,0.1,0.5,0.0321,12
"opposite",2,0,0.2,0.5,0.0426,12
"opposite",2,0,0.3,0.5,0.0522,12
"opposite",2,0,0.4,0.5,0.0621,12
"opposite",2,0,0.5,0.5,0.072,12
"opposite",2,0,0.6,0.5,0.0838,12
"opposite",2,0,0.7,0.5,0.0947,12
"opposite",2,0,0.8,0.5,0.105,12
"opposite",2,0,0.9,0.5,0.1146,12
"opposite",2,0,0,0.5,0.0194,13
"opposite",2,0,0.1,0.5,0.0288,13
"opposite",2,0,0.2,0.5,0.0385,13
"opposite",2,0,0.3,0.5,0.0501,13
"opposite",2,0,0.4,0.5,0.0596,13
"opposite",2,0,0.5,0.5,0.0709,13
"opposite",2,0,0.6,0.5,0.0816,13
"opposite",2,0,0.7,0.5,0.0923,13
"opposite",2,0,0.8,0.5,0.1027,13
"opposite",2,0,0.9,0.5,0.1133,13
"opposite",2,0,0,0.5,0.0203,14
"opposite",2,0,0.1,0.5,0.0315,14
"opposite",2,0,0.2,0.5,0.042,14
"opposite",2,0,0.3,0.5,0.0521,14
"opposite",2,0,0.4,0.5,0.0634,14
"opposite",2,0,0.5,0.5,0.0732,14
"opposite",2,0,0.6,0.5,0.0822,14
"opposite",2,0,0.7,0.5,0.0926,14
"opposite",2,0,0.8,0.5,0.1021,14
"opposite",2,0,0.9,0.5,0.1124,14
"opposite",2,0,0,0.5,0.019,15
"opposite",2,0,0.1,0.5,0.0298,15
"opposite",2,0,0.2,0.5,0.0407,15
"opposite",2,0,0.3,0.5,0.0518,15
"opposite",2,0,0.4,0.5,0.0613,15
"opposite",2,0,0.5,0.5,0.0719,15
"opposite",2,0,0.6,0.5,0.0834,15
"opposite",2,0,0.7,0.5,0.0931,15
"opposite",2,0,0.8,0.5,0.1032,15
"opposite",2,0,0.9,0.5,0.1135,15
"opposite",2,0,0,0.5,0.02,16
"opposite",2,0,0.1,0.5,0.0315,16
"opposite",2,0,0.2,0.5,0.0404,16
"opposite",2,0,0.3,0.5,0.0505,16
"opposite",2,0,0.4,0.5,0.061,16
"opposite",2,0,0.5,0.5,0.0715,16
"opposite",2,0,0.6,0.5,0.0818,16
"opposite",2,0,0.7,0.5,0.0912,16
"opposite",2,0,0.8,0.5,0.1024,16
"opposite",2,0,0.9,0.5,0.1125,16
"opposite",2,0,0,0.5,0.0195,17
"opposite",2,0,0.1,0.5,0.0313,17
"opposite",2,0,0.2,0.5,0.0418,17
"opposite",2,0,0.3,0.5,0.0529,17
"opposite",2,0,0.4,0.5,0.0617,17
"opposite",2,0,0.5,0.5,0.0725,17
"opposite",2,0,0.6,0.5,0.083,17
"opposite",2,0,0.7,0.5,0.0924,17
"opposite",2,0,0.8,0.5,0.1017,17
"opposite",2,0,0.9,0.5,0.1121,17
"opposite",2,0,0,0.5,0.0208,18
"opposite",2,0,0.1,0.5,0.0306,18
"opposite",2,0,0.2,0.5,0.0416,18
"opposite",2,0,0.3,0.5,0.0499,18
"opposite",2,0,0.4,0.5,0.061,18
"opposite",2,0,0.5,0.5,0.0713,18
"opposite",2,0,0.6,0.5,0.0809,18
"opposite",2,0,0.7,0.5,0.0913,18
"opposite",2,0,0.8,0.5,0.1022,18
"opposite",2,0,0.9,0.5,0.1115,18
"opposite",2,0,0,0.5,0.0196,19
"opposite",2,0,0.1,0.5,0.0305,19
"opposite",2,0,0.2,0.5,0.04,19
"opposite",2,0,0.3,0.5,0.0502,19
"opposite",2,0,0.4,0.5,0.059,19
"opposite",2,0,0.5,0.5,0.0714,19
"opposite",2,0,0.6,0.5,0.0821,19
"opposite",2,0,0.7,0.5,0.0932,19
"opposite",2,0,0.8,0.5,0.1015,19
"opposite",2,0,0.9,0.5,0.113,19
"opposite",2,0,0,0.5,0.0197,20
"opposite",2,0,0.1,0.5,0.0293,20
"opposite",2,0,0.2,0.5,0.0402,20
"opposite",2,0,0.3,0.5,0.0511,20
"opposite",2,0,0.4,0.5,0.0611,20
"opposite",2,0,0.5,0.5,0.0723,20
"opposite",2,0,0.6,0.5,0.0804,20
"opposite",2,0,0.7,0.5,0.0915,20
"opposite",2,0,0.8,0.5,0.1023,20
"opposite",2,0,0.9,0.5,0.1127,20
