"scenario","K","rho","na_rate","signal_prop","na_rm","fpr","rep"
"null",2,0,0,0,FALSE,0.0508,1
"null",2,0,0.1,0,FALSE,0.0629,1
"null",2,0,0.2,0,FALSE,0.0741,1
"null",2,0,0.3,0,FALSE,0.0848,1
"null",2,0,0.4,0,FALSE,0.0973,1
"null",2,0,0.5,0,FALSE,0.1052,1
"null",2,0,0.6,0,FALSE,0.115,1
"null",2,0,0.7,0,FALSE,0.1277,1
"null",2,0,0.8,0,FALSE,0.1361,1
"null",2,0,0.9,0,FALSE,0.1427,1
"null",2,0,0,0,FALSE,0.0497,2
"null",2,0,0.1,0,FALSE,0.0623,2
"null",2,0,0.2,0,FALSE,0.0745,2
"null",2,0,0.3,0,FALSE,0.0848,2
"null",2,0,0.4,0,FALSE,0.0975,2
"null",2,0,0.5,0,FALSE,0.1084,2
"null",2,0,0.6,0,FALSE,0.1187,2
"null",2,0,0.7,0,FALSE,0.1274,2
"null",2,0,0.8,0,FALSE,0.136,2
"null",2,0,0.9,0,FALSE,0.143,2
"null",2,0,0,0,FALSE,0.0489,3
"null",2,0,0.1,0,FALSE,0.0615,3
"null",2,0,0.2,0,FALSE,0.0731,3
"null",2,0,0.3,0,FALSE,0.0849,3
"null",2,0,0.4,0,FALSE,0.0954,3
"null",2,0,0.5,0,FALSE,0.1071,3
"null",2,0,0.6,0,FALSE,0.1182,3
"null",2,0,0.7,0,FALSE,0.1284,3
"null",2,0,0.8,0,FALSE,0.1373,3
"null",2,0,0.9,0,FALSE,0.1433,3
"null",2,0,0,0,FALSE,0.0487,4
"null",2,0,0.1,0,FALSE,0.0608,4
"null",2,0,0.2,0,FALSE,0.0731,4
"null",2,0,0.3,0,FALSE,0.0854,4
"null",2,0,0.4,0,FALSE,0.0956,4
"null",2,0,0.5,0,FALSE,0.1071,4
"null",2,0,0.6,0,FALSE,0.1186,4
"null",2,0,0.7,0,FALSE,0.1272,4
"null",2,0,0.8,0,FALSE,0.1359,4
"null",2,0,0.9,0,FALSE,0.1432,4
"null",2,0,0,0,FALSE,0.0483,5
"null",2,0,0.1,0,FALSE,0.0602,5
"null",2,0,0.2,0,FALSE,0.0716,5
"null",2,0,0.3,0,FALSE,0.0845,5
"null",2,0,0.4,0,FALSE,0.0959,5
"null",2,0,0.5,0,FALSE,0.1069,5
"null",2,0,0.6,0,FALSE,0.118,5
"null",2,0,0.7,0,FALSE,0.1271,5
"null",2,0,0.8,0,FALSE,0.1345,5
"null",2,0,0.9,0,FALSE,0.1437,5
"null",2,0,0,0,FALSE,0.0512,6
"null",2,0,0.1,0,FALSE,0.0607,6
"null",2,0,0.2,0,FALSE,0.0712,6
"null",2,0,0.3,0,FALSE,0.0838,6
"null",2,0,0.4,0,FALSE,0.0951,6
"null",2,0,0.5,0,FALSE,0.107,6
"null",2,0,0.6,0,FALSE,0.1163,6
"null",2,0,0.7,0,FALSE,0.1278,6
"null",2,0,0.8,0,FALSE,0.1356,6
"null",2,0,0.9,0,FALSE,0.1427,6
"null",2,0,0,0,FALSE,0.0507,7
"null",2,0,0.1,0,FALSE,0.0617,7
"null",2,0,0.2,0,FALSE,0.072,7
"null",2,0,0.3,0,FALSE,0.0824,7
"null",2,0,0.4,0,FALSE,0.0935,7
"null",2,0,0.5,0,FALSE,0.1043,7
"null",2,0,0.6,0,FALSE,0.1155,7
"null",2,0,0.7,0,FALSE,0.1264,7
"null",2,0,0.8,0,FALSE,0.1353,7
"null",2,0,0.9,0,FALSE,0.1432,7
"null",2,0,0,0,FALSE,0.0487,8
"null",2,0,0.1,0,FALSE,0.0605,8
"null",2,0,0.2,0,FALSE,0.0696,8
"null",2,0,0.3,0,FALSE,0.0829,8
"null",2,0,0.4,0,FALSE,0.0933,8
"null",2,0,0.5,0,FALSE,0.1063,8
"null",2,0,0.6,0,FALSE,0.1166,8
"null",2,0,0.7,0,FALSE,0.1264,8
"null",2,0,0.8,0,FALSE,0.1364,8
"null",2,0,0.9,0,FALSE,0.1443,8
"null",2,0,0,0,FALSE,0.0487,9
"null",2,0,0.1,0,FALSE,0.0587,9
"null",2,0,0.2,0,FALSE,0.0713,9
"null",2,0,0.3,0,FALSE,0.0819,9
"null",2,0,0.4,0,FALSE,0.0933,9
"null",2,0,0.5,0,FALSE,0.1051,9
"null",2,0,0.6,0,FALSE,0.1182,9
"null",2,0,0.7,0,FALSE,0.1263,9
"null",2,0,0.8,0,FALSE,0.1358,9
"null",2,0,0.9,0,FALSE,0.1423,9
"null",2,0,0,0,FALSE,0.0506,10
"null",2,0,0.1,0,FALSE,0.0628,10
"null",2,0,0.2,0,FALSE,0.0741,10
"null",2,0,0.3,0,FALSE,0.0844,10
"null",2,0,0.4,0,FALSE,0.0937,10
"null",2,0,0.5,0,FALSE,0.1037,10
"null",2,0,0.6,0,FALSE,0.1157,10
"null",2,0,0.7,0,FALSE,0.1255,10
"null",2,0,0.8,0,FALSE,0.1336,10
"null",2,0,0.9,0,FALSE,0.1408,10
"null",2,0,0,0,FALSE,0.049,11
"null",2,0,0.1,0,FALSE,0.06,11
"null",2,0,0.2,0,FALSE,0.0708,11
"null",2,0,0.3,0,FALSE,0.0792,11
"null",2,0,0.4,0,FALSE,0.09,11
"null",2,0,0.5,0,FALSE,0.1023,11
"null",2,0,0.6,0,FALSE,0.1133,11
"null",2,0,0.7,0,FALSE,0.1234,11
"null",2,0,0.8,0,FALSE,0.1323,11
"null",2,0,0.9,0,FALSE,0.1427,11
"null",2,0,0,0,FALSE,0.0462,12
"null",2,0,0.1,0,FALSE,0.0586,12
"null",2,0,0.2,0,FALSE,0.0703,12
"null",2,0,0.3,0,FALSE,0.0819,12
"null",2,0,0.4,0,FALSE,0.0941,12
"null",2,0,0.5,0,FALSE,0.104,12
"null",2,0,0.6,0,FALSE,0.1159,12
"null",2,0,0.7,0,FALSE,0.126,12
"null",2,0,0.8,0,FALSE,0.1353,12
"null",2,0,0.9,0,FALSE,0.1427,12
"null",2,0,0,0,FALSE,0.0506,13
"null",2,0,0.1,0,FALSE,0.063,13
"null",2,0,0.2,0,FALSE,0.0745,13
"null",2,0,0.3,0,FALSE,0.0866,13
"null",2,0,0.4,0,FALSE,0.0974,13
"null",2,0,0.5,0,FALSE,0.1107,13
"null",2,0,0.6,0,FALSE,0.1188,13
"null",2,0,0.7,0,FALSE,0.1279,13
"null",2,0,0.8,0,FALSE,0.1361,13
"null",2,0,0.9,0,FALSE,0.1415,13
"null",2,0,0,0,FALSE,0.0493,14
"null",2,0,0.1,0,FALSE,0.0609,14
"null",2,0,0.2,0,FALSE,0.0711,14
"null",2,0,0.3,0,FALSE,0.0825,14
"null",2,0,0.4,0,FALSE,0.0938,14
"null",2,0,0.5,0,FALSE,0.1068,14
"null",2,0,0.6,0,FALSE,0.1161,14
"null",2,0,0.7,0,FALSE,0.1262,14
"null",2,0,0.8,0,FALSE,0.1374,14
"null",2,0,0.9,0,FALSE,0.1427,14
"null",2,0,0,0,FALSE,0.0507,15
"null",2,0,0.1,0,FALSE,0.062,15
"null",2,0,0.2,0,FALSE,0.0723,15
"null",2,0,0.3,0,FALSE,0.0833,15
"null",2,0,0.4,0,FALSE,0.0946,15
"null",2,0,0.5,0,FALSE,0.1071,15
"null",2,0,0.6,0,FALSE,0.1168,15
"null",2,0,0.7,0,FALSE,0.1267,15
"null",2,0,0.8,0,FALSE,0.1361,15
"null",2,0,0.9,0,FALSE,0.1431,15
"null",2,0,0,0,FALSE,0.0516,16
"null",2,0,0.1,0,FALSE,0.0635,16
"null",2,0,0.2,0,FALSE,0.0751,16
"null",2,0,0.3,0,FALSE,0.0841,16
"null",2,0,0.4,0,FALSE,0.0945,16
"null",2,0,0.5,0,FALSE,0.1074,16
"null",2,0,0.6,0,FALSE,0.117,16
"null",2,0,0.7,0,FALSE,0.1273,16
"null",2,0,0.8,0,FALSE,0.1361,16
"null",2,0,0.9,0,FALSE,0.1434,16
"null",2,0,0,0,FALSE,0.05,17
"null",2,0,0.1,0,FALSE,0.0598,17
"null",2,0,0.2,0,FALSE,0.0704,17
"null",2,0,0.3,0,FALSE,0.0822,17
"null",2,0,0.4,0,FALSE,0.0951,17
"null",2,0,0.5,0,FALSE,0.1067,17
"null",2,0,0.6,0,FALSE,0.1169,17
"null",2,0,0.7,0,FALSE,0.1281,17
"null",2,0,0.8,0,FALSE,0.1376,17
"null",2,0,0.9,0,FALSE,0.143,17
"null",2,0,0,0,FALSE,0.0503,18
"null",2,0,0.1,0,FALSE,0.0607,18
"null",2,0,0.2,0,FALSE,0.0716,18
"null",2,0,0.3,0,FALSE,0.0833,18
"null",2,0,0.4,0,FALSE,0.0973,18
"null",2,0,0.5,0,FALSE,0.1092,18
"null",2,0,0.6,0,FALSE,0.1205,18
"null",2,0,0.7,0,FALSE,0.1302,18
"null",2,0,0.8,0,FALSE,0.138,18
"null",2,0,0.9,0,FALSE,0.1435,18
"null",2,0,0,0,FALSE,0.0507,19
"null",2,0,0.1,0,FALSE,0.0624,19
"null",2,0,0.2,0,FALSE,0.0764,19
"null",2,0,0.3,0,FALSE,0.0888,19
"null",2,0,0.4,0,FALSE,0.1013,19
"null",2,0,0.5,0,FALSE,0.1113,19
"null",2,0,0.6,0,FALSE,0.1204,19
"null",2,0,0.7,0,FALSE,0.1301,19
"null",2,0,0.8,0,FALSE,0.1393,19
"null",2,0,0.9,0,FALSE,0.1425,19
"null",2,0,0,0,FALSE,0.0505,20
"null",2,0,0.1,0,FALSE,0.062,20
"null",2,0,0.2,0,FALSE,0.0712,20
"null",2,0,0.3,0,FALSE,0.0859,20
"null",2,0,0.4,0,FALSE,0.0961,20
"null",2,0,0.5,0,FALSE,0.1065,20
"null",2,0,0.6,0,FALSE,0.1159,20
"null",2,0,0.7,0,FALSE,0.1258,20
"null",2,0,0.8,0,FALSE,0.1373,20
"null",2,0,0.9,0,FALSE,0.1435,20
"individual",2,0,0,0.1,FALSE,0.0499,1
"individual",2,0,0.1,0.1,FALSE,0.0627,1
"individual",2,0,0.2,0.1,FALSE,0.0736,1
"individual",2,0,0.3,0.1,FALSE,0.0878,1
"individual",2,0,0.4,0.1,FALSE,0.0983,1
"individual",2,0,0.5,0.1,FALSE,0.1059,1
"individual",2,0,0.6,0.1,FALSE,0.1166,1
"individual",2,0,0.7,0.1,FALSE,0.1268,1
"individual",2,0,0.8,0.1,FALSE,0.1363,1
"individual",2,0,0.9,0.1,FALSE,0.1424,1
"individual",2,0,0,0.1,FALSE,0.0488,2
"individual",2,0,0.1,0.1,FALSE,0.0602,2
"individual",2,0,0.2,0.1,FALSE,0.0723,2
"individual",2,0,0.3,0.1,FALSE,0.084,2
"individual",2,0,0.4,0.1,FALSE,0.0938,2
"individual",2,0,0.5,0.1,FALSE,0.1056,2
"individual",2,0,0.6,0.1,FALSE,0.1159,2
"individual",2,0,0.7,0.1,FALSE,0.1288,2
"individual",2,0,0.8,0.1,FALSE,0.1399,2
"individual",2,0,0.9,0.1,FALSE,0.1433,2
"individual",2,0,0,0.1,FALSE,0.05,3
"individual",2,0,0.1,0.1,FALSE,0.0636,3
"individual",2,0,0.2,0.1,FALSE,0.0763,3
"individual",2,0,0.3,0.1,FALSE,0.0855,3
"individual",2,0,0.4,0.1,FALSE,0.097,3
"individual",2,0,0.5,0.1,FALSE,0.1072,3
"individual",2,0,0.6,0.1,FALSE,0.1194,3
"individual",2,0,0.7,0.1,FALSE,0.1285,3
"individual",2,0,0.8,0.1,FALSE,0.138,3
"individual",2,0,0.9,0.1,FALSE,0.1423,3
"individual",2,0,0,0.1,FALSE,0.0502,4
"individual",2,0,0.1,0.1,FALSE,0.0616,4
"individual",2,0,0.2,0.1,FALSE,0.0741,4
"individual",2,0,0.3,0.1,FALSE,0.0856,4
"individual",2,0,0.4,0.1,FALSE,0.0966,4
"individual",2,0,0.5,0.1,FALSE,0.1077,4
"individual",2,0,0.6,0.1,FALSE,0.1196,4
"individual",2,0,0.7,0.1,FALSE,0.1299,4
"individual",2,0,0.8,0.1,FALSE,0.1358,4
"individual",2,0,0.9,0.1,FALSE,0.1432,4
"individual",2,0,0,0.1,FALSE,0.0481,5
"individual",2,0,0.1,0.1,FALSE,0.0583,5
"individual",2,0,0.2,0.1,FALSE,0.0693,5
"individual",2,0,0.3,0.1,FALSE,0.0825,5
"individual",2,0,0.4,0.1,FALSE,0.0931,5
"individual",2,0,0.5,0.1,FALSE,0.1029,5
"individual",2,0,0.6,0.1,FALSE,0.114,5
"individual",2,0,0.7,0.1,FALSE,0.1264,5
"individual",2,0,0.8,0.1,FALSE,0.1353,5
"individual",2,0,0.9,0.1,FALSE,0.1429,5
"individual",2,0,0,0.1,FALSE,0.0521,6
"individual",2,0,0.1,0.1,FALSE,0.0633,6
"individual",2,0,0.2,0.1,FALSE,0.0753,6
"individual",2,0,0.3,0.1,FALSE,0.0843,6
"individual",2,0,0.4,0.1,FALSE,0.095,6
"individual",2,0,0.5,0.1,FALSE,0.1066,6
"individual",2,0,0.6,0.1,FALSE,0.116,6
"individual",2,0,0.7,0.1,FALSE,0.1266,6
"individual",2,0,0.8,0.1,FALSE,0.1355,6
"individual",2,0,0.9,0.1,FALSE,0.1439,6
"individual",2,0,0,0.1,FALSE,0.0509,7
"individual",2,0,0.1,0.1,FALSE,0.0615,7
"individual",2,0,0.2,0.1,FALSE,0.0731,7
"individual",2,0,0.3,0.1,FALSE,0.0837,7
"individual",2,0,0.4,0.1,FALSE,0.0958,7
"individual",2,0,0.5,0.1,FALSE,0.1072,7
"individual",2,0,0.6,0.1,FALSE,0.1173,7
"individual",2,0,0.7,0.1,FALSE,0.1249,7
"individual",2,0,0.8,0.1,FALSE,0.1362,7
"individual",2,0,0.9,0.1,FALSE,0.1434,7
"individual",2,0,0,0.1,FALSE,0.053,8
"individual",2,0,0.1,0.1,FALSE,0.0637,8
"individual",2,0,0.2,0.1,FALSE,0.0738,8
"individual",2,0,0.3,0.1,FALSE,0.0846,8
"individual",2,0,0.4,0.1,FALSE,0.0941,8
"individual",2,0,0.5,0.1,FALSE,0.1046,8
"individual",2,0,0.6,0.1,FALSE,0.1159,8
"individual",2,0,0.7,0.1,FALSE,0.1249,8
"individual",2,0,0.8,0.1,FALSE,0.1361,8
"individual",2,0,0.9,0.1,FALSE,0.1436,8
"individual",2,0,0,0.1,FALSE,0.0493,9
"individual",2,0,0.1,0.1,FALSE,0.0616,9
"individual",2,0,0.2,0.1,FALSE,0.0719,9
"individual",2,0,0.3,0.1,FALSE,0.0835,9
"individual",2,0,0.4,0.1,FALSE,0.0943,9
"individual",2,0,0.5,0.1,FALSE,0.107,9
"individual",2,0,0.6,0.1,FALSE,0.1168,9
"individual",2,0,0.7,0.1,FALSE,0.1278,9
"individual",2,0,0.8,0.1,FALSE,0.1367,9
"individual",2,0,0.9,0.1,FALSE,0.1425,9
"individual",2,0,0,0.1,FALSE,0.0503,10
"individual",2,0,0.1,0.1,FALSE,0.0623,10
"individual",2,0,0.2,0.1,FALSE,0.0715,10
"individual",2,0,0.3,0.1,FALSE,0.0826,10
"individual",2,0,0.4,0.1,FALSE,0.0935,10
"individual",2,0,0.5,0.1,FALSE,0.1028,10
"individual",2,0,0.6,0.1,FALSE,0.1147,10
"individual",2,0,0.7,0.1,FALSE,0.1244,10
"individual",2,0,0.8,0.1,FALSE,0.1345,10
"individual",2,0,0.9,0.1,FALSE,0.1419,10
"individual",2,0,0,0.1,FALSE,0.0501,11
"individual",2,0,0.1,0.1,FALSE,0.061,11
"individual",2,0,0.2,0.1,FALSE,0.0709,11
"individual",2,0,0.3,0.1,FALSE,0.0829,11
"individual",2,0,0.4,0.1,FALSE,0.0936,11
"individual",2,0,0.5,0.1,FALSE,0.104,11
"individual",2,0,0.6,0.1,FALSE,0.1134,11
"individual",2,0,0.7,0.1,FALSE,0.1231,11
"individual",2,0,0.8,0.1,FALSE,0.1347,11
"individual",2,0,0.9,0.1,FALSE,0.1429,11
"individual",2,0,0,0.1,FALSE,0.0473,12
"individual",2,0,0.1,0.1,FALSE,0.0589,12
"individual",2,0,0.2,0.1,FALSE,0.0711,12
"individual",2,0,0.3,0.1,FALSE,0.0803,12
"individual",2,0,0.4,0.1,FALSE,0.0918,12
"individual",2,0,0.5,0.1,FALSE,0.1035,12
"individual",2,0,0.6,0.1,FALSE,0.113,12
"individual",2,0,0.7,0.1,FALSE,0.1257,12
"individual",2,0,0.8,0.1,FALSE,0.1358,12
"individual",2,0,0.9,0.1,FALSE,0.1432,12
"individual",2,0,0,0.1,FALSE,0.0501,13
"individual",2,0,0.1,0.1,FALSE,0.0625,13
"individual",2,0,0.2,0.1,FALSE,0.0736,13
"individual",2,0,0.3,0.1,FALSE,0.0867,13
"individual",2,0,0.4,0.1,FALSE,0.0971,13
"individual",2,0,0.5,0.1,FALSE,0.1071,13
"individual",2,0,0.6,0.1,FALSE,0.1165,13
"individual",2,0,0.7,0.1,FALSE,0.1266,13
"individual",2,0,0.8,0.1,FALSE,0.1366,13
"individual",2,0,0.9,0.1,FALSE,0.1425,13
"individual",2,0,0,0.1,FALSE,0.0475,14
"individual",2,0,0.1,0.1,FALSE,0.0599,14
"individual",2,0,0.2,0.1,FALSE,0.0718,14
"individual",2,0,0.3,0.1,FALSE,0.084,14
"individual",2,0,0.4,0.1,FALSE,0.0951,14
"individual",2,0,0.5,0.1,FALSE,0.1061,14
"individual",2,0,0.6,0.1,FALSE,0.1151,14
"individual",2,0,0.7,0.1,FALSE,0.1244,14
"individual",2,0,0.8,0.1,FALSE,0.1347,14
"individual",2,0,0.9,0.1,FALSE,0.1423,14
"individual",2,0,0,0.1,FALSE,0.0475,15
"individual",2,0,0.1,0.1,FALSE,0.0608,15
"individual",2,0,0.2,0.1,FALSE,0.0723,15
"individual",2,0,0.3,0.1,FALSE,0.0839,15
"individual",2,0,0.4,0.1,FALSE,0.0964,15
"individual",2,0,0.5,0.1,FALSE,0.1072,15
"individual",2,0,0.6,0.1,FALSE,0.1163,15
"individual",2,0,0.7,0.1,FALSE,0.1254,15
"individual",2,0,0.8,0.1,FALSE,0.135,15
"individual",2,0,0.9,0.1,FALSE,0.1429,15
"individual",2,0,0,0.1,FALSE,0.0523,16
"individual",2,0,0.1,0.1,FALSE,0.0633,16
"individual",2,0,0.2,0.1,FALSE,0.0739,16
"individual",2,0,0.3,0.1,FALSE,0.0849,16
"individual",2,0,0.4,0.1,FALSE,0.0959,16
"individual",2,0,0.5,0.1,FALSE,0.107,16
"individual",2,0,0.6,0.1,FALSE,0.1169,16
"individual",2,0,0.7,0.1,FALSE,0.1284,16
"individual",2,0,0.8,0.1,FALSE,0.1381,16
"individual",2,0,0.9,0.1,FALSE,0.1416,16
"individual",2,0,0,0.1,FALSE,0.05,17
"individual",2,0,0.1,0.1,FALSE,0.0592,17
"individual",2,0,0.2,0.1,FALSE,0.0718,17
"individual",2,0,0.3,0.1,FALSE,0.0828,17
"individual",2,0,0.4,0.1,FALSE,0.0938,17
"individual",2,0,0.5,0.1,FALSE,0.1047,17
"individual",2,0,0.6,0.1,FALSE,0.1172,17
"individual",2,0,0.7,0.1,FALSE,0.1266,17
"individual",2,0,0.8,0.1,FALSE,0.138,17
"individual",2,0,0.9,0.1,FALSE,0.1429,17
"individual",2,0,0,0.1,FALSE,0.0502,18
"individual",2,0,0.1,0.1,FALSE,0.061,18
"individual",2,0,0.2,0.1,FALSE,0.0737,18
"individual",2,0,0.3,0.1,FALSE,0.085,18
"individual",2,0,0.4,0.1,FALSE,0.0959,18
"individual",2,0,0.5,0.1,FALSE,0.1035,18
"individual",2,0,0.6,0.1,FALSE,0.1152,18
"individual",2,0,0.7,0.1,FALSE,0.1274,18
"individual",2,0,0.8,0.1,FALSE,0.1367,18
"individual",2,0,0.9,0.1,FALSE,0.1433,18
"individual",2,0,0,0.1,FALSE,0.0499,19
"individual",2,0,0.1,0.1,FALSE,0.0617,19
"individual",2,0,0.2,0.1,FALSE,0.0731,19
"individual",2,0,0.3,0.1,FALSE,0.0851,19
"individual",2,0,0.4,0.1,FALSE,0.097,19
"individual",2,0,0.5,0.1,FALSE,0.1073,19
"individual",2,0,0.6,0.1,FALSE,0.1174,19
"individual",2,0,0.7,0.1,FALSE,0.127,19
"individual",2,0,0.8,0.1,FALSE,0.1366,19
"individual",2,0,0.9,0.1,FALSE,0.1423,19
"individual",2,0,0,0.1,FALSE,0.049,20
"individual",2,0,0.1,0.1,FALSE,0.0613,20
"individual",2,0,0.2,0.1,FALSE,0.0736,20
"individual",2,0,0.3,0.1,FALSE,0.0865,20
"individual",2,0,0.4,0.1,FALSE,0.0972,20
"individual",2,0,0.5,0.1,FALSE,0.108,20
"individual",2,0,0.6,0.1,FALSE,0.1176,20
"individual",2,0,0.7,0.1,FALSE,0.1288,20
"individual",2,0,0.8,0.1,FALSE,0.1376,20
"individual",2,0,0.9,0.1,FALSE,0.144,20
"opposite",2,0,0,0.1,FALSE,0.0351,1
"opposite",2,0,0.1,0.1,FALSE,0.0468,1
"opposite",2,0,0.2,0.1,FALSE,0.0597,1
"opposite",2,0,0.3,0.1,FALSE,0.0731,1
"opposite",2,0,0.4,0.1,FALSE,0.0863,1
"opposite",2,0,0.5,0.1,FALSE,0.0983,1
"opposite",2,0,0.6,0.1,FALSE,0.1097,1
"opposite",2,0,0.7,0.1,FALSE,0.1217,1
"opposite",2,0,0.8,0.1,FALSE,0.1343,1
"opposite",2,0,0.9,0.1,FALSE,0.1423,1
"opposite",2,0,0,0.1,FALSE,0.0357,2
"opposite",2,0,0.1,0.1,FALSE,0.0478,2
"opposite",2,0,0.2,0.1,FALSE,0.0611,2
"opposite",2,0,0.3,0.1,FALSE,0.0726,2
"opposite",2,0,0.4,0.1,FALSE,0.0847,2
"opposite",2,0,0.5,0.1,FALSE,0.0973,2
"opposite",2,0,0.6,0.1,FALSE,0.1091,2
"opposite",2,0,0.7,0.1,FALSE,0.1224,2
"opposite",2,0,0.8,0.1,FALSE,0.1339,2
"opposite",2,0,0.9,0.1,FALSE,0.1424,2
"opposite",2,0,0,0.1,FALSE,0.0363,3
"opposite",2,0,0.1,0.1,FALSE,0.049,3
"opposite",2,0,0.2,0.1,FALSE,0.0606,3
"opposite",2,0,0.3,0.1,FALSE,0.0736,3
"opposite",2,0,0.4,0.1,FALSE,0.0853,3
"opposite",2,0,0.5,0.1,FALSE,0.099,3
"opposite",2,0,0.6,0.1,FALSE,0.1105,3
"opposite",2,0,0.7,0.1,FALSE,0.1216,3
"opposite",2,0,0.8,0.1,FALSE,0.1334,3
"opposite",2,0,0.9,0.1,FALSE,0.1416,3
"opposite",2,0,0,0.1,FALSE,0.0367,4
"opposite",2,0,0.1,0.1,FALSE,0.049,4
"opposite",2,0,0.2,0.1,FALSE,0.0588,4
"opposite",2,0,0.3,0.1,FALSE,0.0712,4
"opposite",2,0,0.4,0.1,FALSE,0.0837,4
"opposite",2,0,0.5,0.1,FALSE,0.0959,4
"opposite",2,0,0.6,0.1,FALSE,0.1076,4
"opposite",2,0,0.7,0.1,FALSE,0.119,4
"opposite",2,0,0.8,0.1,FALSE,0.131,4
"opposite",2,0,0.9,0.1,FALSE,0.1393,4
"opposite",2,0,0,0.1,FALSE,0.0348,5
"opposite",2,0,0.1,0.1,FALSE,0.0464,5
"opposite",2,0,0.2,0.1,FALSE,0.0604,5
"opposite",2,0,0.3,0.1,FALSE,0.0733,5
"opposite",2,0,0.4,0.1,FALSE,0.0851,5
"opposite",2,0,0.5,0.1,FALSE,0.0978,5
"opposite",2,0,0.6,0.1,FALSE,0.1096,5
"opposite",2,0,0.7,0.1,FALSE,0.1219,5
"opposite",2,0,0.8,0.1,FALSE,0.1335,5
"opposite",2,0,0.9,0.1,FALSE,0.143,5
"opposite",2,0,0,0.1,FALSE,0.0372,6
"opposite",2,0,0.1,0.1,FALSE,0.0515,6
"opposite",2,0,0.2,0.1,FALSE,0.0611,6
"opposite",2,0,0.3,0.1,FALSE,0.0727,6
"opposite",2,0,0.4,0.1,FALSE,0.0866,6
"opposite",2,0,0.5,0.1,FALSE,0.0992,6
"opposite",2,0,0.6,0.1,FALSE,0.1104,6
"opposite",2,0,0.7,0.1,FALSE,0.1217,6
"opposite",2,0,0.8,0.1,FALSE,0.1321,6
"opposite",2,0,0.9,0.1,FALSE,0.1399,6
"opposite",2,0,0,0.1,FALSE,0.0361,7
"opposite",2,0,0.1,0.1,FALSE,0.0467,7
"opposite",2,0,0.2,0.1,FALSE,0.0581,7
"opposite",2,0,0.3,0.1,FALSE,0.0708,7
"opposite",2,0,0.4,0.1,FALSE,0.0828,7
"opposite",2,0,0.5,0.1,FALSE,0.0978,7
"opposite",2,0,0.6,0.1,FALSE,0.1086,7
"opposite",2,0,0.7,0.1,FALSE,0.1197,7
"opposite",2,0,0.8,0.1,FALSE,0.1314,7
"opposite",2,0,0.9,0.1,FALSE,0.1421,7
"opposite",2,0,0,0.1,FALSE,0.0373,8
"opposite",2,0,0.1,0.1,FALSE,0.0485,8
"opposite",2,0,0.2,0.1,FALSE,0.0588,8
"opposite",2,0,0.3,0.1,FALSE,0.0718,8
"opposite",2,0,0.4,0.1,FALSE,0.0856,8
"opposite",2,0,0.5,0.1,FALSE,0.0966,8
"opposite",2,0,0.6,0.1,FALSE,0.1104,8
"opposite",2,0,0.7,0.1,FALSE,0.1211,8
"opposite",2,0,0.8,0.1,FALSE,0.1325,8
"opposite",2,0,0.9,0.1,FALSE,0.1423,8
"opposite",2,0,0,0.1,FALSE,0.0336,9
"opposite",2,0,0.1,0.1,FALSE,0.0482,9
"opposite",2,0,0.2,0.1,FALSE,0.06,9
"opposite",2,0,0.3,0.1,FALSE,0.0755,9
"opposite",2,0,0.4,0.1,FALSE,0.0894,9
"opposite",2,0,0.5,0.1,FALSE,0.1002,9
"opposite",2,0,0.6,0.1,FALSE,0.1117,9
"opposite",2,0,0.7,0.1,FALSE,0.1217,9
"opposite",2,0,0.8,0.1,FALSE,0.1318,9
"opposite",2,0,0.9,0.1,FALSE,0.1413,9
"opposite",2,0,0,0.1,FALSE,0.0353,10
"opposite",2,0,0.1,0.1,FALSE,0.0467,10
"opposite",2,0,0.2,0.1,FALSE,0.0605,10
"opposite",2,0,0.3,0.1,FALSE,0.0717,10
"opposite",2,0,0.4,0.1,FALSE,0.0841,10
"opposite",2,0,0.5,0.1,FALSE,0.096,10
"opposite",2,0,0.6,0.1,FALSE,0.1076,10
"opposite",2,0,0.7,0.1,FALSE,0.1185,10
"opposite",2,0,0.8,0.1,FALSE,0.1319,10
"opposite",2,0,0.9,0.1,FALSE,0.1396,10
"opposite",2,0,0,0.1,FALSE,0.0359,11
"opposite",2,0,0.1,0.1,FALSE,0.0475,11
"opposite",2,0,0.2,0.1,FALSE,0.0594,11
"opposite",2,0,0.3,0.1,FALSE,0.071,11
"opposite",2,0,0.4,0.1,FALSE,0.0846,11
"opposite",2,0,0.5,0.1,FALSE,0.0958,11
"opposite",2,0,0.6,0.1,FALSE,0.1065,11
"opposite",2,0,0.7,0.1,FALSE,0.1202,11
"opposite",2,0,0.8,0.1,FALSE,0.1295,11
"opposite",2,0,0.9,0.1,FALSE,0.1408,11
"opposite",2,0,0,0.1,FALSE,0.0339,12
"opposite",2,0,0.1,0.1,FALSE,0.048,12
"opposite",2,0,0.2,0.1,FALSE,0.0598,12
"opposite",2,0,0.3,0.1,FALSE,0.072,12
"opposite",2,0,0.4,0.1,FALSE,0.0851,12
"opposite",2,0,0.5,0.1,FALSE,0.0961,12
"opposite",2,0,0.6,0.1,FALSE,0.1085,12
"opposite",2,0,0.7,0.1,FALSE,0.1202,12
"opposite",2,0,0.8,0.1,FALSE,0.133,12
"opposite",2,0,0.9,0.1,FALSE,0.1409,12
"opposite",2,0,0,0.1,FALSE,0.0372,13
"opposite",2,0,0.1,0.1,FALSE,0.0489,13
"opposite",2,0,0.2,0.1,FALSE,0.0612,13
"opposite",2,0,0.3,0.1,FALSE,0.0722,13
"opposite",2,0,0.4,0.1,FALSE,0.0843,13
"opposite",2,0,0.5,0.1,FALSE,0.0954,13
"opposite",2,0,0.6,0.1,FALSE,0.109,13
"opposite",2,0,0.7,0.1,FALSE,0.12,13
"opposite",2,0,0.8,0.1,FALSE,0.1321,13
"opposite",2,0,0.9,0.1,FALSE,0.1413,13
"opposite",2,0,0,0.1,FALSE,0.033,14
"opposite",2,0,0.1,0.1,FALSE,0.0446,14
"opposite",2,0,0.2,0.1,FALSE,0.0565,14
"opposite",2,0,0.3,0.1,FALSE,0.07,14
"opposite",2,0,0.4,0.1,FALSE,0.0833,14
"opposite",2,0,0.5,0.1,FALSE,0.097,14
"opposite",2,0,0.6,0.1,FALSE,0.1095,14
"opposite",2,0,0.7,0.1,FALSE,0.1216,14
"opposite",2,0,0.8,0.1,FALSE,0.1318,14
"opposite",2,0,0.9,0.1,FALSE,0.1407,14
"opposite",2,0,0,0.1,FALSE,0.0316,15
"opposite",2,0,0.1,0.1,FALSE,0.0444,15
"opposite",2,0,0.2,0.1,FALSE,0.0591,15
"opposite",2,0,0.3,0.1,FALSE,0.0704,15
"opposite",2,0,0.4,0.1,FALSE,0.083,15
"opposite",2,0,0.5,0.1,FALSE,0.0966,15
"opposite",2,0,0.6,0.1,FALSE,0.1093,15
"opposite",2,0,0.7,0.1,FALSE,0.1197,15
"opposite",2,0,0.8,0.1,FALSE,0.1323,15
"opposite",2,0,0.9,0.1,FALSE,0.1427,15
"opposite",2,0,0,0.1,FALSE,0.0351,16
"opposite",2,0,0.1,0.1,FALSE,0.0489,16
"opposite",2,0,0.2,0.1,FALSE,0.0627,16
"opposite",2,0,0.3,0.1,FALSE,0.0745,16
"opposite",2,0,0.4,0.1,FALSE,0.0868,16
"opposite",2,0,0.5,0.1,FALSE,0.0989,16
"opposite",2,0,0.6,0.1,FALSE,0.1106,16
"opposite",2,0,0.7,0.1,FALSE,0.1225,16
"opposite",2,0,0.8,0.1,FALSE,0.1343,16
"opposite",2,0,0.9,0.1,FALSE,0.1422,16
"opposite",2,0,0,0.1,FALSE,0.0342,17
"opposite",2,0,0.1,0.1,FALSE,0.0466,17
"opposite",2,0,0.2,0.1,FALSE,0.06,17
"opposite",2,0,0.3,0.1,FALSE,0.0734,17
"opposite",2,0,0.4,0.1,FALSE,0.0845,17
"opposite",2,0,0.5,0.1,FALSE,0.0956,17
"opposite",2,0,0.6,0.1,FALSE,0.1068,17
"opposite",2,0,0.7,0.1,FALSE,0.1191,17
"opposite",2,0,0.8,0.1,FALSE,0.1316,17
"opposite",2,0,0.9,0.1,FALSE,0.1415,17
"opposite",2,0,0,0.1,FALSE,0.0347,18
"opposite",2,0,0.1,0.1,FALSE,0.0476,18
"opposite",2,0,0.2,0.1,FALSE,0.0618,18
"opposite",2,0,0.3,0.1,FALSE,0.0719,18
"opposite",2,0,0.4,0.1,FALSE,0.0863,18
"opposite",2,0,0.5,0.1,FALSE,0.0954,18
"opposite",2,0,0.6,0.1,FALSE,0.107,18
"opposite",2,0,0.7,0.1,FALSE,0.1206,18
"opposite",2,0,0.8,0.1,FALSE,0.1323,18
"opposite",2,0,0.9,0.1,FALSE,0.1405,18
"opposite",2,0,0,0.1,FALSE,0.0345,19
"opposite",2,0,0.1,0.1,FALSE,0.047,19
"opposite",2,0,0.2,0.1,FALSE,0.0596,19
"opposite",2,0,0.3,0.1,FALSE,0.0724,19
"opposite",2,0,0.4,0.1,FALSE,0.0847,19
"opposite",2,0,0.5,0.1,FALSE,0.0979,19
"opposite",2,0,0.6,0.1,FALSE,0.1104,19
"opposite",2,0,0.7,0.1,FALSE,0.1236,19
"opposite",2,0,0.8,0.1,FALSE,0.1334,19
"opposite",2,0,0.9,0.1,FALSE,0.1413,19
"opposite",2,0,0,0.1,FALSE,0.0343,20
"opposite",2,0,0.1,0.1,FALSE,0.0454,20
"opposite",2,0,0.2,0.1,FALSE,0.0577,20
"opposite",2,0,0.3,0.1,FALSE,0.0718,20
"opposite",2,0,0.4,0.1,FALSE,0.0859,20
"opposite",2,0,0.5,0.1,FALSE,0.1002,20
"opposite",2,0,0.6,0.1,FALSE,0.1123,20
"opposite",2,0,0.7,0.1,FALSE,0.1226,20
"opposite",2,0,0.8,0.1,FALSE,0.134,20
"opposite",2,0,0.9,0.1,FALSE,0.1434,20
"individual",2,0,0,0.2,FALSE,0.0507,1
"individual",2,0,0.1,0.2,FALSE,0.062,1
"individual",2,0,0.2,0.2,FALSE,0.0733,1
"individual",2,0,0.3,0.2,FALSE,0.0858,1
"individual",2,0,0.4,0.2,FALSE,0.0978,1
"individual",2,0,0.5,0.2,FALSE,0.1078,1
"individual",2,0,0.6,0.2,FALSE,0.1182,1
"individual",2,0,0.7,0.2,FALSE,0.1265,1
"individual",2,0,0.8,0.2,FALSE,0.1383,1
"individual",2,0,0.9,0.2,FALSE,0.1433,1
"individual",2,0,0,0.2,FALSE,0.0482,2
"individual",2,0,0.1,0.2,FALSE,0.061,2
"individual",2,0,0.2,0.2,FALSE,0.0725,2
"individual",2,0,0.3,0.2,FALSE,0.0825,2
"individual",2,0,0.4,0.2,FALSE,0.0937,2
"individual",2,0,0.5,0.2,FALSE,0.1048,2
"individual",2,0,0.6,0.2,FALSE,0.1171,2
"individual",2,0,0.7,0.2,FALSE,0.1284,2
"individual",2,0,0.8,0.2,FALSE,0.1385,2
"individual",2,0,0.9,0.2,FALSE,0.1439,2
"individual",2,0,0,0.2,FALSE,0.0519,3
"individual",2,0,0.1,0.2,FALSE,0.0636,3
"individual",2,0,0.2,0.2,FALSE,0.0743,3
"individual",2,0,0.3,0.2,FALSE,0.086,3
"individual",2,0,0.4,0.2,FALSE,0.0965,3
"individual",2,0,0.5,0.2,FALSE,0.108,3
"individual",2,0,0.6,0.2,FALSE,0.1177,3
"individual",2,0,0.7,0.2,FALSE,0.1271,3
"individual",2,0,0.8,0.2,FALSE,0.1359,3
"individual",2,0,0.9,0.2,FALSE,0.1428,3
"individual",2,0,0,0.2,FALSE,0.0509,4
"individual",2,0,0.1,0.2,FALSE,0.0624,4
"individual",2,0,0.2,0.2,FALSE,0.0726,4
"individual",2,0,0.3,0.2,FALSE,0.0818,4
"individual",2,0,0.4,0.2,FALSE,0.0932,4
"individual",2,0,0.5,0.2,FALSE,0.1051,4
"individual",2,0,0.6,0.2,FALSE,0.1158,4
"individual",2,0,0.7,0.2,FALSE,0.1262,4
"individual",2,0,0.8,0.2,FALSE,0.1349,4
"individual",2,0,0.9,0.2,FALSE,0.1411,4
"individual",2,0,0,0.2,FALSE,0.0489,5
"individual",2,0,0.1,0.2,FALSE,0.0601,5
"individual",2,0,0.2,0.2,FALSE,0.0734,5
"individual",2,0,0.3,0.2,FALSE,0.0845,5
"individual",2,0,0.4,0.2,FALSE,0.0934,5
"individual",2,0,0.5,0.2,FALSE,0.1046,5
"individual",2,0,0.6,0.2,FALSE,0.1146,5
"individual",2,0,0.7,0.2,FALSE,0.1257,5
"individual",2,0,0.8,0.2,FALSE,0.136,5
"individual",2,0,0.9,0.2,FALSE,0.1449,5
"individual",2,0,0,0.2,FALSE,0.0521,6
"individual",2,0,0.1,0.2,FALSE,0.0647,6
"individual",2,0,0.2,0.2,FALSE,0.0745,6
"individual",2,0,0.3,0.2,FALSE,0.0845,6
"individual",2,0,0.4,0.2,FALSE,0.0964,6
"individual",2,0,0.5,0.2,FALSE,0.108,6
"individual",2,0,0.6,0.2,FALSE,0.1173,6
"individual",2,0,0.7,0.2,FALSE,0.127,6
"individual",2,0,0.8,0.2,FALSE,0.1364,6
"individual",2,0,0.9,0.2,FALSE,0.1418,6
"individual",2,0,0,0.2,FALSE,0.0496,7
"individual",2,0,0.1,0.2,FALSE,0.0604,7
"individual",2,0,0.2,0.2,FALSE,0.0712,7
"individual",2,0,0.3,0.2,FALSE,0.0822,7
"individual",2,0,0.4,0.2,FALSE,0.0931,7
"individual",2,0,0.5,0.2,FALSE,0.1064,7
"individual",2,0,0.6,0.2,FALSE,0.1162,7
"individual",2,0,0.7,0.2,FALSE,0.1256,7
"individual",2,0,0.8,0.2,FALSE,0.1366,7
"individual",2,0,0.9,0.2,FALSE,0.144,7
"individual",2,0,0,0.2,FALSE,0.0536,8
"individual",2,0,0.1,0.2,FALSE,0.0633,8
"individual",2,0,0.2,0.2,FALSE,0.073,8
"individual",2,0,0.3,0.2,FALSE,0.0832,8
"individual",2,0,0.4,0.2,FALSE,0.0955,8
"individual",2,0,0.5,0.2,FALSE,0.1073,8
"individual",2,0,0.6,0.2,FALSE,0.1181,8
"individual",2,0,0.7,0.2,FALSE,0.1279,8
"individual",2,0,0.8,0.2,FALSE,0.1371,8
"individual",2,0,0.9,0.2,FALSE,0.1439,8
"individual",2,0,0,0.2,FALSE,0.0513,9
"individual",2,0,0.1,0.2,FALSE,0.0633,9
"individual",2,0,0.2,0.2,FALSE,0.0734,9
"individual",2,0,0.3,0.2,FALSE,0.0862,9
"individual",2,0,0.4,0.2,FALSE,0.0973,9
"individual",2,0,0.5,0.2,FALSE,0.1074,9
"individual",2,0,0.6,0.2,FALSE,0.1173,9
"individual",2,0,0.7,0.2,FALSE,0.1264,9
"individual",2,0,0.8,0.2,FALSE,0.135,9
"individual",2,0,0.9,0.2,FALSE,0.1442,9
"individual",2,0,0,0.2,FALSE,0.0496,10
"individual",2,0,0.1,0.2,FALSE,0.0595,10
"individual",2,0,0.2,0.2,FALSE,0.0723,10
"individual",2,0,0.3,0.2,FALSE,0.0823,10
"individual",2,0,0.4,0.2,FALSE,0.0941,10
"individual",2,0,0.5,0.2,FALSE,0.105,10
"individual",2,0,0.6,0.2,FALSE,0.1142,10
"individual",2,0,0.7,0.2,FALSE,0.1251,10
"individual",2,0,0.8,0.2,FALSE,0.1341,10
"individual",2,0,0.9,0.2,FALSE,0.1413,10
"individual",2,0,0,0.2,FALSE,0.0507,11
"individual",2,0,0.1,0.2,FALSE,0.0614,11
"individual",2,0,0.2,0.2,FALSE,0.072,11
"individual",2,0,0.3,0.2,FALSE,0.0822,11
"individual",2,0,0.4,0.2,FALSE,0.0957,11
"individual",2,0,0.5,0.2,FALSE,0.1051,11
"individual",2,0,0.6,0.2,FALSE,0.1155,11
"individual",2,0,0.7,0.2,FALSE,0.1259,11
"individual",2,0,0.8,0.2,FALSE,0.1347,11
"individual",2,0,0.9,0.2,FALSE,0.1426,11
"individual",2,0,0,0.2,FALSE,0.0472,12
"individual",2,0,0.1,0.2,FALSE,0.0588,12
"individual",2,0,0.2,0.2,FALSE,0.0709,12
"individual",2,0,0.3,0.2,FALSE,0.0812,12
"individual",2,0,0.4,0.2,FALSE,0.0933,12
"individual",2,0,0.5,0.2,FALSE,0.1031,12
"individual",2,0,0.6,0.2,FALSE,0.1147,12
"individual",2,0,0.7,0.2,FALSE,0.1259,12
"individual",2,0,0.8,0.2,FALSE,0.1361,12
"individual",2,0,0.9,0.2,FALSE,0.1443,12
"individual",2,0,0,0.2,FALSE,0.0503,13
"individual",2,0,0.1,0.2,FALSE,0.0608,13
"individual",2,0,0.2,0.2,FALSE,0.0722,13
"individual",2,0,0.3,0.2,FALSE,0.0838,13
"individual",2,0,0.4,0.2,FALSE,0.0941,13
"individual",2,0,0.5,0.2,FALSE,0.1055,13
"individual",2,0,0.6,0.2,FALSE,0.116,13
"individual",2,0,0.7,0.2,FALSE,0.1266,13
"individual",2,0,0.8,0.2,FALSE,0.1369,13
"individual",2,0,0.9,0.2,FALSE,0.1423,13
"individual",2,0,0,0.2,FALSE,0.0505,14
"individual",2,0,0.1,0.2,FALSE,0.0604,14
"individual",2,0,0.2,0.2,FALSE,0.0717,14
"individual",2,0,0.3,0.2,FALSE,0.0818,14
"individual",2,0,0.4,0.2,FALSE,0.0935,14
"individual",2,0,0.5,0.2,FALSE,0.1053,14
"individual",2,0,0.6,0.2,FALSE,0.1163,14
"individual",2,0,0.7,0.2,FALSE,0.1277,14
"individual",2,0,0.8,0.2,FALSE,0.1366,14
"individual",2,0,0.9,0.2,FALSE,0.1438,14
"individual",2,0,0,0.2,FALSE,0.0484,15
"individual",2,0,0.1,0.2,FALSE,0.0603,15
"individual",2,0,0.2,0.2,FALSE,0.071,15
"individual",2,0,0.3,0.2,FALSE,0.0827,15
"individual",2,0,0.4,0.2,FALSE,0.0938,15
"individual",2,0,0.5,0.2,FALSE,0.1049,15
"individual",2,0,0.6,0.2,FALSE,0.1158,15
"individual",2,0,0.7,0.2,FALSE,0.1255,15
"individual",2,0,0.8,0.2,FALSE,0.1361,15
"individual",2,0,0.9,0.2,FALSE,0.144,15
"individual",2,0,0,0.2,FALSE,0.0516,16
"individual",2,0,0.1,0.2,FALSE,0.0638,16
"individual",2,0,0.2,0.2,FALSE,0.0753,16
"individual",2,0,0.3,0.2,FALSE,0.0868,16
"individual",2,0,0.4,0.2,FALSE,0.0978,16
"individual",2,0,0.5,0.2,FALSE,0.1097,16
"individual",2,0,0.6,0.2,FALSE,0.1192,16
"individual",2,0,0.7,0.2,FALSE,0.1286,16
"individual",2,0,0.8,0.2,FALSE,0.1374,16
"individual",2,0,0.9,0.2,FALSE,0.1434,16
"individual",2,0,0,0.2,FALSE,0.0488,17
"individual",2,0,0.1,0.2,FALSE,0.059,17
"individual",2,0,0.2,0.2,FALSE,0.0717,17
"individual",2,0,0.3,0.2,FALSE,0.0846,17
"individual",2,0,0.4,0.2,FALSE,0.0946,17
"individual",2,0,0.5,0.2,FALSE,0.1044,17
"individual",2,0,0.6,0.2,FALSE,0.1156,17
"individual",2,0,0.7,0.2,FALSE,0.1255,17
"individual",2,0,0.8,0.2,FALSE,0.1353,17
"individual",2,0,0.9,0.2,FALSE,0.1432,17
"individual",2,0,0,0.2,FALSE,0.0498,18
"individual",2,0,0.1,0.2,FALSE,0.0619,18
"individual",2,0,0.2,0.2,FALSE,0.0744,18
"individual",2,0,0.3,0.2,FALSE,0.0838,18
"individual",2,0,0.4,0.2,FALSE,0.0955,18
"individual",2,0,0.5,0.2,FALSE,0.1045,18
"individual",2,0,0.6,0.2,FALSE,0.1151,18
"individual",2,0,0.7,0.2,FALSE,0.1259,18
"individual",2,0,0.8,0.2,FALSE,0.1355,18
"individual",2,0,0.9,0.2,FALSE,0.1421,18
"individual",2,0,0,0.2,FALSE,0.0511,19
"individual",2,0,0.1,0.2,FALSE,0.0627,19
"individual",2,0,0.2,0.2,FALSE,0.0731,19
"individual",2,0,0.3,0.2,FALSE,0.0836,19
"individual",2,0,0.4,0.2,FALSE,0.0938,19
"individual",2,0,0.5,0.2,FALSE,0.1052,19
"individual",2,0,0.6,0.2,FALSE,0.1156,19
"individual",2,0,0.7,0.2,FALSE,0.1274,19
"individual",2,0,0.8,0.2,FALSE,0.1344,19
"individual",2,0,0.9,0.2,FALSE,0.1419,19
"individual",2,0,0,0.2,FALSE,0.0491,20
"individual",2,0,0.1,0.2,FALSE,0.0582,20
"individual",2,0,0.2,0.2,FALSE,0.07,20
"individual",2,0,0.3,0.2,FALSE,0.0829,20
"individual",2,0,0.4,0.2,FALSE,0.0944,20
"individual",2,0,0.5,0.2,FALSE,0.1073,20
"individual",2,0,0.6,0.2,FALSE,0.1182,20
"individual",2,0,0.7,0.2,FALSE,0.1275,20
"individual",2,0,0.8,0.2,FALSE,0.1372,20
"individual",2,0,0.9,0.2,FALSE,0.144,20
"opposite",2,0,0,0.2,FALSE,0.0265,1
"opposite",2,0,0.1,0.2,FALSE,0.037,1
"opposite",2,0,0.2,0.2,FALSE,0.0492,1
"opposite",2,0,0.3,0.2,FALSE,0.0619,1
"opposite",2,0,0.4,0.2,FALSE,0.0756,1
"opposite",2,0,0.5,0.2,FALSE,0.0919,1
"opposite",2,0,0.6,0.2,FALSE,0.1057,1
"opposite",2,0,0.7,0.2,FALSE,0.1185,1
"opposite",2,0,0.8,0.2,FALSE,0.1301,1
"opposite",2,0,0.9,0.2,FALSE,0.1386,1
"opposite",2,0,0,0.2,FALSE,0.0237,2
"opposite",2,0,0.1,0.2,FALSE,0.0366,2
"opposite",2,0,0.2,0.2,FALSE,0.0477,2
"opposite",2,0,0.3,0.2,FALSE,0.0615,2
"opposite",2,0,0.4,0.2,FALSE,0.0757,2
"opposite",2,0,0.5,0.2,FALSE,0.0885,2
"opposite",2,0,0.6,0.2,FALSE,0.1027,2
"opposite",2,0,0.7,0.2,FALSE,0.1162,2
"opposite",2,0,0.8,0.2,FALSE,0.1281,2
"opposite",2,0,0.9,0.2,FALSE,0.1388,2
"opposite",2,0,0,0.2,FALSE,0.0257,3
"opposite",2,0,0.1,0.2,FALSE,0.0382,3
"opposite",2,0,0.2,0.2,FALSE,0.0527,3
"opposite",2,0,0.3,0.2,FALSE,0.0662,3
"opposite",2,0,0.4,0.2,FALSE,0.0798,3
"opposite",2,0,0.5,0.2,FALSE,0.0912,3
"opposite",2,0,0.6,0.2,FALSE,0.1037,3
"opposite",2,0,0.7,0.2,FALSE,0.116,3
"opposite",2,0,0.8,0.2,FALSE,0.1285,3
"opposite",2,0,0.9,0.2,FALSE,0.1388,3
"opposite",2,0,0,0.2,FALSE,0.0244,4
"opposite",2,0,0.1,0.2,FALSE,0.0358,4
"opposite",2,0,0.2,0.2,FALSE,0.0502,4
"opposite",2,0,0.3,0.2,FALSE,0.0632,4
"opposite",2,0,0.4,0.2,FALSE,0.0762,4
"opposite",2,0,0.5,0.2,FALSE,0.0894,4
"opposite",2,0,0.6,0.2,FALSE,0.1022,4
"opposite",2,0,0.7,0.2,FALSE,0.1141,4
"opposite",2,0,0.8,0.2,FALSE,0.1282,4
"opposite",2,0,0.9,0.2,FALSE,0.1387,4
"opposite",2,0,0,0.2,FALSE,0.0264,5
"opposite",2,0,0.1,0.2,FALSE,0.0403,5
"opposite",2,0,0.2,0.2,FALSE,0.0519,5
"opposite",2,0,0.3,0.2,FALSE,0.0644,5
"opposite",2,0,0.4,0.2,FALSE,0.0771,5
"opposite",2,0,0.5,0.2,FALSE,0.0912,5
"opposite",2,0,0.6,0.2,FALSE,0.1045,5
"opposite",2,0,0.7,0.2,FALSE,0.1164,5
"opposite",2,0,0.8,0.2,FALSE,0.1285,5
"opposite",2,0,0.9,0.2,FALSE,0.1406,5
"opposite",2,0,0,0.2,FALSE,0.0266,6
"opposite",2,0,0.1,0.2,FALSE,0.0376,6
"opposite",2,0,0.2,0.2,FALSE,0.0515,6
"opposite",2,0,0.3,0.2,FALSE,0.0622,6
"opposite",2,0,0.4,0.2,FALSE,0.0755,6
"opposite",2,0,0.5,0.2,FALSE,0.0889,6
"opposite",2,0,0.6,0.2,FALSE,0.1029,6
"opposite",2,0,0.7,0.2,FALSE,0.1175,6
"opposite",2,0,0.8,0.2,FALSE,0.129,6
"opposite",2,0,0.9,0.2,FALSE,0.1402,6
"opposite",2,0,0,0.2,FALSE,0.0262,7
"opposite",2,0,0.1,0.2,FALSE,0.0376,7
"opposite",2,0,0.2,0.2,FALSE,0.0501,7
"opposite",2,0,0.3,0.2,FALSE,0.0613,7
"opposite",2,0,0.4,0.2,FALSE,0.0742,7
"opposite",2,0,0.5,0.2,FALSE,0.0881,7
"opposite",2,0,0.6,0.2,FALSE,0.1005,7
"opposite",2,0,0.7,0.2,FALSE,0.1163,7
"opposite",2,0,0.8,0.2,FALSE,0.1281,7
"opposite",2,0,0.9,0.2,FALSE,0.1419,7
"opposite",2,0,0,0.2,FALSE,0.0268,8
"opposite",2,0,0.1,0.2,FALSE,0.038,8
"opposite",2,0,0.2,0.2,FALSE,0.0507,8
"opposite",2,0,0.3,0.2,FALSE,0.0657,8
"opposite",2,0,0.4,0.2,FALSE,0.0785,8
"opposite",2,0,0.5,0.2,FALSE,0.0921,8
"opposite",2,0,0.6,0.2,FALSE,0.1056,8
"opposite",2,0,0.7,0.2,FALSE,0.1175,8
"opposite",2,0,0.8,0.2,FALSE,0.1294,8
"opposite",2,0,0.9,0.2,FALSE,0.1408,8
"opposite",2,0,0,0.2,FALSE,0.0257,9
"opposite",2,0,0.1,0.2,FALSE,0.0393,9
"opposite",2,0,0.2,0.2,FALSE,0.0522,9
"opposite",2,0,0.3,0.2,FALSE,0.0657,9
"opposite",2,0,0.4,0.2,FALSE,0.0783,9
"opposite",2,0,0.5,0.2,FALSE,0.0905,9
"opposite",2,0,0.6,0.2,FALSE,0.1039,9
"opposite",2,0,0.7,0.2,FALSE,0.1177,9
"opposite",2,0,0.8,0.2,FALSE,0.1293,9
"opposite",2,0,0.9,0.2,FALSE,0.1402,9
"opposite",2,0,0,0.2,FALSE,0.0251,10
"opposite",2,0,0.1,0.2,FALSE,0.0373,10
"opposite",2,0,0.2,0.2,FALSE,0.051,10
"opposite",2,0,0.3,0.2,FALSE,0.0668,10
"opposite",2,0,0.4,0.2,FALSE,0.0793,10
"opposite",2,0,0.5,0.2,FALSE,0.0909,10
"opposite",2,0,0.6,0.2,FALSE,0.1041,10
"opposite",2,0,0.7,0.2,FALSE,0.1161,10
"opposite",2,0,0.8,0.2,FALSE,0.1281,10
"opposite",2,0,0.9,0.2,FALSE,0.1389,10
"opposite",2,0,0,0.2,FALSE,0.0277,11
"opposite",2,0,0.1,0.2,FALSE,0.0407,11
"opposite",2,0,0.2,0.2,FALSE,0.0521,11
"opposite",2,0,0.3,0.2,FALSE,0.0643,11
"opposite",2,0,0.4,0.2,FALSE,0.0778,11
"opposite",2,0,0.5,0.2,FALSE,0.0898,11
"opposite",2,0,0.6,0.2,FALSE,0.1033,11
"opposite",2,0,0.7,0.2,FALSE,0.1178,11
"opposite",2,0,0.8,0.2,FALSE,0.1282,11
"opposite",2,0,0.9,0.2,FALSE,0.1396,11
"opposite",2,0,0,0.2,FALSE,0.0253,12
"opposite",2,0,0.1,0.2,FALSE,0.0376,12
"opposite",2,0,0.2,0.2,FALSE,0.0493,12
"opposite",2,0,0.3,0.2,FALSE,0.0613,12
"opposite",2,0,0.4,0.2,FALSE,0.0737,12
"opposite",2,0,0.5,0.2,FALSE,0.0869,12
"opposite",2,0,0.6,0.2,FALSE,0.1028,12
"opposite",2,0,0.7,0.2,FALSE,0.1182,12
"opposite",2,0,0.8,0.2,FALSE,0.1287,12
"opposite",2,0,0.9,0.2,FALSE,0.1388,12
"opposite",2,0,0,0.2,FALSE,0.0279,13
"opposite",2,0,0.1,0.2,FALSE,0.0398,13
"opposite",2,0,0.2,0.2,FALSE,0.0549,13
"opposite",2,0,0.3,0.2,FALSE,0.0675,13
"opposite",2,0,0.4,0.2,FALSE,0.0802,13
"opposite",2,0,0.5,0.2,FALSE,0.0932,13
"opposite",2,0,0.6,0.2,FALSE,0.1063,13
"opposite",2,0,0.7,0.2,FALSE,0.118,13
"opposite",2,0,0.8,0.2,FALSE,0.1294,13
"opposite",2,0,0.9,0.2,FALSE,0.1394,13
"opposite",2,0,0,0.2,FALSE,0.0249,14
"opposite",2,0,0.1,0.2,FALSE,0.0389,14
"opposite",2,0,0.2,0.2,FALSE,0.0534,14
"opposite",2,0,0.3,0.2,FALSE,0.0639,14
"opposite",2,0,0.4,0.2,FALSE,0.0774,14
"opposite",2,0,0.5,0.2,FALSE,0.0899,14
"opposite",2,0,0.6,0.2,FALSE,0.1034,14
"opposite",2,0,0.7,0.2,FALSE,0.1145,14
"opposite",2,0,0.8,0.2,FALSE,0.1275,14
"opposite",2,0,0.9,0.2,FALSE,0.1394,14
"opposite",2,0,0,0.2,FALSE,0.023,15
"opposite",2,0,0.1,0.2,FALSE,0.037,15
"opposite",2,0,0.2,0.2,FALSE,0.05,15
"opposite",2,0,0.3,0.2,FALSE,0.0629,15
"opposite",2,0,0.4,0.2,FALSE,0.0761,15
"opposite",2,0,0.5,0.2,FALSE,0.0896,15
"opposite",2,0,0.6,0.2,FALSE,0.1043,15
"opposite",2,0,0.7,0.2,FALSE,0.1164,15
"opposite",2,0,0.8,0.2,FALSE,0.1276,15
"opposite",2,0,0.9,0.2,FALSE,0.1399,15
"opposite",2,0,0,0.2,FALSE,0.0245,16
"opposite",2,0,0.1,0.2,FALSE,0.0381,16
"opposite",2,0,0.2,0.2,FALSE,0.0501,16
"opposite",2,0,0.3,0.2,FALSE,0.0645,16
"opposite",2,0,0.4,0.2,FALSE,0.0767,16
"opposite",2,0,0.5,0.2,FALSE,0.0902,16
"opposite",2,0,0.6,0.2,FALSE,0.1036,16
"opposite",2,0,0.7,0.2,FALSE,0.1173,16
"opposite",2,0,0.8,0.2,FALSE,0.1301,16
"opposite",2,0,0.9,0.2,FALSE,0.1409,16
"opposite",2,0,0,0.2,FALSE,0.0261,17
"opposite",2,0,0.1,0.2,FALSE,0.0397,17
"opposite",2,0,0.2,0.2,FALSE,0.0509,17
"opposite",2,0,0.3,0.2,FALSE,0.0627,17
"opposite",2,0,0.4,0.2,FALSE,0.075,17
"opposite",2,0,0.5,0.2,FALSE,0.0909,17
"opposite",2,0,0.6,0.2,FALSE,0.1039,17
"opposite",2,0,0.7,0.2,FALSE,0.1157,17
"opposite",2,0,0.8,0.2,FALSE,0.1283,17
"opposite",2,0,0.9,0.2,FALSE,0.1405,17
"opposite",2,0,0,0.2,FALSE,0.0265,18
"opposite",2,0,0.1,0.2,FALSE,0.041,18
"opposite",2,0,0.2,0.2,FALSE,0.0549,18
"opposite",2,0,0.3,0.2,FALSE,0.0654,18
"opposite",2,0,0.4,0.2,FALSE,0.0783,18
"opposite",2,0,0.5,0.2,FALSE,0.0909,18
"opposite",2,0,0.6,0.2,FALSE,0.1011,18
"opposite",2,0,0.7,0.2,FALSE,0.1174,18
"opposite",2,0,0.8,0.2,FALSE,0.1281,18
"opposite",2,0,0.9,0.2,FALSE,0.1385,18
"opposite",2,0,0,0.2,FALSE,0.0247,19
"opposite",2,0,0.1,0.2,FALSE,0.0377,19
"opposite",2,0,0.2,0.2,FALSE,0.0492,19
"opposite",2,0,0.3,0.2,FALSE,0.0619,19
"opposite",2,0,0.4,0.2,FALSE,0.075,19
"opposite",2,0,0.5,0.2,FALSE,0.0913,19
"opposite",2,0,0.6,0.2,FALSE,0.102,19
"opposite",2,0,0.7,0.2,FALSE,0.1164,19
"opposite",2,0,0.8,0.2,FALSE,0.1276,19
"opposite",2,0,0.9,0.2,FALSE,0.1394,19
"opposite",2,0,0,0.2,FALSE,0.0247,20
"opposite",2,0,0.1,0.2,FALSE,0.0362,20
"opposite",2,0,0.2,0.2,FALSE,0.0502,20
"opposite",2,0,0.3,0.2,FALSE,0.0639,20
"opposite",2,0,0.4,0.2,FALSE,0.0762,20
"opposite",2,0,0.5,0.2,FALSE,0.0886,20
"opposite",2,0,0.6,0.2,FALSE,0.1014,20
"opposite",2,0,0.7,0.2,FALSE,0.1158,20
"opposite",2,0,0.8,0.2,FALSE,0.1283,20
"opposite",2,0,0.9,0.2,FALSE,0.1404,20
"individual",2,0,0,0.5,FALSE,0.0499,1
"individual",2,0,0.1,0.5,FALSE,0.0628,1
"individual",2,0,0.2,0.5,FALSE,0.0726,1
"individual",2,0,0.3,0.5,FALSE,0.0855,1
"individual",2,0,0.4,0.5,FALSE,0.0963,1
"individual",2,0,0.5,0.5,FALSE,0.1076,1
"individual",2,0,0.6,0.5,FALSE,0.1175,1
"individual",2,0,0.7,0.5,FALSE,0.1285,1
"individual",2,0,0.8,0.5,FALSE,0.1383,1
"individual",2,0,0.9,0.5,FALSE,0.1423,1
"individual",2,0,0,0.5,FALSE,0.0468,2
"individual",2,0,0.1,0.5,FALSE,0.0572,2
"individual",2,0,0.2,0.5,FALSE,0.0704,2
"individual",2,0,0.3,0.5,FALSE,0.0805,2
"individual",2,0,0.4,0.5,FALSE,0.0912,2
"individual",2,0,0.5,0.5,FALSE,0.103,2
"individual",2,0,0.6,0.5,FALSE,0.1152,2
"individual",2,0,0.7,0.5,FALSE,0.1278,2
"individual",2,0,0.8,0.5,FALSE,0.137,2
"individual",2,0,0.9,0.5,FALSE,0.1438,2
"individual",2,0,0,0.5,FALSE,0.0473,3
"individual",2,0,0.1,0.5,FALSE,0.0588,3
"individual",2,0,0.2,0.5,FALSE,0.0715,3
"individual",2,0,0.3,0.5,FALSE,0.085,3
"individual",2,0,0.4,0.5,FALSE,0.0973,3
"individual",2,0,0.5,0.5,FALSE,0.1073,3
"individual",2,0,0.6,0.5,FALSE,0.1171,3
"individual",2,0,0.7,0.5,FALSE,0.1271,3
"individual",2,0,0.8,0.5,FALSE,0.1378,3
"individual",2,0,0.9,0.5,FALSE,0.1441,3
"individual",2,0,0,0.5,FALSE,0.0484,4
"individual",2,0,0.1,0.5,FALSE,0.0601,4
"individual",2,0,0.2,0.5,FALSE,0.0725,4
"individual",2,0,0.3,0.5,FALSE,0.0839,4
"individual",2,0,0.4,0.5,FALSE,0.0952,4
"individual",2,0,0.5,0.5,FALSE,0.1067,4
"individual",2,0,0.6,0.5,FALSE,0.1179,4
"individual",2,0,0.7,0.5,FALSE,0.1301,4
"individual",2,0,0.8,0.5,FALSE,0.1393,4
"individual",2,0,0.9,0.5,FALSE,0.1435,4
"individual",2,0,0,0.5,FALSE,0.0473,5
"individual",2,0,0.1,0.5,FALSE,0.0599,5
"individual",2,0,0.2,0.5,FALSE,0.0709,5
"individual",2,0,0.3,0.5,FALSE,0.0808,5
"individual",2,0,0.4,0.5,FALSE,0.092,5
"individual",2,0,0.5,0.5,FALSE,0.1045,5
"individual",2,0,0.6,0.5,FALSE,0.1175,5
"individual",2,0,0.7,0.5,FALSE,0.1278,5
"individual",2,0,0.8,0.5,FALSE,0.1359,5
"individual",2,0,0.9,0.5,FALSE,0.1441,5
"individual",2,0,0,0.5,FALSE,0.0518,6
"individual",2,0,0.1,0.5,FALSE,0.0617,6
"individual",2,0,0.2,0.5,FALSE,0.0726,6
"individual",2,0,0.3,0.5,FALSE,0.0841,6
"individual",2,0,0.4,0.5,FALSE,0.0945,6
"individual",2,0,0.5,0.5,FALSE,0.1052,6
"individual",2,0,0.6,0.5,FALSE,0.117,6
"individual",2,0,0.7,0.5,FALSE,0.1261,6
"individual",2,0,0.8,0.5,FALSE,0.1372,6
"individual",2,0,0.9,0.5,FALSE,0.1433,6
"individual",2,0,0,0.5,FALSE,0.0502,7
"individual",2,0,0.1,0.5,FALSE,0.0603,7
"individual",2,0,0.2,0.5,FALSE,0.0704,7
"individual",2,0,0.3,0.5,FALSE,0.0822,7
"individual",2,0,0.4,0.5,FALSE,0.0919,7
"individual",2,0,0.5,0.5,FALSE,0.1029,7
"individual",2,0,0.6,0.5,FALSE,0.1129,7
"individual",2,0,0.7,0.5,FALSE,0.1255,7
"individual",2,0,0.8,0.5,FALSE,0.1364,7
"individual",2,0,0.9,0.5,FALSE,0.1433,7
"individual",2,0,0,0.5,FALSE,0.0513,8
"individual",2,0,0.1,0.5,FALSE,0.0631,8
"individual",2,0,0.2,0.5,FALSE,0.0745,8
"individual",2,0,0.3,0.5,FALSE,0.0856,8
"individual",2,0,0.4,0.5,FALSE,0.0965,8
"individual",2,0,0.5,0.5,FALSE,0.1067,8
"individual",2,0,0.6,0.5,FALSE,0.1191,8
"individual",2,0,0.7,0.5,FALSE,0.1282,8
"individual",2,0,0.8,0.5,FALSE,0.1358,8
"individual",2,0,0.9,0.5,FALSE,0.1419,8
"individual",2,0,0,0.5,FALSE,0.0497,9
"individual",2,0,0.1,0.5,FALSE,0.0616,9
"individual",2,0,0.2,0.5,FALSE,0.0737,9
"individual",2,0,0.3,0.5,FALSE,0.0869,9
"individual",2,0,0.4,0.5,FALSE,0.0966,9
"individual",2,0,0.5,0.5,FALSE,0.11,9
"individual",2,0,0.6,0.5,FALSE,0.117,9
"individual",2,0,0.7,0.5,FALSE,0.1262,9
"individual",2,0,0.8,0.5,FALSE,0.136,9
"individual",2,0,0.9,0.5,FALSE,0.1437,9
"individual",2,0,0,0.5,FALSE,0.0499,10
"individual",2,0,0.1,0.5,FALSE,0.0606,10
"individual",2,0,0.2,0.5,FALSE,0.0739,10
"individual",2,0,0.3,0.5,FALSE,0.085,10
"individual",2,0,0.4,0.5,FALSE,0.0955,10
"individual",2,0,0.5,0.5,FALSE,0.1067,10
"individual",2,0,0.6,0.5,FALSE,0.1174,10
"individual",2,0,0.7,0.5,FALSE,0.127,10
"individual",2,0,0.8,0.5,FALSE,0.1379,10
"individual",2,0,0.9,0.5,FALSE,0.1441,10
"individual",2,0,0,0.5,FALSE,0.0509,11
"individual",2,0,0.1,0.5,FALSE,0.0634,11
"individual",2,0,0.2,0.5,FALSE,0.0744,11
"individual",2,0,0.3,0.5,FALSE,0.0849,11
"individual",2,0,0.4,0.5,FALSE,0.0962,11
"individual",2,0,0.5,0.5,FALSE,0.1068,11
"individual",2,0,0.6,0.5,FALSE,0.1183,11
"individual",2,0,0.7,0.5,FALSE,0.1287,11
"individual",2,0,0.8,0.5,FALSE,0.1372,11
"individual",2,0,0.9,0.5,FALSE,0.145,11
"individual",2,0,0,0.5,FALSE,0.0478,12
"individual",2,0,0.1,0.5,FALSE,0.0585,12
"individual",2,0,0.2,0.5,FALSE,0.0702,12
"individual",2,0,0.3,0.5,FALSE,0.0837,12
"individual",2,0,0.4,0.5,FALSE,0.0948,12
"individual",2,0,0.5,0.5,FALSE,0.1063,12
"individual",2,0,0.6,0.5,FALSE,0.1168,12
"individual",2,0,0.7,0.5,FALSE,0.1282,12
"individual",2,0,0.8,0.5,FALSE,0.1367,12
"individual",2,0,0.9,0.5,FALSE,0.1452,12
"individual",2,0,0,0.5,FALSE,0.0519,13
"individual",2,0,0.1,0.5,FALSE,0.0641,13
"individual",2,0,0.2,0.5,FALSE,0.0744,13
"individual",2,0,0.3,0.5,FALSE,0.0855,13
"individual",2,0,0.4,0.5,FALSE,0.0972,13
"individual",2,0,0.5,0.5,FALSE,0.1089,13
"individual",2,0,0.6,0.5,FALSE,0.1197,13
"individual",2,0,0.7,0.5,FALSE,0.1298,13
"individual",2,0,0.8,0.5,FALSE,0.1377,13
"individual",2,0,0.9,0.5,FALSE,0.1441,13
"individual",2,0,0,0.5,FALSE,0.0479,14
"individual",2,0,0.1,0.5,FALSE,0.0617,14
"individual",2,0,0.2,0.5,FALSE,0.0738,14
"individual",2,0,0.3,0.5,FALSE,0.0862,14
"individual",2,0,0.4,0.5,FALSE,0.0967,14
"individual",2,0,0.5,0.5,FALSE,0.108,14
"individual",2,0,0.6,0.5,FALSE,0.1182,14
"individual",2,0,0.7,0.5,FALSE,0.1287,14
"individual",2,0,0.8,0.5,FALSE,0.1375,14
"individual",2,0,0.9,0.5,FALSE,0.1449,14
"individual",2,0,0,0.5,FALSE,0.0484,15
"individual",2,0,0.1,0.5,FALSE,0.06,15
"individual",2,0,0.2,0.5,FALSE,0.0728,15
"individual",2,0,0.3,0.5,FALSE,0.0847,15
"individual",2,0,0.4,0.5,FALSE,0.0949,15
"individual",2,0,0.5,0.5,FALSE,0.1062,15
"individual",2,0,0.6,0.5,FALSE,0.1176,15
"individual",2,0,0.7,0.5,FALSE,0.1278,15
"individual",2,0,0.8,0.5,FALSE,0.1381,15
"individual",2,0,0.9,0.5,FALSE,0.1444,15
"individual",2,0,0,0.5,FALSE,0.0494,16
"individual",2,0,0.1,0.5,FALSE,0.061,16
"individual",2,0,0.2,0.5,FALSE,0.0718,16
"individual",2,0,0.3,0.5,FALSE,0.0828,16
"individual",2,0,0.4,0.5,FALSE,0.0942,16
"individual",2,0,0.5,0.5,FALSE,0.1055,16
"individual",2,0,0.6,0.5,FALSE,0.1172,16
"individual",2,0,0.7,0.5,FALSE,0.1269,16
"individual",2,0,0.8,0.5,FALSE,0.1364,16
"individual",2,0,0.9,0.5,FALSE,0.1445,16
"individual",2,0,0,0.5,FALSE,0.0505,17
"individual",2,0,0.1,0.5,FALSE,0.0627,17
"individual",2,0,0.2,0.5,FALSE,0.072,17
"individual",2,0,0.3,0.5,FALSE,0.083,17
"individual",2,0,0.4,0.5,FALSE,0.0934,17
"individual",2,0,0.5,0.5,FALSE,0.1063,17
"individual",2,0,0.6,0.5,FALSE,0.1171,17
"individual",2,0,0.7,0.5,FALSE,0.1279,17
"individual",2,0,0.8,0.5,FALSE,0.1368,17
"individual",2,0,0.9,0.5,FALSE,0.1423,17
"individual",2,0,0,0.5,FALSE,0.0502,18
"individual",2,0,0.1,0.5,FALSE,0.0602,18
"individual",2,0,0.2,0.5,FALSE,0.0737,18
"individual",2,0,0.3,0.5,FALSE,0.0833,18
"individual",2,0,0.4,0.5,FALSE,0.094,18
"individual",2,0,0.5,0.5,FALSE,0.1062,18
"individual",2,0,0.6,0.5,FALSE,0.1173,18
"individual",2,0,0.7,0.5,FALSE,0.1276,18
"individual",2,0,0.8,0.5,FALSE,0.1355,18
"individual",2,0,0.9,0.5,FALSE,0.1427,18
"individual",2,0,0,0.5,FALSE,0.0523,19
"individual",2,0,0.1,0.5,FALSE,0.0637,19
"individual",2,0,0.2,0.5,FALSE,0.0735,19
"individual",2,0,0.3,0.5,FALSE,0.0852,19
"individual",2,0,0.4,0.5,FALSE,0.0965,19
"individual",2,0,0.5,0.5,FALSE,0.1073,19
"individual",2,0,0.6,0.5,FALSE,0.1176,19
"individual",2,0,0.7,0.5,FALSE,0.1279,19
"individual",2,0,0.8,0.5,FALSE,0.1353,19
"individual",2,0,0.9,0.5,FALSE,0.1429,19
"individual",2,0,0,0.5,FALSE,0.0489,20
"individual",2,0,0.1,0.5,FALSE,0.0595,20
"individual",2,0,0.2,0.5,FALSE,0.0714,20
"individual",2,0,0.3,0.5,FALSE,0.0842,20
"individual",2,0,0.4,0.5,FALSE,0.0941,20
"individual",2,0,0.5,0.5,FALSE,0.1035,20
"individual",2,0,0.6,0.5,FALSE,0.1139,20
"individual",2,0,0.7,0.5,FALSE,0.1269,20
"individual",2,0,0.8,0.5,FALSE,0.1363,20
"individual",2,0,0.9,0.5,FALSE,0.1437,20
"opposite",2,0,0,0.5,FALSE,0.0207,1
"opposite",2,0,0.1,0.5,FALSE,0.0334,1
"opposite",2,0,0.2,0.5,FALSE,0.0444,1
"opposite",2,0,0.3,0.5,FALSE,0.057,1
"opposite",2,0,0.4,0.5,FALSE,0.0677,1
"opposite",2,0,0.5,0.5,FALSE,0.0802,1
"opposite",2,0,0.6,0.5,FALSE,0.0952,1
"opposite",2,0,0.7,0.5,FALSE,0.1075,1
"opposite",2,0,0.8,0.5,FALSE,0.1208,1
"opposite",2,0,0.9,0.5,FALSE,0.1349,1
"opposite",2,0,0,0.5,FALSE,0.0203,2
"opposite",2,0,0.1,0.5,FALSE,0.0325,2
"opposite",2,0,0.2,0.5,FALSE,0.0444,2
"opposite",2,0,0.3,0.5,FALSE,0.0572,2
"opposite",2,0,0.4,0.5,FALSE,0.0705,2
"opposite",2,0,0.5,0.5,FALSE,0.084,2
"opposite",2,0,0.6,0.5,FALSE,0.097,2
"opposite",2,0,0.7,0.5,FALSE,0.1102,2
"opposite",2,0,0.8,0.5,FALSE,0.1226,2
"opposite",2,0,0.9,0.5,FALSE,0.1337,2
"opposite",2,0,0,0.5,FALSE,0.0195,3
"opposite",2,0,0.1,0.5,FALSE,0.0322,3
"opposite",2,0,0.2,0.5,FALSE,0.0432,3
"opposite",2,0,0.3,0.5,FALSE,0.056,3
"opposite",2,0,0.4,0.5,FALSE,0.0687,3
"opposite",2,0,0.5,0.5,FALSE,0.0827,3
"opposite",2,0,0.6,0.5,FALSE,0.0956,3
"opposite",2,0,0.7,0.5,FALSE,0.1093,3
"opposite",2,0,0.8,0.5,FALSE,0.1232,3
"opposite",2,0,0.9,0.5,FALSE,0.1337,3
"opposite",2,0,0,0.5,FALSE,0.0195,4
"opposite",2,0,0.1,0.5,FALSE,0.0323,4
"opposite",2,0,0.2,0.5,FALSE,0.0454,4
"opposite",2,0,0.3,0.5,FALSE,0.0573,4
"opposite",2,0,0.4,0.5,FALSE,0.0702,4
"opposite",2,0,0.5,0.5,FALSE,0.0815,4
"opposite",2,0,0.6,0.5,FALSE,0.093,4
"opposite",2,0,0.7,0.5,FALSE,0.107,4
"opposite",2,0,0.8,0.5,FALSE,0.1211,4
"opposite",2,0,0.9,0.5,FALSE,0.134,4
"opposite",2,0,0,0.5,FALSE,0.0195,5
"opposite",2,0,0.1,0.5,FALSE,0.0343,5
"opposite",2,0,0.2,0.5,FALSE,0.0459,5
"opposite",2,0,0.3,0.5,FALSE,0.0563,5
"opposite",2,0,0.4,0.5,FALSE,0.0691,5
"opposite",2,0,0.5,0.5,FALSE,0.08,5
"opposite",2,0,0.6,0.5,FALSE,0.0936,5
"opposite",2,0,0.7,0.5,FALSE,0.1067,5
"opposite",2,0,0.8,0.5,FALSE,0.1214,5
"opposite",2,0,0.9,0.5,FALSE,0.1349,5
"opposite",2,0,0,0.5,FALSE,0.0203,6
"opposite",2,0,0.1,0.5,FALSE,0.0317,6
"opposite",2,0,0.2,0.5,FALSE,0.0425,6
"opposite",2,0,0.3,0.5,FALSE,0.0548,6
"opposite",2,0,0.4,0.5,FALSE,0.0666,6
"opposite",2,0,0.5,0.5,FALSE,0.0803,6
"opposite",2,0,0.6,0.5,FALSE,0.0922,6
"opposite",2,0,0.7,0.5,FALSE,0.1064,6
"opposite",2,0,0.8,0.5,FALSE,0.1186,6
"opposite",2,0,0.9,0.5,FALSE,0.1341,6
"opposite",2,0,0,0.5,FALSE,0.0196,7
"opposite",2,0,0.1,0.5,FALSE,0.0318,7
"opposite",2,0,0.2,0.5,FALSE,0.0453,7
"opposite",2,0,0.3,0.5,FALSE,0.0568,7
"opposite",2,0,0.4,0.5,FALSE,0.069,7
"opposite",2,0,0.5,0.5,FALSE,0.0804,7
"opposite",2,0,0.6,0.5,FALSE,0.0939,7
"opposite",2,0,0.7,0.5,FALSE,0.1064,7
"opposite",2,0,0.8,0.5,FALSE,0.1209,7
"opposite",2,0,0.9,0.5,FALSE,0.1339,7
"opposite",2,0,0,0.5,FALSE,0.0197,8
"opposite",2,0,0.1,0.5,FALSE,0.0326,8
"opposite",2,0,0.2,0.5,FALSE,0.0464,8
"opposite",2,0,0.3,0.5,FALSE,0.0594,8
"opposite",2,0,0.4,0.5,FALSE,0.071,8
"opposite",2,0,0.5,0.5,FALSE,0.0834,8
"opposite",2,0,0.6,0.5,FALSE,0.0975,8
"opposite",2,0,0.7,0.5,FALSE,0.109,8
"opposite",2,0,0.8,0.5,FALSE,0.1215,8
"opposite",2,0,0.9,0.5,FALSE,0.1337,8
"opposite",2,0,0,0.5,FALSE,0.0197,9
"opposite",2,0,0.1,0.5,FALSE,0.032,9
"opposite",2,0,0.2,0.5,FALSE,0.0452,9
"opposite",2,0,0.3,0.5,FALSE,0.0566,9
"opposite",2,0,0.4,0.5,FALSE,0.067,9
"opposite",2,0,0.5,0.5,FALSE,0.0805,9
"opposite",2,0,0.6,0.5,FALSE,0.095,9
"opposite",2,0,0.7,0.5,FALSE,0.1081,9
"opposite",2,0,0.8,0.5,FALSE,0.1205,9
"opposite",2,0,0.9,0.5,FALSE,0.133,9
"opposite",2,0,0,0.5,FALSE,0.0196,10
"opposite",2,0,0.1,0.5,FALSE,0.0299,10
"opposite",2,0,0.2,0.5,FALSE,0.0429,10
"opposite",2,0,0.3,0.5,FALSE,0.0543,10
"opposite",2,0,0.4,0.5,FALSE,0.0692,10
"opposite",2,0,0.5,0.5,FALSE,0.0818,10
"opposite",2,0,0.6,0.5,FALSE,0.0948,10
"opposite",2,0,0.7,0.5,FALSE,0.1082,10
"opposite",2,0,0.8,0.5,FALSE,0.1214,10
"opposite",2,0,0.9,0.5,FALSE,0.1337,10
"opposite",2,0,0,0.5,FALSE,0.0201,11
"opposite",2,0,0.1,0.5,FALSE,0.0317,11
"opposite",2,0,0.2,0.5,FALSE,0.0452,11
"opposite",2,0,0.3,0.5,FALSE,0.0593,11
"opposite",2,0,0.4,0.5,FALSE,0.0727,11
"opposite",2,0,0.5,0.5,FALSE,0.0838,11
"opposite",2,0,0.6,0.5,FALSE,0.0955,11
"opposite",2,0,0.7,0.5,FALSE,0.1079,11
"opposite",2,0,0.8,0.5,FALSE,0.1201,11
"opposite",2,0,0.9,0.5,FALSE,0.1324,11
"opposite",2,0,0,0.5,FALSE,0.0194,12
"opposite",2,0,0.1,0.5,FALSE,0.0346,12
"opposite",2,0,0.2,0.5,FALSE,0.0459,12
"opposite",2,0,0.3,0.5,FALSE,0.0568,12
"opposite",2,0,0.4,0.5,FALSE,0.0687,12
"opposite",2,0,0.5,0.5,FALSE,0.0811,12
"opposite",2,0,0.6,0.5,FALSE,0.0951,12
"opposite",2,0,0.7,0.5,FALSE,0.1073,12
"opposite",2,0,0.8,0.5,FALSE,0.1204,12
"opposite",2,0,0.9,0.5,FALSE,0.1337,12
"opposite",2,0,0,0.5,FALSE,0.0194,13
"opposite",2,0,0.1,0.5,FALSE,0.0313,13
"opposite",2,0,0.2,0.5,FALSE,0.0435,13
"opposite",2,0,0.3,0.5,FALSE,0.0565,13
"opposite",2,0,0.4,0.5,FALSE,0.0671,13
"opposite",2,0,0.5,0.5,FALSE,0.0812,13
"opposite",2,0,0.6,0.5,FALSE,0.0933,13
"opposite",2,0,0.7,0.5,FALSE,0.1067,13
"opposite",2,0,0.8,0.5,FALSE,0.12,13
"opposite",2,0,0.9,0.5,FALSE,0.133,13
"opposite",2,0,0,0.5,FALSE,0.0203,14
"opposite",2,0,0.1,0.5,FALSE,0.0334,14
"opposite",2,0,0.2,0.5,FALSE,0.0453,14
"opposite",2,0,0.3,0.5,FALSE,0.058,14
"opposite",2,0,0.4,0.5,FALSE,0.0703,14
"opposite",2,0,0.5,0.5,FALSE,0.0827,14
"opposite",2,0,0.6,0.5,FALSE,0.0941,14
"opposite",2,0,0.7,0.5,FALSE,0.1076,14
"opposite",2,0,0.8,0.5,FALSE,0.119,14
"opposite",2,0,0.9,0.5,FALSE,0.1331,14
"opposite",2,0,0,0.5,FALSE,0.019,15
"opposite",2,0,0.1,0.5,FALSE,0.0313,15
"opposite",2,0,0.2,0.5,FALSE,0.045,15
"opposite",2,0,0.3,0.5,FALSE,0.0574,15
"opposite",2,0,0.4,0.5,FALSE,0.069,15
"opposite",2,0,0.5,0.5,FALSE,0.0816,15
"opposite",2,0,0.6,0.5,FALSE,0.0954,15
"opposite",2,0,0.7,0.5,FALSE,0.1078,15
"opposite",2,0,0.8,0.5,FALSE,0.1204,15
"opposite",2,0,0.9,0.5,FALSE,0.135,15
"opposite",2,0,0,0.5,FALSE,0.02,16
"opposite",2,0,0.1,0.5,FALSE,0.0323,16
"opposite",2,0,0.2,0.5,FALSE,0.0442,16
"opposite",2,0,0.3,0.5,FALSE,0.058,16
"opposite",2,0,0.4,0.5,FALSE,0.0691,16
"opposite",2,0,0.5,0.5,FALSE,0.0818,16
"opposite",2,0,0.6,0.5,FALSE,0.0939,16
"opposite",2,0,0.7,0.5,FALSE,0.105,16
"opposite",2,0,0.8,0.5,FALSE,0.1185,16
"opposite",2,0,0.9,0.5,FALSE,0.1342,16
"opposite",2,0,0,0.5,FALSE,0.0195,17
"opposite",2,0,0.1,0.5,FALSE,0.0337,17
"opposite",2,0,0.2,0.5,FALSE,0.0468,17
"opposite",2,0,0.3,0.5,FALSE,0.0594,17
"opposite",2,0,0.4,0.5,FALSE,0.0706,17
"opposite",2,0,0.5,0.5,FALSE,0.0838,17
"opposite",2,0,0.6,0.5,FALSE,0.0971,17
"opposite",2,0,0.7,0.5,FALSE,0.1087,17
"opposite",2,0,0.8,0.5,FALSE,0.121,17
"opposite",2,0,0.9,0.5,FALSE,0.1333,17
"opposite",2,0,0,0.5,FALSE,0.0208,18
"opposite",2,0,0.1,0.5,FALSE,0.033,18
"opposite",2,0,0.2,0.5,FALSE,0.0455,18
"opposite",2,0,0.3,0.5,FALSE,0.0554,18
"opposite",2,0,0.4,0.5,FALSE,0.069,18
"opposite",2,0,0.5,0.5,FALSE,0.0815,18
"opposite",2,0,0.6,0.5,FALSE,0.0944,18
"opposite",2,0,0.7,0.5,FALSE,0.1073,18
"opposite",2,0,0.8,0.5,FALSE,0.1206,18
"opposite",2,0,0.9,0.5,FALSE,0.1335,18
"opposite",2,0,0,0.5,FALSE,0.0196,19
"opposite",2,0,0.1,0.5,FALSE,0.0331,19
"opposite",2,0,0.2,0.5,FALSE,0.0443,19
"opposite",2,0,0.3,0.5,FALSE,0.0565,19
"opposite",2,0,0.4,0.5,FALSE,0.0674,19
"opposite",2,0,0.5,0.5,FALSE,0.0828,19
"opposite",2,0,0.6,0.5,FALSE,0.0948,19
"opposite",2,0,0.7,0.5,FALSE,0.1077,19
"opposite",2,0,0.8,0.5,FALSE,0.1191,19
"opposite",2,0,0.9,0.5,FALSE,0.1334,19
"opposite",2,0,0,0.5,FALSE,0.0197,20
"opposite",2,0,0.1,0.5,FALSE,0.0311,20
"opposite",2,0,0.2,0.5,FALSE,0.0442,20
"opposite",2,0,0.3,0.5,FALSE,0.0568,20
"opposite",2,0,0.4,0.5,FALSE,0.0687,20
"opposite",2,0,0.5,0.5,FALSE,0.0821,20
"opposite",2,0,0.6,0.5,FALSE,0.0924,20
"opposite",2,0,0.7,0.5,FALSE,0.1056,20
"opposite",2,0,0.8,0.5,FALSE,0.1205,20
"opposite",2,0,0.9,0.5,FALSE,0.1334,20
