"scenario","K","rho","na_rate","signal_prop","rho_est","fpr","rep"
"null",2,0,0,0,-0.00432616600477157,0.0485,1
"null",2,0.1,0,0,0.0919836342955752,0.048,1
"null",2,0.2,0,0,0.188528942204556,0.0483,1
"null",2,0.3,0,0,0.285517484058289,0.0479,1
"null",2,0.4,0,0,0.383612086877462,0.0473,1
"null",2,0.5,0,0,0.482356693658192,0.0473,1
"null",2,0.6,0,0,0.582185033989379,0.0477,1
"null",2,0.7,0,0,0.684014747251919,0.0477,1
"null",2,0.8,0,0,0.787640151538847,0.0493,1
"null",2,0.9,0,0,0.893225581043487,0.0493,1
"null",2,0,0,0,0.0060308163644183,0.0488,2
"null",2,0.1,0,0,0.10163162395955,0.0481,2
"null",2,0.2,0,0,0.197861389139969,0.0481,2
"null",2,0.3,0,0,0.294001993459263,0.0481,2
"null",2,0.4,0,0,0.390146933509334,0.0471,2
"null",2,0.5,0,0,0.487290083452505,0.0468,2
"null",2,0.6,0,0,0.585412844060792,0.0484,2
"null",2,0.7,0,0,0.684990634315745,0.0484,2
"null",2,0.8,0,0,0.786785431078175,0.0497,2
"null",2,0.9,0,0,0.891335116646405,0.0501,2
"null",2,0,0,0,0.00116210403864349,0.0521,3
"null",2,0.1,0,0,0.0962236938192915,0.051,3
"null",2,0.2,0,0,0.191691399980326,0.0506,3
"null",2,0.3,0,0,0.287403195721891,0.0504,3
"null",2,0.4,0,0,0.384183340380497,0.0513,3
"null",2,0.5,0,0,0.48220439683267,0.0512,3
"null",2,0.6,0,0,0.58158758204786,0.0516,3
"null",2,0.7,0,0,0.682748621073357,0.0511,3
"null",2,0.8,0,0,0.785310175038053,0.0503,3
"null",2,0.9,0,0,0.890980827787251,0.0476,3
"null",2,0,0,0,-0.0186414808226987,0.0491,4
"null",2,0.1,0,0,0.0778095510612496,0.0498,4
"null",2,0.2,0,0,0.176083726780943,0.0493,4
"null",2,0.3,0,0,0.275714089486197,0.0488,4
"null",2,0.4,0,0,0.377006105880687,0.0482,4
"null",2,0.5,0,0,0.47946801139769,0.0491,4
"null",2,0.6,0,0,0.582508264698954,0.0502,4
"null",2,0.7,0,0,0.686322018787344,0.0496,4
"null",2,0.8,0,0,0.790092733835635,0.049,4
"null",2,0.9,0,0,0.894313932326226,0.05,4
"null",2,0,0,0,0.0145109224743452,0.0498,5
"null",2,0.1,0,0,0.110413773167189,0.0501,5
"null",2,0.2,0,0,0.207191322876225,0.0493,5
"null",2,0.3,0,0,0.303525441116973,0.0499,5
"null",2,0.4,0,0,0.400427051253681,0.0501,5
"null",2,0.5,0,0,0.498292770056733,0.0494,5
"null",2,0.6,0,0,0.596868252719025,0.0491,5
"null",2,0.7,0,0,0.69661810932223,0.0491,5
"null",2,0.8,0,0,0.797094215799713,0.0487,5
"null",2,0.9,0,0,0.897817744763823,0.0486,5
"null",2,0,0,0,0.012730756747178,0.0514,6
"null",2,0.1,0,0,0.109675303405345,0.0521,6
"null",2,0.2,0,0,0.206668310752612,0.0522,6
"null",2,0.3,0,0,0.303782985630531,0.0524,6
"null",2,0.4,0,0,0.400991736926411,0.0516,6
"null",2,0.5,0,0,0.498713614097848,0.0495,6
"null",2,0.6,0,0,0.597229814844719,0.0497,6
"null",2,0.7,0,0,0.695957415504972,0.0512,6
"null",2,0.8,0,0,0.796044376951862,0.0514,6
"null",2,0.9,0,0,0.897287295149017,0.0498,6
"null",2,0,0,0,0.00203503359653871,0.0487,7
"null",2,0.1,0,0,0.0967053526229367,0.0488,7
"null",2,0.2,0,0,0.191508066485659,0.0473,7
"null",2,0.3,0,0,0.286839880132342,0.0483,7
"null",2,0.4,0,0,0.383380211714757,0.0497,7
"null",2,0.5,0,0,0.481171377725239,0.0498,7
"null",2,0.6,0,0,0.58057430863838,0.0491,7
"null",2,0.7,0,0,0.68208274834384,0.0485,7
"null",2,0.8,0,0,0.785810862798446,0.0491,7
"null",2,0.9,0,0,0.891848536068616,0.049,7
"null",2,0,0,0,-0.0102152971356979,0.0504,8
"null",2,0.1,0,0,0.0864337840896875,0.0498,8
"null",2,0.2,0,0,0.183495005265658,0.0485,8
"null",2,0.3,0,0,0.280565736069448,0.0486,8
"null",2,0.4,0,0,0.378588899863098,0.0493,8
"null",2,0.5,0,0,0.477504119197597,0.0488,8
"null",2,0.6,0,0,0.577816659820382,0.049,8
"null",2,0.7,0,0,0.679880595953848,0.049,8
"null",2,0.8,0,0,0.784135886315155,0.0491,8
"null",2,0.9,0,0,0.891043102586149,0.0504,8
"null",2,0,0,0,0.00115201805046311,0.0501,9
"null",2,0.1,0,0,0.0972471302418372,0.049,9
"null",2,0.2,0,0,0.193151032053261,0.0492,9
"null",2,0.3,0,0,0.289324886835001,0.0493,9
"null",2,0.4,0,0,0.385971381291337,0.0492,9
"null",2,0.5,0,0,0.48398123878437,0.0492,9
"null",2,0.6,0,0,0.583048997878575,0.0484,9
"null",2,0.7,0,0,0.683761074564242,0.0487,9
"null",2,0.8,0,0,0.786368722370557,0.0506,9
"null",2,0.9,0,0,0.891511863865171,0.0503,9
"null",2,0,0,0,0.00759658971013045,0.0494,10
"null",2,0.1,0,0,0.103066868990376,0.0491,10
"null",2,0.2,0,0,0.19848013718694,0.0483,10
"null",2,0.3,0,0,0.294004263171184,0.0483,10
"null",2,0.4,0,0,0.389947158956775,0.0487,10
"null",2,0.5,0,0,0.486585095028718,0.048,10
"null",2,0.6,0,0,0.585103819256752,0.0489,10
"null",2,0.7,0,0,0.685324136435861,0.0481,10
"null",2,0.8,0,0,0.78775763451499,0.0496,10
"null",2,0.9,0,0,0.89269605012843,0.0499,10
"null",2,0,0,0,0.00419336670359678,0.0544,11
"null",2,0.1,0,0,0.100091094398492,0.053,11
"null",2,0.2,0,0,0.196181722263667,0.0531,11
"null",2,0.3,0,0,0.292913733163182,0.0521,11
"null",2,0.4,0,0,0.390269039645886,0.0516,11
"null",2,0.5,0,0,0.488154926018308,0.0515,11
"null",2,0.6,0,0,0.58697480094223,0.051,11
"null",2,0.7,0,0,0.687725820592909,0.0502,11
"null",2,0.8,0,0,0.78994430961196,0.0494,11
"null",2,0.9,0,0,0.894070633053534,0.0495,11
"null",2,0,0,0,-0.00160082693752533,0.049,12
"null",2,0.1,0,0,0.0950196668867941,0.049,12
"null",2,0.2,0,0,0.191880013712519,0.0488,12
"null",2,0.3,0,0,0.289301219887639,0.0496,12
"null",2,0.4,0,0,0.387607680914469,0.05,12
"null",2,0.5,0,0,0.486519900694313,0.0508,12
"null",2,0.6,0,0,0.58667142682074,0.0507,12
"null",2,0.7,0,0,0.687717664926248,0.0505,12
"null",2,0.8,0,0,0.790204408199976,0.0499,12
"null",2,0.9,0,0,0.894108297303639,0.0489,12
"null",2,0,0,0,-9.84270035638101e-05,0.0514,13
"null",2,0.1,0,0,0.0955849538811636,0.0506,13
"null",2,0.2,0,0,0.191279320947184,0.0505,13
"null",2,0.3,0,0,0.287389318177921,0.0499,13
"null",2,0.4,0,0,0.384283064515043,0.0494,13
"null",2,0.5,0,0,0.482284434010112,0.0488,13
"null",2,0.6,0,0,0.581535820480166,0.0484,13
"null",2,0.7,0,0,0.682519112442468,0.0481,13
"null",2,0.8,0,0,0.78582353605695,0.0499,13
"null",2,0.9,0,0,0.891314289369388,0.0503,13
"null",2,0,0,0,0.0112440681255231,0.0499,14
"null",2,0.1,0,0,0.105803123331301,0.0509,14
"null",2,0.2,0,0,0.200309031290108,0.0498,14
"null",2,0.3,0,0,0.295295724573787,0.0488,14
"null",2,0.4,0,0,0.391098064753721,0.0481,14
"null",2,0.5,0,0,0.487965815960652,0.0488,14
"null",2,0.6,0,0,0.586529475425755,0.0487,14
"null",2,0.7,0,0,0.686548828687397,0.0499,14
"null",2,0.8,0,0,0.788667802375528,0.0503,14
"null",2,0.9,0,0,0.893037007502812,0.0502,14
"null",2,0,0,0,-0.00625305996245362,0.049,15
"null",2,0.1,0,0,0.0931929628073201,0.0486,15
"null",2,0.2,0,0,0.192139357957234,0.0489,15
"null",2,0.3,0,0,0.291168071779464,0.0496,15
"null",2,0.4,0,0,0.390613838358346,0.0499,15
"null",2,0.5,0,0,0.490610080988313,0.0493,15
"null",2,0.6,0,0,0.591168903482603,0.0492,15
"null",2,0.7,0,0,0.691581430886624,0.0506,15
"null",2,0.8,0,0,0.792320447141491,0.0509,15
"null",2,0.9,0,0,0.894746571692275,0.0506,15
"null",2,0,0,0,-0.00595216856719186,0.051,16
"null",2,0.1,0,0,0.0894832474198414,0.0507,16
"null",2,0.2,0,0,0.18565507330983,0.0507,16
"null",2,0.3,0,0,0.282455541950917,0.0498,16
"null",2,0.4,0,0,0.380593658644723,0.0495,16
"null",2,0.5,0,0,0.479881885644065,0.0478,16
"null",2,0.6,0,0,0.580706173817211,0.0485,16
"null",2,0.7,0,0,0.683430441253056,0.0486,16
"null",2,0.8,0,0,0.787905790942541,0.0488,16
"null",2,0.9,0,0,0.893485894583603,0.0487,16
"null",2,0,0,0,0.00824193534215502,0.0486,17
"null",2,0.1,0,0,0.10406509080678,0.048,17
"null",2,0.2,0,0,0.199850274063123,0.0479,17
"null",2,0.3,0,0,0.296060251935909,0.0474,17
"null",2,0.4,0,0,0.392909179999984,0.0481,17
"null",2,0.5,0,0,0.490989801671194,0.0487,17
"null",2,0.6,0,0,0.58997878606843,0.0486,17
"null",2,0.7,0,0,0.689766632845715,0.0482,17
"null",2,0.8,0,0,0.791423427400365,0.0484,17
"null",2,0.9,0,0,0.894279721773814,0.0487,17
"null",2,0,0,0,0.0125143110284718,0.051,18
"null",2,0.1,0,0,0.109705064617601,0.0512,18
"null",2,0.2,0,0,0.206605335532842,0.0516,18
"null",2,0.3,0,0,0.303650580797248,0.051,18
"null",2,0.4,0,0,0.40103182092389,0.0504,18
"null",2,0.5,0,0,0.498868917393951,0.0495,18
"null",2,0.6,0,0,0.596764222802201,0.048,18
"null",2,0.7,0,0,0.695798402189402,0.0483,18
"null",2,0.8,0,0,0.795803521963247,0.049,18
"null",2,0.9,0,0,0.896794513172166,0.0498,18
"null",2,0,0,0,-0.00802021934789386,0.0501,19
"null",2,0.1,0,0,0.088244675952682,0.0498,19
"null",2,0.2,0,0,0.184863413650363,0.0504,19
"null",2,0.3,0,0,0.281894574800021,0.0503,19
"null",2,0.4,0,0,0.380252301322609,0.0497,19
"null",2,0.5,0,0,0.479739082950971,0.0508,19
"null",2,0.6,0,0,0.580207348370664,0.0504,19
"null",2,0.7,0,0,0.682136450142783,0.0498,19
"null",2,0.8,0,0,0.786344606830666,0.0484,19
"null",2,0.9,0,0,0.892534087694172,0.0483,19
"null",2,0,0,0,0.00151278518480141,0.0503,20
"null",2,0.1,0,0,0.0994133810180866,0.0493,20
"null",2,0.2,0,0,0.197881783380621,0.0492,20
"null",2,0.3,0,0,0.295754466673892,0.0496,20
"null",2,0.4,0,0,0.393983368169932,0.049,20
"null",2,0.5,0,0,0.492608602454939,0.0486,20
"null",2,0.6,0,0,0.591803421750343,0.0482,20
"null",2,0.7,0,0,0.691944936092336,0.0481,20
"null",2,0.8,0,0,0.793381008668281,0.0483,20
"null",2,0.9,0,0,0.895429787081909,0.0491,20
"individual",2,0,0,0.1,-0.0058305449749888,0.0492,1
"individual",2,0.1,0,0.1,0.0910349185560249,0.0482,1
"individual",2,0.2,0,0.1,0.188076817654868,0.048,1
"individual",2,0.3,0,0.1,0.285653220873485,0.0472,1
"individual",2,0.4,0,0.1,0.383991097202216,0.0485,1
"individual",2,0.5,0,0.1,0.482827467050164,0.048,1
"individual",2,0.6,0,0.1,0.58278139128658,0.0477,1
"individual",2,0.7,0,0.1,0.684728965759897,0.0462,1
"individual",2,0.8,0,0.1,0.788140516442187,0.048,1
"individual",2,0.9,0,0.1,0.8934849648034,0.0497,1
"individual",2,0,0,0.1,0.00718056609618596,0.049,2
"individual",2,0.1,0,0.1,0.103278140390015,0.0481,2
"individual",2,0.2,0,0.1,0.200047741325181,0.0477,2
"individual",2,0.3,0,0.1,0.296642383914309,0.0469,2
"individual",2,0.4,0,0.1,0.393163502617696,0.0467,2
"individual",2,0.5,0,0.1,0.490309078615357,0.0481,2
"individual",2,0.6,0,0.1,0.588371211435226,0.0483,2
"individual",2,0.7,0,0.1,0.687617112443949,0.0493,2
"individual",2,0.8,0,0.1,0.7889027760379,0.0496,2
"individual",2,0.9,0,0.1,0.892444790673534,0.0497,2
"individual",2,0,0,0.1,0.00558153054069671,0.0504,3
"individual",2,0.1,0,0.1,0.100600735495547,0.0502,3
"individual",2,0.2,0,0.1,0.196063220064488,0.0507,3
"individual",2,0.3,0,0.1,0.291714259532967,0.0507,3
"individual",2,0.4,0,0.1,0.388293901064161,0.0507,3
"individual",2,0.5,0,0.1,0.485900238096781,0.0508,3
"individual",2,0.6,0,0.1,0.584746440524899,0.0504,3
"individual",2,0.7,0,0.1,0.68522740153197,0.0499,3
"individual",2,0.8,0,0.1,0.78690944431901,0.0495,3
"individual",2,0.9,0,0.1,0.891432427662069,0.0498,3
"individual",2,0,0,0.1,-0.0141078602406334,0.0488,4
"individual",2,0.1,0,0.1,0.0819196475726638,0.0475,4
"individual",2,0.2,0,0.1,0.179763617365313,0.0475,4
"individual",2,0.3,0,0.1,0.278847148338905,0.0484,4
"individual",2,0.4,0,0.1,0.379768162062428,0.0483,4
"individual",2,0.5,0,0.1,0.481639106565216,0.0497,4
"individual",2,0.6,0,0.1,0.584286084205903,0.0492,4
"individual",2,0.7,0,0.1,0.687711778066221,0.0488,4
"individual",2,0.8,0,0.1,0.791171864751092,0.051,4
"individual",2,0.9,0,0.1,0.894815749021002,0.0503,4
"individual",2,0,0,0.1,0.0188201927727117,0.0489,5
"individual",2,0.1,0,0.1,0.114906721377366,0.0483,5
"individual",2,0.2,0,0.1,0.211558100763725,0.0471,5
"individual",2,0.3,0,0.1,0.307380636124733,0.0474,5
"individual",2,0.4,0,0.1,0.403656041703138,0.048,5
"individual",2,0.5,0,0.1,0.500508908542937,0.0481,5
"individual",2,0.6,0,0.1,0.598131646103553,0.048,5
"individual",2,0.7,0,0.1,0.696987078158321,0.0479,5
"individual",2,0.8,0,0.1,0.796718896915681,0.0478,5
"individual",2,0.9,0,0.1,0.897279214652566,0.049,5
"individual",2,0,0,0.1,0.016569065381409,0.0493,6
"individual",2,0.1,0,0.1,0.113261607216895,0.0493,6
"individual",2,0.2,0,0.1,0.209961231626118,0.0486,6
"individual",2,0.3,0,0.1,0.306781027632764,0.0476,6
"individual",2,0.4,0,0.1,0.403718025208393,0.0479,6
"individual",2,0.5,0,0.1,0.500997056330613,0.049,6
"individual",2,0.6,0,0.1,0.599212304866741,0.0492,6
"individual",2,0.7,0,0.1,0.698107676767478,0.0505,6
"individual",2,0.8,0,0.1,0.797650160519532,0.0507,6
"individual",2,0.9,0,0.1,0.897930937275661,0.051,6
"individual",2,0,0,0.1,0.00326328129924402,0.0482,7
"individual",2,0.1,0,0.1,0.0977287492506091,0.0487,7
"individual",2,0.2,0,0.1,0.192388141714764,0.0474,7
"individual",2,0.3,0,0.1,0.287645321855762,0.0468,7
"individual",2,0.4,0,0.1,0.384115210946266,0.047,7
"individual",2,0.5,0,0.1,0.48203165028009,0.0472,7
"individual",2,0.6,0,0.1,0.581650524600297,0.0492,7
"individual",2,0.7,0,0.1,0.683311358187337,0.0497,7
"individual",2,0.8,0,0.1,0.787209640306194,0.0497,7
"individual",2,0.9,0,0.1,0.892837537493668,0.0499,7
"individual",2,0,0,0.1,-0.00968097907383713,0.0514,8
"individual",2,0.1,0,0.1,0.0870854400094308,0.0501,8
"individual",2,0.2,0,0.1,0.184289687042462,0.0501,8
"individual",2,0.3,0,0.1,0.281350238433227,0.0491,8
"individual",2,0.4,0,0.1,0.37917938619865,0.0491,8
"individual",2,0.5,0,0.1,0.47811163113241,0.0485,8
"individual",2,0.6,0,0.1,0.57836281515085,0.048,8
"individual",2,0.7,0,0.1,0.680368591231088,0.0485,8
"individual",2,0.8,0,0.1,0.784478171061103,0.0483,8
"individual",2,0.9,0,0.1,0.891226926151538,0.0486,8
"individual",2,0,0,0.1,-0.00154701899956857,0.0539,9
"individual",2,0.1,0,0.1,0.094313679586901,0.0526,9
"individual",2,0.2,0,0.1,0.190154182707562,0.0513,9
"individual",2,0.3,0,0.1,0.286410205399617,0.0504,9
"individual",2,0.4,0,0.1,0.383505609241872,0.0489,9
"individual",2,0.5,0,0.1,0.482056715042763,0.0475,9
"individual",2,0.6,0,0.1,0.581720224338826,0.0484,9
"individual",2,0.7,0,0.1,0.68283853898359,0.0496,9
"individual",2,0.8,0,0.1,0.785810086350688,0.05,9
"individual",2,0.9,0,0.1,0.891244207065988,0.0505,9
"individual",2,0,0,0.1,0.0128820067115321,0.0489,10
"individual",2,0.1,0,0.1,0.108000737291876,0.0485,10
"individual",2,0.2,0,0.1,0.203061927546834,0.0475,10
"individual",2,0.3,0,0.1,0.298081050913753,0.0474,10
"individual",2,0.4,0,0.1,0.393349103830544,0.0469,10
"individual",2,0.5,0,0.1,0.489346549781256,0.0466,10
"individual",2,0.6,0,0.1,0.587197204741784,0.0478,10
"individual",2,0.7,0,0.1,0.686554395706623,0.0481,10
"individual",2,0.8,0,0.1,0.788083495898491,0.048,10
"individual",2,0.9,0,0.1,0.892508323148883,0.0483,10
"individual",2,0,0,0.1,0.00450870353161277,0.0525,11
"individual",2,0.1,0,0.1,0.100994980777853,0.052,11
"individual",2,0.2,0,0.1,0.197601023801368,0.051,11
"individual",2,0.3,0,0.1,0.29461608195615,0.0515,11
"individual",2,0.4,0,0.1,0.392349879300964,0.051,11
"individual",2,0.5,0,0.1,0.490439779432117,0.051,11
"individual",2,0.6,0,0.1,0.589177757453753,0.0513,11
"individual",2,0.7,0,0.1,0.689815172935435,0.0513,11
"individual",2,0.8,0,0.1,0.791475750001489,0.05,11
"individual",2,0.9,0,0.1,0.894963649379489,0.0497,11
"individual",2,0,0,0.1,-0.00124516393279871,0.0507,12
"individual",2,0.1,0,0.1,0.0955120971152059,0.0497,12
"individual",2,0.2,0,0.1,0.192577126177102,0.0496,12
"individual",2,0.3,0,0.1,0.290118506392949,0.0491,12
"individual",2,0.4,0,0.1,0.388510884175534,0.0486,12
"individual",2,0.5,0,0.1,0.487338106244677,0.0493,12
"individual",2,0.6,0,0.1,0.587354565783029,0.049,12
"individual",2,0.7,0,0.1,0.68812717218571,0.0498,12
"individual",2,0.8,0,0.1,0.790340452088854,0.0503,12
"individual",2,0.9,0,0.1,0.893950489899565,0.0506,12
"individual",2,0,0,0.1,0.0039502406729,0.0493,13
"individual",2,0.1,0,0.1,0.0995089635843561,0.0477,13
"individual",2,0.2,0,0.1,0.194958339017753,0.0472,13
"individual",2,0.3,0,0.1,0.290842870217964,0.047,13
"individual",2,0.4,0,0.1,0.387325597255682,0.0474,13
"individual",2,0.5,0,0.1,0.484816294603917,0.0475,13
"individual",2,0.6,0,0.1,0.583420722038832,0.0475,13
"individual",2,0.7,0,0.1,0.683748265517563,0.0482,13
"individual",2,0.8,0,0.1,0.786533542763765,0.0487,13
"individual",2,0.9,0,0.1,0.891657605979604,0.0494,13
"individual",2,0,0,0.1,0.00711070958648245,0.0488,14
"individual",2,0.1,0,0.1,0.10197368250172,0.0495,14
"individual",2,0.2,0,0.1,0.19698303665509,0.0485,14
"individual",2,0.3,0,0.1,0.292532493111622,0.0479,14
"individual",2,0.4,0,0.1,0.389011801554593,0.0486,14
"individual",2,0.5,0,0.1,0.486449306221535,0.0491,14
"individual",2,0.6,0,0.1,0.585708107968987,0.0484,14
"individual",2,0.7,0,0.1,0.686398572209174,0.0498,14
"individual",2,0.8,0,0.1,0.788801411615854,0.0503,14
"individual",2,0.9,0,0.1,0.893217147074061,0.0497,14
"individual",2,0,0,0.1,-0.00473253103303702,0.0487,15
"individual",2,0.1,0,0.1,0.0950250529736919,0.0486,15
"individual",2,0.2,0,0.1,0.19434976146817,0.0479,15
"individual",2,0.3,0,0.1,0.293828490647663,0.0475,15
"individual",2,0.4,0,0.1,0.393490506609935,0.0496,15
"individual",2,0.5,0,0.1,0.493578339016095,0.0484,15
"individual",2,0.6,0,0.1,0.593927191380819,0.0491,15
"individual",2,0.7,0,0.1,0.693856523389783,0.0503,15
"individual",2,0.8,0,0.1,0.794123573028575,0.0504,15
"individual",2,0.9,0,0.1,0.895738977230624,0.0522,15
"individual",2,0,0,0.1,-0.0109474681791079,0.0499,16
"individual",2,0.1,0,0.1,0.0848275156576895,0.0502,16
"individual",2,0.2,0,0.1,0.181130019900259,0.0504,16
"individual",2,0.3,0,0.1,0.278224348375737,0.0497,16
"individual",2,0.4,0,0.1,0.376531468362509,0.0502,16
"individual",2,0.5,0,0.1,0.476400152563699,0.0509,16
"individual",2,0.6,0,0.1,0.577828528332957,0.0506,16
"individual",2,0.7,0,0.1,0.681465740054408,0.0494,16
"individual",2,0.8,0,0.1,0.786749555151584,0.0497,16
"individual",2,0.9,0,0.1,0.893220069236299,0.0489,16
"individual",2,0,0,0.1,0.00829296625685572,0.0479,17
"individual",2,0.1,0,0.1,0.104846048337308,0.0477,17
"individual",2,0.2,0,0.1,0.200982994428111,0.0485,17
"individual",2,0.3,0,0.1,0.297531538519534,0.0494,17
"individual",2,0.4,0,0.1,0.394426193558966,0.0497,17
"individual",2,0.5,0,0.1,0.49252980163599,0.0494,17
"individual",2,0.6,0,0.1,0.591253492741646,0.049,17
"individual",2,0.7,0,0.1,0.690523902344703,0.0491,17
"individual",2,0.8,0,0.1,0.791755066760436,0.0486,17
"individual",2,0.9,0,0.1,0.89427454361093,0.0486,17
"individual",2,0,0,0.1,0.00703444762231219,0.0511,18
"individual",2,0.1,0,0.1,0.103777625616925,0.0497,18
"individual",2,0.2,0,0.1,0.200336073168745,0.0488,18
"individual",2,0.3,0,0.1,0.297472499107146,0.0485,18
"individual",2,0.4,0,0.1,0.394900111085544,0.0478,18
"individual",2,0.5,0,0.1,0.493176292343787,0.0472,18
"individual",2,0.6,0,0.1,0.591675522441733,0.0488,18
"individual",2,0.7,0,0.1,0.691783798929824,0.0489,18
"individual",2,0.8,0,0.1,0.793005915462172,0.0497,18
"individual",2,0.9,0,0.1,0.895445214436985,0.0498,18
"individual",2,0,0,0.1,-0.00525347994861198,0.0491,19
"individual",2,0.1,0,0.1,0.0905974825602192,0.0487,19
"individual",2,0.2,0,0.1,0.186903466271294,0.0484,19
"individual",2,0.3,0,0.1,0.283607856192633,0.0487,19
"individual",2,0.4,0,0.1,0.381744600512316,0.0495,19
"individual",2,0.5,0,0.1,0.480821228663252,0.0505,19
"individual",2,0.6,0,0.1,0.581085188039221,0.0507,19
"individual",2,0.7,0,0.1,0.682803725787109,0.0496,19
"individual",2,0.8,0,0.1,0.786876723763871,0.0501,19
"individual",2,0.9,0,0.1,0.892602283606034,0.0509,19
"individual",2,0,0,0.1,0.00550924032974716,0.0498,20
"individual",2,0.1,0,0.1,0.103061292389702,0.05,20
"individual",2,0.2,0,0.1,0.201120141947515,0.0502,20
"individual",2,0.3,0,0.1,0.29843790956259,0.0502,20
"individual",2,0.4,0,0.1,0.396225065601991,0.0492,20
"individual",2,0.5,0,0.1,0.494438672684072,0.0492,20
"individual",2,0.6,0,0.1,0.593305995430806,0.0495,20
"individual",2,0.7,0,0.1,0.693148536452958,0.0494,20
"individual",2,0.8,0,0.1,0.794307344358961,0.0499,20
"individual",2,0.9,0,0.1,0.895953024774232,0.0499,20
"opposite",2,0,0,0.1,-0.0058305449749888,0.0319,1
"opposite",2,0.1,0,0.1,0.0910349185560249,0.0289,1
"opposite",2,0.2,0,0.1,0.188076817654868,0.0269,1
"opposite",2,0.3,0,0.1,0.285653220873485,0.0254,1
"opposite",2,0.4,0,0.1,0.383991097202216,0.0228,1
"opposite",2,0.5,0,0.1,0.482827467050164,0.022,1
"opposite",2,0.6,0,0.1,0.58278139128658,0.0217,1
"opposite",2,0.7,0,0.1,0.684728965759897,0.0222,1
"opposite",2,0.8,0,0.1,0.788140516442187,0.0226,1
"opposite",2,0.9,0,0.1,0.8934849648034,0.0237,1
"opposite",2,0,0,0.1,0.00718056609618596,0.0307,2
"opposite",2,0.1,0,0.1,0.103278140390015,0.0297,2
"opposite",2,0.2,0,0.1,0.200047741325181,0.0287,2
"opposite",2,0.3,0,0.1,0.296642383914309,0.0273,2
"opposite",2,0.4,0,0.1,0.393163502617696,0.0258,2
"opposite",2,0.5,0,0.1,0.490309078615357,0.025,2
"opposite",2,0.6,0,0.1,0.588371211435226,0.0244,2
"opposite",2,0.7,0,0.1,0.687617112443949,0.0241,2
"opposite",2,0.8,0,0.1,0.7889027760379,0.0239,2
"opposite",2,0.9,0,0.1,0.892444790673534,0.0237,2
"opposite",2,0,0,0.1,0.00558153054069671,0.0287,3
"opposite",2,0.1,0,0.1,0.100600735495547,0.0275,3
"opposite",2,0.2,0,0.1,0.196063220064488,0.0263,3
"opposite",2,0.3,0,0.1,0.291714259532967,0.0253,3
"opposite",2,0.4,0,0.1,0.388293901064161,0.0244,3
"opposite",2,0.5,0,0.1,0.485900238096781,0.0238,3
"opposite",2,0.6,0,0.1,0.584746440524899,0.0233,3
"opposite",2,0.7,0,0.1,0.68522740153197,0.0228,3
"opposite",2,0.8,0,0.1,0.78690944431901,0.0235,3
"opposite",2,0.9,0,0.1,0.891432427662069,0.0238,3
"opposite",2,0,0,0.1,-0.0141078602406334,0.0288,4
"opposite",2,0.1,0,0.1,0.0819196475726638,0.0278,4
"opposite",2,0.2,0,0.1,0.179763617365313,0.0271,4
"opposite",2,0.3,0,0.1,0.278847148338905,0.0263,4
"opposite",2,0.4,0,0.1,0.379768162062428,0.0249,4
"opposite",2,0.5,0,0.1,0.481639106565216,0.0237,4
"opposite",2,0.6,0,0.1,0.584286084205903,0.0234,4
"opposite",2,0.7,0,0.1,0.687711778066221,0.0235,4
"opposite",2,0.8,0,0.1,0.791171864751092,0.0238,4
"opposite",2,0.9,0,0.1,0.894815749021002,0.0253,4
"opposite",2,0,0,0.1,0.0188201927727117,0.03,5
"opposite",2,0.1,0,0.1,0.114906721377366,0.0276,5
"opposite",2,0.2,0,0.1,0.211558100763725,0.0264,5
"opposite",2,0.3,0,0.1,0.307380636124733,0.0254,5
"opposite",2,0.4,0,0.1,0.403656041703138,0.0243,5
"opposite",2,0.5,0,0.1,0.500508908542937,0.0241,5
"opposite",2,0.6,0,0.1,0.598131646103553,0.0243,5
"opposite",2,0.7,0,0.1,0.696987078158321,0.0238,5
"opposite",2,0.8,0,0.1,0.796718896915681,0.0238,5
"opposite",2,0.9,0,0.1,0.897279214652566,0.0247,5
"opposite",2,0,0,0.1,0.016569065381409,0.0291,6
"opposite",2,0.1,0,0.1,0.113261607216895,0.0276,6
"opposite",2,0.2,0,0.1,0.209961231626118,0.0264,6
"opposite",2,0.3,0,0.1,0.306781027632764,0.0244,6
"opposite",2,0.4,0,0.1,0.403718025208393,0.0242,6
"opposite",2,0.5,0,0.1,0.500997056330613,0.0236,6
"opposite",2,0.6,0,0.1,0.599212304866741,0.023,6
"opposite",2,0.7,0,0.1,0.698107676767478,0.0237,6
"opposite",2,0.8,0,0.1,0.797650160519532,0.0247,6
"opposite",2,0.9,0,0.1,0.897930937275661,0.0241,6
"opposite",2,0,0,0.1,0.00326328129924402,0.0279,7
"opposite",2,0.1,0,0.1,0.0977287492506091,0.0266,7
"opposite",2,0.2,0,0.1,0.192388141714764,0.0253,7
"opposite",2,0.3,0,0.1,0.287645321855762,0.024,7
"opposite",2,0.4,0,0.1,0.384115210946266,0.0237,7
"opposite",2,0.5,0,0.1,0.48203165028009,0.0232,7
"opposite",2,0.6,0,0.1,0.581650524600297,0.0231,7
"opposite",2,0.7,0,0.1,0.683311358187337,0.0225,7
"opposite",2,0.8,0,0.1,0.787209640306194,0.0225,7
"opposite",2,0.9,0,0.1,0.892837537493668,0.0241,7
"opposite",2,0,0,0.1,-0.00968097907383713,0.0303,8
"opposite",2,0.1,0,0.1,0.0870854400094308,0.0277,8
"opposite",2,0.2,0,0.1,0.184289687042462,0.0264,8
"opposite",2,0.3,0,0.1,0.281350238433227,0.0243,8
"opposite",2,0.4,0,0.1,0.37917938619865,0.0234,8
"opposite",2,0.5,0,0.1,0.47811163113241,0.0223,8
"opposite",2,0.6,0,0.1,0.57836281515085,0.0208,8
"opposite",2,0.7,0,0.1,0.680368591231088,0.0209,8
"opposite",2,0.8,0,0.1,0.784478171061103,0.0214,8
"opposite",2,0.9,0,0.1,0.891226926151538,0.0232,8
"opposite",2,0,0,0.1,-0.00154701899956857,0.0269,9
"opposite",2,0.1,0,0.1,0.094313679586901,0.0258,9
"opposite",2,0.2,0,0.1,0.190154182707562,0.025,9
"opposite",2,0.3,0,0.1,0.286410205399617,0.023,9
"opposite",2,0.4,0,0.1,0.383505609241872,0.0222,9
"opposite",2,0.5,0,0.1,0.482056715042763,0.0215,9
"opposite",2,0.6,0,0.1,0.581720224338826,0.0203,9
"opposite",2,0.7,0,0.1,0.68283853898359,0.0196,9
"opposite",2,0.8,0,0.1,0.785810086350688,0.0199,9
"opposite",2,0.9,0,0.1,0.891244207065988,0.021,9
"opposite",2,0,0,0.1,0.0128820067115321,0.0284,10
"opposite",2,0.1,0,0.1,0.108000737291876,0.0281,10
"opposite",2,0.2,0,0.1,0.203061927546834,0.0273,10
"opposite",2,0.3,0,0.1,0.298081050913753,0.0254,10
"opposite",2,0.4,0,0.1,0.393349103830544,0.025,10
"opposite",2,0.5,0,0.1,0.489346549781256,0.0223,10
"opposite",2,0.6,0,0.1,0.587197204741784,0.021,10
"opposite",2,0.7,0,0.1,0.686554395706623,0.0213,10
"opposite",2,0.8,0,0.1,0.788083495898491,0.0214,10
"opposite",2,0.9,0,0.1,0.892508323148883,0.0221,10
"opposite",2,0,0,0.1,0.00450870353161277,0.0303,11
"opposite",2,0.1,0,0.1,0.100994980777853,0.0278,11
"opposite",2,0.2,0,0.1,0.197601023801368,0.0261,11
"opposite",2,0.3,0,0.1,0.29461608195615,0.0248,11
"opposite",2,0.4,0,0.1,0.392349879300964,0.0245,11
"opposite",2,0.5,0,0.1,0.490439779432117,0.0237,11
"opposite",2,0.6,0,0.1,0.589177757453753,0.0231,11
"opposite",2,0.7,0,0.1,0.689815172935435,0.0234,11
"opposite",2,0.8,0,0.1,0.791475750001489,0.0229,11
"opposite",2,0.9,0,0.1,0.894963649379489,0.023,11
"opposite",2,0,0,0.1,-0.00124516393279871,0.0303,12
"opposite",2,0.1,0,0.1,0.0955120971152059,0.0279,12
"opposite",2,0.2,0,0.1,0.192577126177102,0.0263,12
"opposite",2,0.3,0,0.1,0.290118506392949,0.0245,12
"opposite",2,0.4,0,0.1,0.388510884175534,0.0228,12
"opposite",2,0.5,0,0.1,0.487338106244677,0.022,12
"opposite",2,0.6,0,0.1,0.587354565783029,0.022,12
"opposite",2,0.7,0,0.1,0.68812717218571,0.0214,12
"opposite",2,0.8,0,0.1,0.790340452088854,0.0214,12
"opposite",2,0.9,0,0.1,0.893950489899565,0.022,12
"opposite",2,0,0,0.1,0.0039502406729,0.0291,13
"opposite",2,0.1,0,0.1,0.0995089635843561,0.0278,13
"opposite",2,0.2,0,0.1,0.194958339017753,0.0274,13
"opposite",2,0.3,0,0.1,0.290842870217964,0.0256,13
"opposite",2,0.4,0,0.1,0.387325597255682,0.0247,13
"opposite",2,0.5,0,0.1,0.484816294603917,0.0233,13
"opposite",2,0.6,0,0.1,0.583420722038832,0.0233,13
"opposite",2,0.7,0,0.1,0.683748265517563,0.0223,13
"opposite",2,0.8,0,0.1,0.786533542763765,0.0221,13
"opposite",2,0.9,0,0.1,0.891657605979604,0.0222,13
"opposite",2,0,0,0.1,0.00711070958648245,0.0271,14
"opposite",2,0.1,0,0.1,0.10197368250172,0.0261,14
"opposite",2,0.2,0,0.1,0.19698303665509,0.0251,14
"opposite",2,0.3,0,0.1,0.292532493111622,0.0236,14
"opposite",2,0.4,0,0.1,0.389011801554593,0.0224,14
"opposite",2,0.5,0,0.1,0.486449306221535,0.0227,14
"opposite",2,0.6,0,0.1,0.585708107968987,0.0217,14
"opposite",2,0.7,0,0.1,0.686398572209174,0.0223,14
"opposite",2,0.8,0,0.1,0.788801411615854,0.022,14
"opposite",2,0.9,0,0.1,0.893217147074061,0.0224,14
"opposite",2,0,0,0.1,-0.00473253103303702,0.0281,15
"opposite",2,0.1,0,0.1,0.0950250529736919,0.0269,15
"opposite",2,0.2,0,0.1,0.19434976146817,0.0256,15
"opposite",2,0.3,0,0.1,0.293828490647663,0.0249,15
"opposite",2,0.4,0,0.1,0.393490506609935,0.0235,15
"opposite",2,0.5,0,0.1,0.493578339016095,0.0224,15
"opposite",2,0.6,0,0.1,0.593927191380819,0.0227,15
"opposite",2,0.7,0,0.1,0.693856523389783,0.0234,15
"opposite",2,0.8,0,0.1,0.794123573028575,0.024,15
"opposite",2,0.9,0,0.1,0.895738977230624,0.0235,15
"opposite",2,0,0,0.1,-0.0109474681791079,0.0294,16
"opposite",2,0.1,0,0.1,0.0848275156576895,0.0269,16
"opposite",2,0.2,0,0.1,0.181130019900259,0.0254,16
"opposite",2,0.3,0,0.1,0.278224348375737,0.024,16
"opposite",2,0.4,0,0.1,0.376531468362509,0.0238,16
"opposite",2,0.5,0,0.1,0.476400152563699,0.0245,16
"opposite",2,0.6,0,0.1,0.577828528332957,0.0244,16
"opposite",2,0.7,0,0.1,0.681465740054408,0.0242,16
"opposite",2,0.8,0,0.1,0.786749555151584,0.024,16
"opposite",2,0.9,0,0.1,0.893220069236299,0.0235,16
"opposite",2,0,0,0.1,0.00829296625685572,0.0303,17
"opposite",2,0.1,0,0.1,0.104846048337308,0.0286,17
"opposite",2,0.2,0,0.1,0.200982994428111,0.0271,17
"opposite",2,0.3,0,0.1,0.297531538519534,0.0255,17
"opposite",2,0.4,0,0.1,0.394426193558966,0.0243,17
"opposite",2,0.5,0,0.1,0.49252980163599,0.0231,17
"opposite",2,0.6,0,0.1,0.591253492741646,0.0221,17
"opposite",2,0.7,0,0.1,0.690523902344703,0.0214,17
"opposite",2,0.8,0,0.1,0.791755066760436,0.0212,17
"opposite",2,0.9,0,0.1,0.89427454361093,0.0211,17
"opposite",2,0,0,0.1,0.00703444762231219,0.029,18
"opposite",2,0.1,0,0.1,0.103777625616925,0.0266,18
"opposite",2,0.2,0,0.1,0.200336073168745,0.0251,18
"opposite",2,0.3,0,0.1,0.297472499107146,0.0239,18
"opposite",2,0.4,0,0.1,0.394900111085544,0.0236,18
"opposite",2,0.5,0,0.1,0.493176292343787,0.0225,18
"opposite",2,0.6,0,0.1,0.591675522441733,0.0223,18
"opposite",2,0.7,0,0.1,0.691783798929824,0.0226,18
"opposite",2,0.8,0,0.1,0.793005915462172,0.0227,18
"opposite",2,0.9,0,0.1,0.895445214436985,0.0234,18
"opposite",2,0,0,0.1,-0.00525347994861198,0.0276,19
"opposite",2,0.1,0,0.1,0.0905974825602192,0.028,19
"opposite",2,0.2,0,0.1,0.186903466271294,0.0261,19
"opposite",2,0.3,0,0.1,0.283607856192633,0.0253,19
"opposite",2,0.4,0,0.1,0.381744600512316,0.0238,19
"opposite",2,0.5,0,0.1,0.480821228663252,0.0236,19
"opposite",2,0.6,0,0.1,0.581085188039221,0.0234,19
"opposite",2,0.7,0,0.1,0.682803725787109,0.0233,19
"opposite",2,0.8,0,0.1,0.786876723763871,0.0236,19
"opposite",2,0.9,0,0.1,0.892602283606034,0.0233,19
"opposite",2,0,0,0.1,0.00550924032974716,0.0303,20
"opposite",2,0.1,0,0.1,0.103061292389702,0.0267,20
"opposite",2,0.2,0,0.1,0.201120141947515,0.0252,20
"opposite",2,0.3,0,0.1,0.29843790956259,0.0242,20
"opposite",2,0.4,0,0.1,0.396225065601991,0.0244,20
"opposite",2,0.5,0,0.1,0.494438672684072,0.0236,20
"opposite",2,0.6,0,0.1,0.593305995430806,0.0229,20
"opposite",2,0.7,0,0.1,0.693148536452958,0.0226,20
"opposite",2,0.8,0,0.1,0.794307344358961,0.0225,20
"opposite",2,0.9,0,0.1,0.895953024774232,0.0226,20
"individual",2,0,0,0.2,-0.00256038045016216,0.0498,1
"individual",2,0.1,0,0.2,0.0944146524370096,0.0493,1
"individual",2,0.2,0,0.2,0.19147800990689,0.0486,1
"individual",2,0.3,0,0.2,0.288782704369108,0.0485,1
"individual",2,0.4,0,0.2,0.386874941089,0.0467,1
"individual",2,0.5,0,0.2,0.48535274558645,0.0449,1
"individual",2,0.6,0,0.2,0.584962037835916,0.0446,1
"individual",2,0.7,0,0.2,0.686516295942976,0.0448,1
"individual",2,0.8,0,0.2,0.78932300233825,0.0448,1
"individual",2,0.9,0,0.2,0.894144673153908,0.0471,1
"individual",2,0,0,0.2,0.0117701436629482,0.0501,2
"individual",2,0.1,0,0.2,0.107597257080001,0.0495,2
"individual",2,0.2,0,0.2,0.203955899538212,0.0491,2
"individual",2,0.3,0,0.2,0.299975335595243,0.0481,2
"individual",2,0.4,0,0.2,0.395912654156166,0.0463,2
"individual",2,0.5,0,0.2,0.492441844360975,0.0463,2
"individual",2,0.6,0,0.2,0.589910810349474,0.0465,2
"individual",2,0.7,0,0.2,0.68869263146833,0.0465,2
"individual",2,0.8,0,0.2,0.789566090543622,0.0461,2
"individual",2,0.9,0,0.2,0.892712386011539,0.0454,2
"individual",2,0,0,0.2,0.0101004986499163,0.0484,3
"individual",2,0.1,0,0.2,0.104557010922237,0.0489,3
"individual",2,0.2,0,0.2,0.199414394084143,0.0478,3
"individual",2,0.3,0,0.2,0.294352010569172,0.0479,3
"individual",2,0.4,0,0.2,0.390249107709788,0.0476,3
"individual",2,0.5,0,0.2,0.486987749868882,0.048,3
"individual",2,0.6,0,0.2,0.585116286814318,0.0488,3
"individual",2,0.7,0,0.2,0.685012041347648,0.0487,3
"individual",2,0.8,0,0.2,0.786244605584805,0.0488,3
"individual",2,0.9,0,0.2,0.890898836771327,0.0491,3
"individual",2,0,0,0.2,-0.0176309590098521,0.0499,4
"individual",2,0.1,0,0.2,0.0786676513483042,0.0486,4
"individual",2,0.2,0,0.2,0.176998068092356,0.0487,4
"individual",2,0.3,0,0.2,0.276753410693432,0.0483,4
"individual",2,0.4,0,0.2,0.378025960445268,0.0473,4
"individual",2,0.5,0,0.2,0.480308331368507,0.0476,4
"individual",2,0.6,0,0.2,0.58341217480945,0.0488,4
"individual",2,0.7,0,0.2,0.687058827921233,0.0482,4
"individual",2,0.8,0,0.2,0.790677712057363,0.0476,4
"individual",2,0.9,0,0.2,0.894438689903501,0.0482,4
"individual",2,0,0,0.2,0.018110905463935,0.0488,5
"individual",2,0.1,0,0.2,0.114121386076549,0.047,5
"individual",2,0.2,0,0.2,0.210863884380544,0.0465,5
"individual",2,0.3,0,0.2,0.306667791493757,0.0466,5
"individual",2,0.4,0,0.2,0.402934765617953,0.0461,5
"individual",2,0.5,0,0.2,0.500017119324519,0.0463,5
"individual",2,0.6,0,0.2,0.59780607218123,0.047,5
"individual",2,0.7,0,0.2,0.696676973051555,0.0479,5
"individual",2,0.8,0,0.2,0.796370671365162,0.0483,5
"individual",2,0.9,0,0.2,0.896908464017416,0.0473,5
"individual",2,0,0,0.2,0.0112556284123614,0.0503,6
"individual",2,0.1,0,0.2,0.109024615221002,0.0496,6
"individual",2,0.2,0,0.2,0.206853683315531,0.0499,6
"individual",2,0.3,0,0.2,0.304944823148248,0.0492,6
"individual",2,0.4,0,0.2,0.402943019317055,0.0497,6
"individual",2,0.5,0,0.2,0.501147308774848,0.0499,6
"individual",2,0.6,0,0.2,0.599790233638126,0.0498,6
"individual",2,0.7,0,0.2,0.698714850805632,0.0494,6
"individual",2,0.8,0,0.2,0.797980041628331,0.0492,6
"individual",2,0.9,0,0.2,0.89792075350831,0.0487,6
"individual",2,0,0,0.2,0.00364765983341697,0.0498,7
"individual",2,0.1,0,0.2,0.0978524848997997,0.0485,7
"individual",2,0.2,0,0.2,0.192500407318149,0.0473,7
"individual",2,0.3,0,0.2,0.287716671187666,0.047,7
"individual",2,0.4,0,0.2,0.384131274591959,0.0465,7
"individual",2,0.5,0,0.2,0.482065605000873,0.046,7
"individual",2,0.6,0,0.2,0.581656758009338,0.046,7
"individual",2,0.7,0,0.2,0.683452909600425,0.0461,7
"individual",2,0.8,0,0.2,0.787485643698635,0.0476,7
"individual",2,0.9,0,0.2,0.893051294638826,0.0491,7
"individual",2,0,0,0.2,-0.00113890123038544,0.0495,8
"individual",2,0.1,0,0.2,0.0959486707594727,0.049,8
"individual",2,0.2,0,0.2,0.193696649222305,0.0473,8
"individual",2,0.3,0,0.2,0.290945672371378,0.0468,8
"individual",2,0.4,0,0.2,0.388608595350035,0.0468,8
"individual",2,0.5,0,0.2,0.487181362883747,0.0458,8
"individual",2,0.6,0,0.2,0.58634883454343,0.0445,8
"individual",2,0.7,0,0.2,0.686714655018376,0.0442,8
"individual",2,0.8,0,0.2,0.788636594659123,0.0438,8
"individual",2,0.9,0,0.2,0.892866741971573,0.0454,8
"individual",2,0,0,0.2,0.00845910844919294,0.0514,9
"individual",2,0.1,0,0.2,0.104362725195208,0.0506,9
"individual",2,0.2,0,0.2,0.199542102025777,0.0514,9
"individual",2,0.3,0,0.2,0.295100307685664,0.0501,9
"individual",2,0.4,0,0.2,0.391123987613561,0.0496,9
"individual",2,0.5,0,0.2,0.488519585497111,0.0492,9
"individual",2,0.6,0,0.2,0.586789927444353,0.0483,9
"individual",2,0.7,0,0.2,0.686457820970284,0.0474,9
"individual",2,0.8,0,0.2,0.787810264569919,0.0466,9
"individual",2,0.9,0,0.2,0.891754451255104,0.0474,9
"individual",2,0,0,0.2,0.00982992646400583,0.0502,10
"individual",2,0.1,0,0.2,0.104911624870218,0.0492,10
"individual",2,0.2,0,0.2,0.20027605864962,0.0481,10
"individual",2,0.3,0,0.2,0.295505583564403,0.047,10
"individual",2,0.4,0,0.2,0.391134841783783,0.0477,10
"individual",2,0.5,0,0.2,0.487448926475314,0.047,10
"individual",2,0.6,0,0.2,0.58593627119946,0.0458,10
"individual",2,0.7,0,0.2,0.685905206791602,0.0455,10
"individual",2,0.8,0,0.2,0.787936417996294,0.046,10
"individual",2,0.9,0,0.2,0.892765716772975,0.0454,10
"individual",2,0,0,0.2,0.00179510573304176,0.0519,11
"individual",2,0.1,0,0.2,0.0986240207773,0.051,11
"individual",2,0.2,0,0.2,0.195533821753103,0.0498,11
"individual",2,0.3,0,0.2,0.292929365802919,0.0489,11
"individual",2,0.4,0,0.2,0.391013225600812,0.049,11
"individual",2,0.5,0,0.2,0.489433852454452,0.0475,11
"individual",2,0.6,0,0.2,0.588519844699445,0.0472,11
"individual",2,0.7,0,0.2,0.68938832954764,0.0479,11
"individual",2,0.8,0,0.2,0.791231533477958,0.048,11
"individual",2,0.9,0,0.2,0.894771273718632,0.0475,11
"individual",2,0,0,0.2,-0.00632549062368283,0.0501,12
"individual",2,0.1,0,0.2,0.0898649049633143,0.0488,12
"individual",2,0.2,0,0.2,0.186638133908795,0.0484,12
"individual",2,0.3,0,0.2,0.283989028880601,0.0474,12
"individual",2,0.4,0,0.2,0.382306456741506,0.0477,12
"individual",2,0.5,0,0.2,0.481792248183012,0.0481,12
"individual",2,0.6,0,0.2,0.582545849667769,0.0476,12
"individual",2,0.7,0,0.2,0.684610586551505,0.0466,12
"individual",2,0.8,0,0.2,0.788046940502296,0.0471,12
"individual",2,0.9,0,0.2,0.893214772734721,0.0485,12
"individual",2,0,0,0.2,0.00637018298396716,0.0485,13
"individual",2,0.1,0,0.2,0.101794199056655,0.0474,13
"individual",2,0.2,0,0.2,0.197072632151272,0.0474,13
"individual",2,0.3,0,0.2,0.292762293967585,0.0469,13
"individual",2,0.4,0,0.2,0.388982166032612,0.0463,13
"individual",2,0.5,0,0.2,0.486178493881519,0.0461,13
"individual",2,0.6,0,0.2,0.584496035980156,0.0477,13
"individual",2,0.7,0,0.2,0.684548819209227,0.0473,13
"individual",2,0.8,0,0.2,0.787060815956695,0.0473,13
"individual",2,0.9,0,0.2,0.891807151952744,0.0474,13
"individual",2,0,0,0.2,0.00505383493212874,0.0497,14
"individual",2,0.1,0,0.2,0.100101496969875,0.0476,14
"individual",2,0.2,0,0.2,0.195331822625305,0.0469,14
"individual",2,0.3,0,0.2,0.291072017541726,0.0471,14
"individual",2,0.4,0,0.2,0.387851694256826,0.047,14
"individual",2,0.5,0,0.2,0.485438564031995,0.0471,14
"individual",2,0.6,0,0.2,0.584795402876767,0.0469,14
"individual",2,0.7,0,0.2,0.685672364827786,0.0466,14
"individual",2,0.8,0,0.2,0.78840768072524,0.0469,14
"individual",2,0.9,0,0.2,0.893085305088619,0.0472,14
"individual",2,0,0,0.2,-0.0063388184973374,0.0502,15
"individual",2,0.1,0,0.2,0.0935880854876997,0.0487,15
"individual",2,0.2,0,0.2,0.192997503149779,0.0478,15
"individual",2,0.3,0,0.2,0.292776770878136,0.0484,15
"individual",2,0.4,0,0.2,0.392658841672113,0.0482,15
"individual",2,0.5,0,0.2,0.493150842478278,0.0483,15
"individual",2,0.6,0,0.2,0.593939037302608,0.0488,15
"individual",2,0.7,0,0.2,0.694173711838948,0.0487,15
"individual",2,0.8,0,0.2,0.794771866769492,0.0496,15
"individual",2,0.9,0,0.2,0.896512436570703,0.0492,15
"individual",2,0,0,0.2,-0.0088688361748272,0.0507,16
"individual",2,0.1,0,0.2,0.0868021414941143,0.0494,16
"individual",2,0.2,0,0.2,0.183083501639834,0.0472,16
"individual",2,0.3,0,0.2,0.279978366223771,0.0472,16
"individual",2,0.4,0,0.2,0.378063402333935,0.0482,16
"individual",2,0.5,0,0.2,0.477534741560353,0.0488,16
"individual",2,0.6,0,0.2,0.578548997968363,0.0483,16
"individual",2,0.7,0,0.2,0.681749694430347,0.0472,16
"individual",2,0.8,0,0.2,0.786620038128474,0.0471,16
"individual",2,0.9,0,0.2,0.893167854665061,0.046,16
"individual",2,0,0,0.2,0.0121072523003563,0.0492,17
"individual",2,0.1,0,0.2,0.10862612978039,0.0485,17
"individual",2,0.2,0,0.2,0.204736939959566,0.0478,17
"individual",2,0.3,0,0.2,0.301257771559625,0.0481,17
"individual",2,0.4,0,0.2,0.397853614339436,0.0471,17
"individual",2,0.5,0,0.2,0.495528005864723,0.0469,17
"individual",2,0.6,0,0.2,0.593490448915136,0.0457,17
"individual",2,0.7,0,0.2,0.692115238008099,0.045,17
"individual",2,0.8,0,0.2,0.79257634445378,0.0443,17
"individual",2,0.9,0,0.2,0.894628342574504,0.0441,17
"individual",2,0,0,0.2,0.00983441027858212,0.0497,18
"individual",2,0.1,0,0.2,0.106994167778499,0.0491,18
"individual",2,0.2,0,0.2,0.203741643924986,0.0487,18
"individual",2,0.3,0,0.2,0.300979698549827,0.0471,18
"individual",2,0.4,0,0.2,0.398624894958986,0.0467,18
"individual",2,0.5,0,0.2,0.496538269099524,0.0469,18
"individual",2,0.6,0,0.2,0.594736669824082,0.0465,18
"individual",2,0.7,0,0.2,0.694444540361106,0.0471,18
"individual",2,0.8,0,0.2,0.794814755526464,0.0479,18
"individual",2,0.9,0,0.2,0.896610971655738,0.0479,18
"individual",2,0,0,0.2,-0.00954304252308952,0.0501,19
"individual",2,0.1,0,0.2,0.0866735872305345,0.0496,19
"individual",2,0.2,0,0.2,0.183599612173127,0.0479,19
"individual",2,0.3,0,0.2,0.280903736393045,0.0476,19
"individual",2,0.4,0,0.2,0.37941685138689,0.0476,19
"individual",2,0.5,0,0.2,0.479053348087898,0.0479,19
"individual",2,0.6,0,0.2,0.579827916185668,0.0483,19
"individual",2,0.7,0,0.2,0.682007283467526,0.0481,19
"individual",2,0.8,0,0.2,0.786331186352578,0.0483,19
"individual",2,0.9,0,0.2,0.892347367672362,0.0498,19
"individual",2,0,0,0.2,0.00139614710691651,0.0521,20
"individual",2,0.1,0,0.2,0.0987881765764765,0.0505,20
"individual",2,0.2,0,0.2,0.196608386991467,0.0487,20
"individual",2,0.3,0,0.2,0.293943745183524,0.0467,20
"individual",2,0.4,0,0.2,0.392197810821604,0.0471,20
"individual",2,0.5,0,0.2,0.490740916085021,0.0472,20
"individual",2,0.6,0,0.2,0.590071688822508,0.047,20
"individual",2,0.7,0,0.2,0.69077970928727,0.0478,20
"individual",2,0.8,0,0.2,0.792829753382967,0.0473,20
"individual",2,0.9,0,0.2,0.895347921911532,0.048,20
"opposite",2,0,0,0.2,-0.00256038045016216,0.0212,1
"opposite",2,0.1,0,0.2,0.0944146524370096,0.0184,1
"opposite",2,0.2,0,0.2,0.19147800990689,0.0154,1
"opposite",2,0.3,0,0.2,0.288782704369108,0.014,1
"opposite",2,0.4,0,0.2,0.386874941089,0.0122,1
"opposite",2,0.5,0,0.2,0.48535274558645,0.0105,1
"opposite",2,0.6,0,0.2,0.584962037835916,0.01,1
"opposite",2,0.7,0,0.2,0.686516295942976,0.0089,1
"opposite",2,0.8,0,0.2,0.78932300233825,0.0096,1
"opposite",2,0.9,0,0.2,0.894144673153908,0.0091,1
"opposite",2,0,0,0.2,0.0117701436629482,0.0183,2
"opposite",2,0.1,0,0.2,0.107597257080001,0.0169,2
"opposite",2,0.2,0,0.2,0.203955899538212,0.015,2
"opposite",2,0.3,0,0.2,0.299975335595243,0.0136,2
"opposite",2,0.4,0,0.2,0.395912654156166,0.0124,2
"opposite",2,0.5,0,0.2,0.492441844360975,0.0101,2
"opposite",2,0.6,0,0.2,0.589910810349474,0.0089,2
"opposite",2,0.7,0,0.2,0.68869263146833,0.0089,2
"opposite",2,0.8,0,0.2,0.789566090543622,0.0091,2
"opposite",2,0.9,0,0.2,0.892712386011539,0.0086,2
"opposite",2,0,0,0.2,0.0101004986499163,0.0186,3
"opposite",2,0.1,0,0.2,0.104557010922237,0.0158,3
"opposite",2,0.2,0,0.2,0.199414394084143,0.0153,3
"opposite",2,0.3,0,0.2,0.294352010569172,0.014,3
"opposite",2,0.4,0,0.2,0.390249107709788,0.0118,3
"opposite",2,0.5,0,0.2,0.486987749868882,0.0115,3
"opposite",2,0.6,0,0.2,0.585116286814318,0.0106,3
"opposite",2,0.7,0,0.2,0.685012041347648,0.0105,3
"opposite",2,0.8,0,0.2,0.786244605584805,0.0101,3
"opposite",2,0.9,0,0.2,0.890898836771327,0.0093,3
"opposite",2,0,0,0.2,-0.0176309590098521,0.0188,4
"opposite",2,0.1,0,0.2,0.0786676513483042,0.0167,4
"opposite",2,0.2,0,0.2,0.176998068092356,0.0143,4
"opposite",2,0.3,0,0.2,0.276753410693432,0.0129,4
"opposite",2,0.4,0,0.2,0.378025960445268,0.0114,4
"opposite",2,0.5,0,0.2,0.480308331368507,0.0105,4
"opposite",2,0.6,0,0.2,0.58341217480945,0.0101,4
"opposite",2,0.7,0,0.2,0.687058827921233,0.0096,4
"opposite",2,0.8,0,0.2,0.790677712057363,0.0093,4
"opposite",2,0.9,0,0.2,0.894438689903501,0.0095,4
"opposite",2,0,0,0.2,0.018110905463935,0.0197,5
"opposite",2,0.1,0,0.2,0.114121386076549,0.0173,5
"opposite",2,0.2,0,0.2,0.210863884380544,0.0142,5
"opposite",2,0.3,0,0.2,0.306667791493757,0.0133,5
"opposite",2,0.4,0,0.2,0.402934765617953,0.0112,5
"opposite",2,0.5,0,0.2,0.500017119324519,0.0099,5
"opposite",2,0.6,0,0.2,0.59780607218123,0.0088,5
"opposite",2,0.7,0,0.2,0.696676973051555,0.0088,5
"opposite",2,0.8,0,0.2,0.796370671365162,0.0089,5
"opposite",2,0.9,0,0.2,0.896908464017416,0.0094,5
"opposite",2,0,0,0.2,0.0112556284123614,0.0204,6
"opposite",2,0.1,0,0.2,0.109024615221002,0.0167,6
"opposite",2,0.2,0,0.2,0.206853683315531,0.0146,6
"opposite",2,0.3,0,0.2,0.304944823148248,0.0131,6
"opposite",2,0.4,0,0.2,0.402943019317055,0.0118,6
"opposite",2,0.5,0,0.2,0.501147308774848,0.0102,6
"opposite",2,0.6,0,0.2,0.599790233638126,0.0084,6
"opposite",2,0.7,0,0.2,0.698714850805632,0.0085,6
"opposite",2,0.8,0,0.2,0.797980041628331,0.0084,6
"opposite",2,0.9,0,0.2,0.89792075350831,0.0081,6
"opposite",2,0,0,0.2,0.00364765983341697,0.0177,7
"opposite",2,0.1,0,0.2,0.0978524848997997,0.0155,7
"opposite",2,0.2,0,0.2,0.192500407318149,0.0146,7
"opposite",2,0.3,0,0.2,0.287716671187666,0.0132,7
"opposite",2,0.4,0,0.2,0.384131274591959,0.0121,7
"opposite",2,0.5,0,0.2,0.482065605000873,0.0111,7
"opposite",2,0.6,0,0.2,0.581656758009338,0.0094,7
"opposite",2,0.7,0,0.2,0.683452909600425,0.0088,7
"opposite",2,0.8,0,0.2,0.787485643698635,0.0082,7
"opposite",2,0.9,0,0.2,0.893051294638826,0.008,7
"opposite",2,0,0,0.2,-0.00113890123038544,0.0181,8
"opposite",2,0.1,0,0.2,0.0959486707594727,0.0164,8
"opposite",2,0.2,0,0.2,0.193696649222305,0.0157,8
"opposite",2,0.3,0,0.2,0.290945672371378,0.0148,8
"opposite",2,0.4,0,0.2,0.388608595350035,0.0138,8
"opposite",2,0.5,0,0.2,0.487181362883747,0.0117,8
"opposite",2,0.6,0,0.2,0.58634883454343,0.011,8
"opposite",2,0.7,0,0.2,0.686714655018376,0.0099,8
"opposite",2,0.8,0,0.2,0.788636594659123,0.0086,8
"opposite",2,0.9,0,0.2,0.892866741971573,0.0089,8
"opposite",2,0,0,0.2,0.00845910844919294,0.018,9
"opposite",2,0.1,0,0.2,0.104362725195208,0.0165,9
"opposite",2,0.2,0,0.2,0.199542102025777,0.0149,9
"opposite",2,0.3,0,0.2,0.295100307685664,0.0135,9
"opposite",2,0.4,0,0.2,0.391123987613561,0.0121,9
"opposite",2,0.5,0,0.2,0.488519585497111,0.0107,9
"opposite",2,0.6,0,0.2,0.586789927444353,0.0093,9
"opposite",2,0.7,0,0.2,0.686457820970284,0.0084,9
"opposite",2,0.8,0,0.2,0.787810264569919,0.0082,9
"opposite",2,0.9,0,0.2,0.891754451255104,0.0077,9
"opposite",2,0,0,0.2,0.00982992646400583,0.0181,10
"opposite",2,0.1,0,0.2,0.104911624870218,0.016,10
"opposite",2,0.2,0,0.2,0.20027605864962,0.0148,10
"opposite",2,0.3,0,0.2,0.295505583564403,0.0129,10
"opposite",2,0.4,0,0.2,0.391134841783783,0.0118,10
"opposite",2,0.5,0,0.2,0.487448926475314,0.0103,10
"opposite",2,0.6,0,0.2,0.58593627119946,0.0098,10
"opposite",2,0.7,0,0.2,0.685905206791602,0.0101,10
"opposite",2,0.8,0,0.2,0.787936417996294,0.0093,10
"opposite",2,0.9,0,0.2,0.892765716772975,0.0089,10
"opposite",2,0,0,0.2,0.00179510573304176,0.0195,11
"opposite",2,0.1,0,0.2,0.0986240207773,0.0172,11
"opposite",2,0.2,0,0.2,0.195533821753103,0.0152,11
"opposite",2,0.3,0,0.2,0.292929365802919,0.0142,11
"opposite",2,0.4,0,0.2,0.391013225600812,0.0123,11
"opposite",2,0.5,0,0.2,0.489433852454452,0.0118,11
"opposite",2,0.6,0,0.2,0.588519844699445,0.0106,11
"opposite",2,0.7,0,0.2,0.68938832954764,0.0102,11
"opposite",2,0.8,0,0.2,0.791231533477958,0.01,11
"opposite",2,0.9,0,0.2,0.894771273718632,0.0101,11
"opposite",2,0,0,0.2,-0.00632549062368283,0.0182,12
"opposite",2,0.1,0,0.2,0.0898649049633143,0.0163,12
"opposite",2,0.2,0,0.2,0.186638133908795,0.0136,12
"opposite",2,0.3,0,0.2,0.283989028880601,0.0116,12
"opposite",2,0.4,0,0.2,0.382306456741506,0.0105,12
"opposite",2,0.5,0,0.2,0.481792248183012,0.0096,12
"opposite",2,0.6,0,0.2,0.582545849667769,0.0092,12
"opposite",2,0.7,0,0.2,0.684610586551505,0.0089,12
"opposite",2,0.8,0,0.2,0.788046940502296,0.0081,12
"opposite",2,0.9,0,0.2,0.893214772734721,0.009,12
"opposite",2,0,0,0.2,0.00637018298396716,0.0189,13
"opposite",2,0.1,0,0.2,0.101794199056655,0.0168,13
"opposite",2,0.2,0,0.2,0.197072632151272,0.0161,13
"opposite",2,0.3,0,0.2,0.292762293967585,0.0142,13
"opposite",2,0.4,0,0.2,0.388982166032612,0.0123,13
"opposite",2,0.5,0,0.2,0.486178493881519,0.0116,13
"opposite",2,0.6,0,0.2,0.584496035980156,0.0106,13
"opposite",2,0.7,0,0.2,0.684548819209227,0.0098,13
"opposite",2,0.8,0,0.2,0.787060815956695,0.0087,13
"opposite",2,0.9,0,0.2,0.891807151952744,0.0088,13
"opposite",2,0,0,0.2,0.00505383493212874,0.0202,14
"opposite",2,0.1,0,0.2,0.100101496969875,0.0175,14
"opposite",2,0.2,0,0.2,0.195331822625305,0.015,14
"opposite",2,0.3,0,0.2,0.291072017541726,0.014,14
"opposite",2,0.4,0,0.2,0.387851694256826,0.0125,14
"opposite",2,0.5,0,0.2,0.485438564031995,0.0106,14
"opposite",2,0.6,0,0.2,0.584795402876767,0.0091,14
"opposite",2,0.7,0,0.2,0.685672364827786,0.0084,14
"opposite",2,0.8,0,0.2,0.78840768072524,0.0082,14
"opposite",2,0.9,0,0.2,0.893085305088619,0.008,14
"opposite",2,0,0,0.2,-0.0063388184973374,0.0188,15
"opposite",2,0.1,0,0.2,0.0935880854876997,0.0177,15
"opposite",2,0.2,0,0.2,0.192997503149779,0.0155,15
"opposite",2,0.3,0,0.2,0.292776770878136,0.014,15
"opposite",2,0.4,0,0.2,0.392658841672113,0.0126,15
"opposite",2,0.5,0,0.2,0.493150842478278,0.0109,15
"opposite",2,0.6,0,0.2,0.593939037302608,0.0098,15
"opposite",2,0.7,0,0.2,0.694173711838948,0.009,15
"opposite",2,0.8,0,0.2,0.794771866769492,0.0088,15
"opposite",2,0.9,0,0.2,0.896512436570703,0.0089,15
"opposite",2,0,0,0.2,-0.0088688361748272,0.0189,16
"opposite",2,0.1,0,0.2,0.0868021414941143,0.0167,16
"opposite",2,0.2,0,0.2,0.183083501639834,0.0153,16
"opposite",2,0.3,0,0.2,0.279978366223771,0.0134,16
"opposite",2,0.4,0,0.2,0.378063402333935,0.0125,16
"opposite",2,0.5,0,0.2,0.477534741560353,0.0109,16
"opposite",2,0.6,0,0.2,0.578548997968363,0.0095,16
"opposite",2,0.7,0,0.2,0.681749694430347,0.0096,16
"opposite",2,0.8,0,0.2,0.786620038128474,0.0102,16
"opposite",2,0.9,0,0.2,0.893167854665061,0.01,16
"opposite",2,0,0,0.2,0.0121072523003563,0.0202,17
"opposite",2,0.1,0,0.2,0.10862612978039,0.0176,17
"opposite",2,0.2,0,0.2,0.204736939959566,0.0158,17
"opposite",2,0.3,0,0.2,0.301257771559625,0.014,17
"opposite",2,0.4,0,0.2,0.397853614339436,0.0119,17
"opposite",2,0.5,0,0.2,0.495528005864723,0.0118,17
"opposite",2,0.6,0,0.2,0.593490448915136,0.0097,17
"opposite",2,0.7,0,0.2,0.692115238008099,0.01,17
"opposite",2,0.8,0,0.2,0.79257634445378,0.0101,17
"opposite",2,0.9,0,0.2,0.894628342574504,0.0103,17
"opposite",2,0,0,0.2,0.00983441027858212,0.0186,18
"opposite",2,0.1,0,0.2,0.106994167778499,0.0162,18
"opposite",2,0.2,0,0.2,0.203741643924986,0.0137,18
"opposite",2,0.3,0,0.2,0.300979698549827,0.0121,18
"opposite",2,0.4,0,0.2,0.398624894958986,0.0111,18
"opposite",2,0.5,0,0.2,0.496538269099524,0.0105,18
"opposite",2,0.6,0,0.2,0.594736669824082,0.01,18
"opposite",2,0.7,0,0.2,0.694444540361106,0.01,18
"opposite",2,0.8,0,0.2,0.794814755526464,0.0099,18
"opposite",2,0.9,0,0.2,0.896610971655738,0.01,18
"opposite",2,0,0,0.2,-0.00954304252308952,0.0173,19
"opposite",2,0.1,0,0.2,0.0866735872305345,0.0158,19
"opposite",2,0.2,0,0.2,0.183599612173127,0.0139,19
"opposite",2,0.3,0,0.2,0.280903736393045,0.012,19
"opposite",2,0.4,0,0.2,0.37941685138689,0.0108,19
"opposite",2,0.5,0,0.2,0.479053348087898,0.0104,19
"opposite",2,0.6,0,0.2,0.579827916185668,0.0097,19
"opposite",2,0.7,0,0.2,0.682007283467526,0.01,19
"opposite",2,0.8,0,0.2,0.786331186352578,0.0096,19
"opposite",2,0.9,0,0.2,0.892347367672362,0.0095,19
"opposite",2,0,0,0.2,0.00139614710691651,0.02,20
"opposite",2,0.1,0,0.2,0.0987881765764765,0.0176,20
"opposite",2,0.2,0,0.2,0.196608386991467,0.0156,20
"opposite",2,0.3,0,0.2,0.293943745183524,0.014,20
"opposite",2,0.4,0,0.2,0.392197810821604,0.012,20
"opposite",2,0.5,0,0.2,0.490740916085021,0.0108,20
"opposite",2,0.6,0,0.2,0.590071688822508,0.0105,20
"opposite",2,0.7,0,0.2,0.69077970928727,0.0095,20
"opposite",2,0.8,0,0.2,0.792829753382967,0.0089,20
"opposite",2,0.9,0,0.2,0.895347921911532,0.009,20
"individual",2,0,0,0.5,-0.00367082733049065,0.0502,1
"individual",2,0.1,0,0.5,0.0940272707872832,0.0477,1
"individual",2,0.2,0,0.5,0.192001867618543,0.0443,1
"individual",2,0.3,0,0.5,0.28960740874372,0.0428,1
"individual",2,0.4,0,0.5,0.387896875098855,0.0415,1
"individual",2,0.5,0,0.5,0.485946910227972,0.0412,1
"individual",2,0.6,0,0.5,0.585509335411683,0.0414,1
"individual",2,0.7,0,0.5,0.68709188040345,0.0409,1
"individual",2,0.8,0,0.5,0.78962120947265,0.0397,1
"individual",2,0.9,0,0.5,0.894775067914355,0.0389,1
"individual",2,0,0,0.5,0.008369037422716,0.0478,2
"individual",2,0.1,0,0.5,0.104591490904979,0.0461,2
"individual",2,0.2,0,0.5,0.201267585806745,0.0445,2
"individual",2,0.3,0,0.5,0.297699765294364,0.0433,2
"individual",2,0.4,0,0.5,0.393920657943849,0.042,2
"individual",2,0.5,0,0.5,0.491043786610382,0.0418,2
"individual",2,0.6,0,0.5,0.588532980853887,0.0424,2
"individual",2,0.7,0,0.5,0.687458199077945,0.0417,2
"individual",2,0.8,0,0.5,0.788302631807799,0.0405,2
"individual",2,0.9,0,0.5,0.891959981881379,0.0404,2
"individual",2,0,0,0.5,-0.00289739584121848,0.051,3
"individual",2,0.1,0,0.5,0.0930884967373217,0.0492,3
"individual",2,0.2,0,0.5,0.189552717012399,0.0474,3
"individual",2,0.3,0,0.5,0.286137536039293,0.046,3
"individual",2,0.4,0,0.5,0.383369974068215,0.0452,3
"individual",2,0.5,0,0.5,0.480914866942888,0.0438,3
"individual",2,0.6,0,0.5,0.58088823008632,0.0421,3
"individual",2,0.7,0,0.5,0.681308472823803,0.0404,3
"individual",2,0.8,0,0.5,0.784132357733786,0.0395,3
"individual",2,0.9,0,0.5,0.88996106198554,0.0384,3
"individual",2,0,0,0.5,-0.0381464130615447,0.0534,4
"individual",2,0.1,0,0.5,0.0596581966531451,0.05,4
"individual",2,0.2,0,0.5,0.159814633377996,0.0476,4
"individual",2,0.3,0,0.5,0.262677255579426,0.0446,4
"individual",2,0.4,0,0.5,0.367332782481089,0.0429,4
"individual",2,0.5,0,0.5,0.473262610593552,0.0414,4
"individual",2,0.6,0,0.5,0.579934206481498,0.0395,4
"individual",2,0.7,0,0.5,0.686487387104791,0.0405,4
"individual",2,0.8,0,0.5,0.792014348067383,0.0394,4
"individual",2,0.9,0,0.5,0.896026143611627,0.039,4
"individual",2,0,0,0.5,0.0140840527007393,0.05,5
"individual",2,0.1,0,0.5,0.108161075882129,0.0481,5
"individual",2,0.2,0,0.5,0.203146852759884,0.0458,5
"individual",2,0.3,0,0.5,0.298014615373845,0.0451,5
"individual",2,0.4,0,0.5,0.393744571857492,0.0439,5
"individual",2,0.5,0,0.5,0.490568825404529,0.0425,5
"individual",2,0.6,0,0.5,0.588153727222883,0.0404,5
"individual",2,0.7,0,0.5,0.688303973608943,0.0396,5
"individual",2,0.8,0,0.5,0.790228938661694,0.039,5
"individual",2,0.9,0,0.5,0.893865975226297,0.0396,5
"individual",2,0,0,0.5,0.00487126020276982,0.0507,6
"individual",2,0.1,0,0.5,0.103587365736601,0.0482,6
"individual",2,0.2,0,0.5,0.202782041498372,0.0466,6
"individual",2,0.3,0,0.5,0.302653060503901,0.0454,6
"individual",2,0.4,0,0.5,0.402594658353808,0.0445,6
"individual",2,0.5,0,0.5,0.502208509702182,0.0422,6
"individual",2,0.6,0,0.5,0.601573604018519,0.0416,6
"individual",2,0.7,0,0.5,0.701377945922933,0.0406,6
"individual",2,0.8,0,0.5,0.799910517977885,0.0395,6
"individual",2,0.9,0,0.5,0.899053752029879,0.0397,6
"individual",2,0,0,0.5,0.00795851951053566,0.0481,7
"individual",2,0.1,0,0.5,0.101710771457424,0.0466,7
"individual",2,0.2,0,0.5,0.195513932371578,0.0463,7
"individual",2,0.3,0,0.5,0.289553798980198,0.0458,7
"individual",2,0.4,0,0.5,0.385210640283248,0.0442,7
"individual",2,0.5,0,0.5,0.482763418141787,0.0428,7
"individual",2,0.6,0,0.5,0.582108858753025,0.0413,7
"individual",2,0.7,0,0.5,0.683829914843429,0.0399,7
"individual",2,0.8,0,0.5,0.78791069407673,0.0382,7
"individual",2,0.9,0,0.5,0.893288551255774,0.0382,7
"individual",2,0,0,0.5,0.00412981783357972,0.0462,8
"individual",2,0.1,0,0.5,0.102666950075776,0.044,8
"individual",2,0.2,0,0.5,0.201240018496869,0.0432,8
"individual",2,0.3,0,0.5,0.298601115748172,0.0423,8
"individual",2,0.4,0,0.5,0.395567414867721,0.0414,8
"individual",2,0.5,0,0.5,0.493316189081319,0.04,8
"individual",2,0.6,0,0.5,0.591348600249474,0.0397,8
"individual",2,0.7,0,0.5,0.690746067691187,0.0403,8
"individual",2,0.8,0,0.5,0.791342574661694,0.0399,8
"individual",2,0.9,0,0.5,0.89435184243372,0.0394,8
"individual",2,0,0,0.5,0.0103973509407679,0.0485,9
"individual",2,0.1,0,0.5,0.108398971731195,0.0463,9
"individual",2,0.2,0,0.5,0.204617245714002,0.0451,9
"individual",2,0.3,0,0.5,0.300919481505084,0.0437,9
"individual",2,0.4,0,0.5,0.397440144251697,0.043,9
"individual",2,0.5,0,0.5,0.494302980657596,0.0422,9
"individual",2,0.6,0,0.5,0.592411186096041,0.04,9
"individual",2,0.7,0,0.5,0.691564175991458,0.039,9
"individual",2,0.8,0,0.5,0.791720833884045,0.0383,9
"individual",2,0.9,0,0.5,0.893938793411994,0.0373,9
"individual",2,0,0,0.5,0.0251095832024615,0.0454,10
"individual",2,0.1,0,0.5,0.119443206963032,0.0447,10
"individual",2,0.2,0,0.5,0.214110302563815,0.0442,10
"individual",2,0.3,0,0.5,0.30840408546898,0.0428,10
"individual",2,0.4,0,0.5,0.402987773525542,0.0421,10
"individual",2,0.5,0,0.5,0.497935332862176,0.0402,10
"individual",2,0.6,0,0.5,0.595600286415689,0.0392,10
"individual",2,0.7,0,0.5,0.693542373227198,0.0397,10
"individual",2,0.8,0,0.5,0.793831747401872,0.0384,10
"individual",2,0.9,0,0.5,0.895905870518316,0.039,10
"individual",2,0,0,0.5,0.00907459157357125,0.0507,11
"individual",2,0.1,0,0.5,0.105916263786418,0.0486,11
"individual",2,0.2,0,0.5,0.202858760576564,0.0459,11
"individual",2,0.3,0,0.5,0.300159451914504,0.0449,11
"individual",2,0.4,0,0.5,0.397791883045321,0.0425,11
"individual",2,0.5,0,0.5,0.495783293326855,0.0412,11
"individual",2,0.6,0,0.5,0.594273075615165,0.0401,11
"individual",2,0.7,0,0.5,0.693985417765773,0.0398,11
"individual",2,0.8,0,0.5,0.794114021404125,0.0394,11
"individual",2,0.9,0,0.5,0.895944243482924,0.04,11
"individual",2,0,0,0.5,-0.00847033482766995,0.0509,12
"individual",2,0.1,0,0.5,0.0891059314773264,0.0487,12
"individual",2,0.2,0,0.5,0.187318932579787,0.0482,12
"individual",2,0.3,0,0.5,0.285803090204379,0.0472,12
"individual",2,0.4,0,0.5,0.385255592784088,0.0451,12
"individual",2,0.5,0,0.5,0.485112226744401,0.0444,12
"individual",2,0.6,0,0.5,0.585962323574275,0.0436,12
"individual",2,0.7,0,0.5,0.68756982771376,0.0428,12
"individual",2,0.8,0,0.5,0.790253788807172,0.0412,12
"individual",2,0.9,0,0.5,0.894112665316537,0.0395,12
"individual",2,0,0,0.5,0.00788092166934456,0.0474,13
"individual",2,0.1,0,0.5,0.105040573193896,0.0462,13
"individual",2,0.2,0,0.5,0.201225603268805,0.0444,13
"individual",2,0.3,0,0.5,0.298124571560645,0.0435,13
"individual",2,0.4,0,0.5,0.394840413344793,0.0424,13
"individual",2,0.5,0,0.5,0.492527842795684,0.0415,13
"individual",2,0.6,0,0.5,0.590392462694914,0.0407,13
"individual",2,0.7,0,0.5,0.689655389090214,0.0406,13
"individual",2,0.8,0,0.5,0.790441442776965,0.0379,13
"individual",2,0.9,0,0.5,0.893575476871879,0.038,13
"individual",2,0,0,0.5,-0.0105314139266855,0.0502,14
"individual",2,0.1,0,0.5,0.0843991816245636,0.0482,14
"individual",2,0.2,0,0.5,0.179428592059452,0.0468,14
"individual",2,0.3,0,0.5,0.275162604939358,0.0462,14
"individual",2,0.4,0,0.5,0.372589408877964,0.045,14
"individual",2,0.5,0,0.5,0.471997178653887,0.0437,14
"individual",2,0.6,0,0.5,0.574819572123273,0.0419,14
"individual",2,0.7,0,0.5,0.678758855040082,0.0405,14
"individual",2,0.8,0,0.5,0.785179979289562,0.0401,14
"individual",2,0.9,0,0.5,0.892491569327498,0.0393,14
"individual",2,0,0,0.5,-0.00866184069662221,0.0492,15
"individual",2,0.1,0,0.5,0.0919356825390823,0.0473,15
"individual",2,0.2,0,0.5,0.192637539485255,0.0466,15
"individual",2,0.3,0,0.5,0.293126268807064,0.0446,15
"individual",2,0.4,0,0.5,0.393472176904613,0.0431,15
"individual",2,0.5,0,0.5,0.49403534080192,0.042,15
"individual",2,0.6,0,0.5,0.595267784984353,0.0404,15
"individual",2,0.7,0,0.5,0.695250608036726,0.0407,15
"individual",2,0.8,0,0.5,0.795484614096157,0.0401,15
"individual",2,0.9,0,0.5,0.897158773337735,0.0398,15
"individual",2,0,0,0.5,-0.0164469998776006,0.0523,16
"individual",2,0.1,0,0.5,0.0783601869240429,0.0495,16
"individual",2,0.2,0,0.5,0.174342384679907,0.0482,16
"individual",2,0.3,0,0.5,0.271159950026761,0.046,16
"individual",2,0.4,0,0.5,0.369667960805494,0.0443,16
"individual",2,0.5,0,0.5,0.469704452195559,0.0446,16
"individual",2,0.6,0,0.5,0.57133969648564,0.0433,16
"individual",2,0.7,0,0.5,0.676224473920469,0.0409,16
"individual",2,0.8,0,0.5,0.782445560425439,0.0394,16
"individual",2,0.9,0,0.5,0.891438956004563,0.0387,16
"individual",2,0,0,0.5,0.0121012826247558,0.0494,17
"individual",2,0.1,0,0.5,0.109094629662668,0.0481,17
"individual",2,0.2,0,0.5,0.205647270583006,0.0461,17
"individual",2,0.3,0,0.5,0.303100924555431,0.0429,17
"individual",2,0.4,0,0.5,0.400037666802942,0.0419,17
"individual",2,0.5,0,0.5,0.498492152295319,0.0403,17
"individual",2,0.6,0,0.5,0.596334640018562,0.0405,17
"individual",2,0.7,0,0.5,0.693952815458585,0.0396,17
"individual",2,0.8,0,0.5,0.793649343484089,0.0403,17
"individual",2,0.9,0,0.5,0.894338244444432,0.039,17
"individual",2,0,0,0.5,-0.0013831833040878,0.0506,18
"individual",2,0.1,0,0.5,0.0976833410916713,0.0489,18
"individual",2,0.2,0,0.5,0.196230721566392,0.0459,18
"individual",2,0.3,0,0.5,0.295477707829473,0.0442,18
"individual",2,0.4,0,0.5,0.39487958195124,0.043,18
"individual",2,0.5,0,0.5,0.494126523146166,0.0419,18
"individual",2,0.6,0,0.5,0.593178226269377,0.0395,18
"individual",2,0.7,0,0.5,0.693777801942162,0.0387,18
"individual",2,0.8,0,0.5,0.794418754577676,0.0371,18
"individual",2,0.9,0,0.5,0.896725944791605,0.0375,18
"individual",2,0,0,0.5,-0.010152896860258,0.0481,19
"individual",2,0.1,0,0.5,0.0865159854734728,0.046,19
"individual",2,0.2,0,0.5,0.183835632353437,0.044,19
"individual",2,0.3,0,0.5,0.281817955486526,0.0438,19
"individual",2,0.4,0,0.5,0.380909743420342,0.0429,19
"individual",2,0.5,0,0.5,0.481422598976594,0.0415,19
"individual",2,0.6,0,0.5,0.582706505224037,0.0408,19
"individual",2,0.7,0,0.5,0.685519717773258,0.0402,19
"individual",2,0.8,0,0.5,0.789458463488294,0.0394,19
"individual",2,0.9,0,0.5,0.894716324315144,0.0385,19
"individual",2,0,0,0.5,0.00309289854687681,0.0493,20
"individual",2,0.1,0,0.5,0.100374063601085,0.0475,20
"individual",2,0.2,0,0.5,0.198233002682964,0.0453,20
"individual",2,0.3,0,0.5,0.295903529080731,0.0436,20
"individual",2,0.4,0,0.5,0.394223125880361,0.0438,20
"individual",2,0.5,0,0.5,0.493533127240872,0.0429,20
"individual",2,0.6,0,0.5,0.593615630571391,0.0425,20
"individual",2,0.7,0,0.5,0.694490585773035,0.0416,20
"individual",2,0.8,0,0.5,0.796094050258693,0.0397,20
"individual",2,0.9,0,0.5,0.89755581625325,0.0391,20
"opposite",2,0,0,0.5,-0.00367082733049065,0.0139,1
"opposite",2,0.1,0,0.5,0.0940272707872832,0.0103,1
"opposite",2,0.2,0,0.5,0.192001867618543,0.0078,1
"opposite",2,0.3,0,0.5,0.28960740874372,0.0059,1
"opposite",2,0.4,0,0.5,0.387896875098855,0.0044,1
"opposite",2,0.5,0,0.5,0.485946910227972,0.0021,1
"opposite",2,0.6,0,0.5,0.585509335411683,0.0016,1
"opposite",2,0.7,0,0.5,0.68709188040345,9e-04,1
"opposite",2,0.8,0,0.5,0.78962120947265,7e-04,1
"opposite",2,0.9,0,0.5,0.894775067914355,7e-04,1
"opposite",2,0,0,0.5,0.008369037422716,0.0129,2
"opposite",2,0.1,0,0.5,0.104591490904979,0.0104,2
"opposite",2,0.2,0,0.5,0.201267585806745,0.0086,2
"opposite",2,0.3,0,0.5,0.297699765294364,0.0067,2
"opposite",2,0.4,0,0.5,0.393920657943849,0.0046,2
"opposite",2,0.5,0,0.5,0.491043786610382,0.0031,2
"opposite",2,0.6,0,0.5,0.588532980853887,0.0018,2
"opposite",2,0.7,0,0.5,0.687458199077945,0.0012,2
"opposite",2,0.8,0,0.5,0.788302631807799,8e-04,2
"opposite",2,0.9,0,0.5,0.891959981881379,7e-04,2
"opposite",2,0,0,0.5,-0.00289739584121848,0.0122,3
"opposite",2,0.1,0,0.5,0.0930884967373217,0.0102,3
"opposite",2,0.2,0,0.5,0.189552717012399,0.0085,3
"opposite",2,0.3,0,0.5,0.286137536039293,0.006,3
"opposite",2,0.4,0,0.5,0.383369974068215,0.0044,3
"opposite",2,0.5,0,0.5,0.480914866942888,0.0021,3
"opposite",2,0.6,0,0.5,0.58088823008632,0.0011,3
"opposite",2,0.7,0,0.5,0.681308472823803,7e-04,3
"opposite",2,0.8,0,0.5,0.784132357733786,2e-04,3
"opposite",2,0.9,0,0.5,0.88996106198554,2e-04,3
"opposite",2,0,0,0.5,-0.0381464130615447,0.0136,4
"opposite",2,0.1,0,0.5,0.0596581966531451,0.0115,4
"opposite",2,0.2,0,0.5,0.159814633377996,0.0086,4
"opposite",2,0.3,0,0.5,0.262677255579426,0.0066,4
"opposite",2,0.4,0,0.5,0.367332782481089,0.0047,4
"opposite",2,0.5,0,0.5,0.473262610593552,0.0028,4
"opposite",2,0.6,0,0.5,0.579934206481498,0.0018,4
"opposite",2,0.7,0,0.5,0.686487387104791,0.0014,4
"opposite",2,0.8,0,0.5,0.792014348067383,9e-04,4
"opposite",2,0.9,0,0.5,0.896026143611627,0.001,4
"opposite",2,0,0,0.5,0.0140840527007393,0.013,5
"opposite",2,0.1,0,0.5,0.108161075882129,0.0106,5
"opposite",2,0.2,0,0.5,0.203146852759884,0.0084,5
"opposite",2,0.3,0,0.5,0.298014615373845,0.0061,5
"opposite",2,0.4,0,0.5,0.393744571857492,0.0038,5
"opposite",2,0.5,0,0.5,0.490568825404529,0.0025,5
"opposite",2,0.6,0,0.5,0.588153727222883,7e-04,5
"opposite",2,0.7,0,0.5,0.688303973608943,2e-04,5
"opposite",2,0.8,0,0.5,0.790228938661694,3e-04,5
"opposite",2,0.9,0,0.5,0.893865975226297,4e-04,5
"opposite",2,0,0,0.5,0.00487126020276982,0.0138,6
"opposite",2,0.1,0,0.5,0.103587365736601,0.0106,6
"opposite",2,0.2,0,0.5,0.202782041498372,0.0086,6
"opposite",2,0.3,0,0.5,0.302653060503901,0.0067,6
"opposite",2,0.4,0,0.5,0.402594658353808,0.0047,6
"opposite",2,0.5,0,0.5,0.502208509702182,0.0026,6
"opposite",2,0.6,0,0.5,0.601573604018519,0.0012,6
"opposite",2,0.7,0,0.5,0.701377945922933,0.001,6
"opposite",2,0.8,0,0.5,0.799910517977885,0.001,6
"opposite",2,0.9,0,0.5,0.899053752029879,6e-04,6
"opposite",2,0,0,0.5,0.00795851951053566,0.014,7
"opposite",2,0.1,0,0.5,0.101710771457424,0.011,7
"opposite",2,0.2,0,0.5,0.195513932371578,0.009,7
"opposite",2,0.3,0,0.5,0.289553798980198,0.0068,7
"opposite",2,0.4,0,0.5,0.385210640283248,0.0049,7
"opposite",2,0.5,0,0.5,0.482763418141787,0.0032,7
"opposite",2,0.6,0,0.5,0.582108858753025,0.0014,7
"opposite",2,0.7,0,0.5,0.683829914843429,9e-04,7
"opposite",2,0.8,0,0.5,0.78791069407673,6e-04,7
"opposite",2,0.9,0,0.5,0.893288551255774,6e-04,7
"opposite",2,0,0,0.5,0.00412981783357972,0.0139,8
"opposite",2,0.1,0,0.5,0.102666950075776,0.0114,8
"opposite",2,0.2,0,0.5,0.201240018496869,0.0096,8
"opposite",2,0.3,0,0.5,0.298601115748172,0.0078,8
"opposite",2,0.4,0,0.5,0.395567414867721,0.0054,8
"opposite",2,0.5,0,0.5,0.493316189081319,0.0033,8
"opposite",2,0.6,0,0.5,0.591348600249474,0.0018,8
"opposite",2,0.7,0,0.5,0.690746067691187,0.001,8
"opposite",2,0.8,0,0.5,0.791342574661694,9e-04,8
"opposite",2,0.9,0,0.5,0.89435184243372,0.001,8
"opposite",2,0,0,0.5,0.0103973509407679,0.0141,9
"opposite",2,0.1,0,0.5,0.108398971731195,0.0119,9
"opposite",2,0.2,0,0.5,0.204617245714002,0.009,9
"opposite",2,0.3,0,0.5,0.300919481505084,0.0067,9
"opposite",2,0.4,0,0.5,0.397440144251697,0.0045,9
"opposite",2,0.5,0,0.5,0.494302980657596,0.003,9
"opposite",2,0.6,0,0.5,0.592411186096041,0.002,9
"opposite",2,0.7,0,0.5,0.691564175991458,0.0014,9
"opposite",2,0.8,0,0.5,0.791720833884045,9e-04,9
"opposite",2,0.9,0,0.5,0.893938793411994,9e-04,9
"opposite",2,0,0,0.5,0.0251095832024615,0.0124,10
"opposite",2,0.1,0,0.5,0.119443206963032,0.0098,10
"opposite",2,0.2,0,0.5,0.214110302563815,0.0082,10
"opposite",2,0.3,0,0.5,0.30840408546898,0.0052,10
"opposite",2,0.4,0,0.5,0.402987773525542,0.0038,10
"opposite",2,0.5,0,0.5,0.497935332862176,0.0021,10
"opposite",2,0.6,0,0.5,0.595600286415689,0.0012,10
"opposite",2,0.7,0,0.5,0.693542373227198,0.001,10
"opposite",2,0.8,0,0.5,0.793831747401872,7e-04,10
"opposite",2,0.9,0,0.5,0.895905870518316,7e-04,10
"opposite",2,0,0,0.5,0.00907459157357125,0.0138,11
"opposite",2,0.1,0,0.5,0.105916263786418,0.0106,11
"opposite",2,0.2,0,0.5,0.202858760576564,0.0081,11
"opposite",2,0.3,0,0.5,0.300159451914504,0.0055,11
"opposite",2,0.4,0,0.5,0.397791883045321,0.0042,11
"opposite",2,0.5,0,0.5,0.495783293326855,0.003,11
"opposite",2,0.6,0,0.5,0.594273075615165,0.0014,11
"opposite",2,0.7,0,0.5,0.693985417765773,8e-04,11
"opposite",2,0.8,0,0.5,0.794114021404125,6e-04,11
"opposite",2,0.9,0,0.5,0.895944243482924,5e-04,11
"opposite",2,0,0,0.5,-0.00847033482766995,0.0152,12
"opposite",2,0.1,0,0.5,0.0891059314773264,0.0124,12
"opposite",2,0.2,0,0.5,0.187318932579787,0.0086,12
"opposite",2,0.3,0,0.5,0.285803090204379,0.0061,12
"opposite",2,0.4,0,0.5,0.385255592784088,0.0041,12
"opposite",2,0.5,0,0.5,0.485112226744401,0.0023,12
"opposite",2,0.6,0,0.5,0.585962323574275,0.0011,12
"opposite",2,0.7,0,0.5,0.68756982771376,6e-04,12
"opposite",2,0.8,0,0.5,0.790253788807172,3e-04,12
"opposite",2,0.9,0,0.5,0.894112665316537,3e-04,12
"opposite",2,0,0,0.5,0.00788092166934456,0.0135,13
"opposite",2,0.1,0,0.5,0.105040573193896,0.011,13
"opposite",2,0.2,0,0.5,0.201225603268805,0.0081,13
"opposite",2,0.3,0,0.5,0.298124571560645,0.0065,13
"opposite",2,0.4,0,0.5,0.394840413344793,0.0051,13
"opposite",2,0.5,0,0.5,0.492527842795684,0.0033,13
"opposite",2,0.6,0,0.5,0.590392462694914,0.0022,13
"opposite",2,0.7,0,0.5,0.689655389090214,0.0012,13
"opposite",2,0.8,0,0.5,0.790441442776965,4e-04,13
"opposite",2,0.9,0,0.5,0.893575476871879,4e-04,13
"opposite",2,0,0,0.5,-0.0105314139266855,0.0145,14
"opposite",2,0.1,0,0.5,0.0843991816245636,0.0119,14
"opposite",2,0.2,0,0.5,0.179428592059452,0.0088,14
"opposite",2,0.3,0,0.5,0.275162604939358,0.0059,14
"opposite",2,0.4,0,0.5,0.372589408877964,0.0039,14
"opposite",2,0.5,0,0.5,0.471997178653887,0.0026,14
"opposite",2,0.6,0,0.5,0.574819572123273,0.0011,14
"opposite",2,0.7,0,0.5,0.678758855040082,5e-04,14
"opposite",2,0.8,0,0.5,0.785179979289562,5e-04,14
"opposite",2,0.9,0,0.5,0.892491569327498,5e-04,14
"opposite",2,0,0,0.5,-0.00866184069662221,0.0131,15
"opposite",2,0.1,0,0.5,0.0919356825390823,0.0105,15
"opposite",2,0.2,0,0.5,0.192637539485255,0.0083,15
"opposite",2,0.3,0,0.5,0.293126268807064,0.0063,15
"opposite",2,0.4,0,0.5,0.393472176904613,0.0046,15
"opposite",2,0.5,0,0.5,0.49403534080192,0.0025,15
"opposite",2,0.6,0,0.5,0.595267784984353,0.001,15
"opposite",2,0.7,0,0.5,0.695250608036726,0.001,15
"opposite",2,0.8,0,0.5,0.795484614096157,4e-04,15
"opposite",2,0.9,0,0.5,0.897158773337735,5e-04,15
"opposite",2,0,0,0.5,-0.0164469998776006,0.0144,16
"opposite",2,0.1,0,0.5,0.0783601869240429,0.012,16
"opposite",2,0.2,0,0.5,0.174342384679907,0.0093,16
"opposite",2,0.3,0,0.5,0.271159950026761,0.0067,16
"opposite",2,0.4,0,0.5,0.369667960805494,0.0037,16
"opposite",2,0.5,0,0.5,0.469704452195559,0.0018,16
"opposite",2,0.6,0,0.5,0.57133969648564,7e-04,16
"opposite",2,0.7,0,0.5,0.676224473920469,2e-04,16
"opposite",2,0.8,0,0.5,0.782445560425439,2e-04,16
"opposite",2,0.9,0,0.5,0.891438956004563,2e-04,16
"opposite",2,0,0,0.5,0.0121012826247558,0.0138,17
"opposite",2,0.1,0,0.5,0.109094629662668,0.0111,17
"opposite",2,0.2,0,0.5,0.205647270583006,0.0094,17
"opposite",2,0.3,0,0.5,0.303100924555431,0.0072,17
"opposite",2,0.4,0,0.5,0.400037666802942,0.0054,17
"opposite",2,0.5,0,0.5,0.498492152295319,0.003,17
"opposite",2,0.6,0,0.5,0.596334640018562,0.0016,17
"opposite",2,0.7,0,0.5,0.693952815458585,0.0012,17
"opposite",2,0.8,0,0.5,0.793649343484089,9e-04,17
"opposite",2,0.9,0,0.5,0.894338244444432,7e-04,17
"opposite",2,0,0,0.5,-0.0013831833040878,0.0128,18
"opposite",2,0.1,0,0.5,0.0976833410916713,0.0104,18
"opposite",2,0.2,0,0.5,0.196230721566392,0.0073,18
"opposite",2,0.3,0,0.5,0.295477707829473,0.0051,18
"opposite",2,0.4,0,0.5,0.39487958195124,0.0038,18
"opposite",2,0.5,0,0.5,0.494126523146166,0.0023,18
"opposite",2,0.6,0,0.5,0.593178226269377,9e-04,18
"opposite",2,0.7,0,0.5,0.693777801942162,6e-04,18
"opposite",2,0.8,0,0.5,0.794418754577676,6e-04,18
"opposite",2,0.9,0,0.5,0.896725944791605,6e-04,18
"opposite",2,0,0,0.5,-0.010152896860258,0.014,19
"opposite",2,0.1,0,0.5,0.0865159854734728,0.0112,19
"opposite",2,0.2,0,0.5,0.183835632353437,0.0079,19
"opposite",2,0.3,0,0.5,0.281817955486526,0.006,19
"opposite",2,0.4,0,0.5,0.380909743420342,0.0042,19
"opposite",2,0.5,0,0.5,0.481422598976594,0.0022,19
"opposite",2,0.6,0,0.5,0.582706505224037,0.0014,19
"opposite",2,0.7,0,0.5,0.685519717773258,5e-04,19
"opposite",2,0.8,0,0.5,0.789458463488294,3e-04,19
"opposite",2,0.9,0,0.5,0.894716324315144,3e-04,19
"opposite",2,0,0,0.5,0.00309289854687681,0.0125,20
"opposite",2,0.1,0,0.5,0.100374063601085,0.0095,20
"opposite",2,0.2,0,0.5,0.198233002682964,0.0071,20
"opposite",2,0.3,0,0.5,0.295903529080731,0.0056,20
"opposite",2,0.4,0,0.5,0.394223125880361,0.004,20
"opposite",2,0.5,0,0.5,0.493533127240872,0.0026,20
"opposite",2,0.6,0,0.5,0.593615630571391,0.0012,20
"opposite",2,0.7,0,0.5,0.694490585773035,8e-04,20
"opposite",2,0.8,0,0.5,0.796094050258693,4e-04,20
"opposite",2,0.9,0,0.5,0.89755581625325,3e-04,20
