"K","signal_prop","power","fdp","rep"
2,0,0,0,1
3,0,0,0,1
4,0,0,0,1
5,0,0,0,1
6,0,0,0,1
7,0,0,0,1
8,0,0,0,1
9,0,0,0,1
10,0,0,0,1
11,0,0,0,1
12,0,0,0,1
13,0,0,0,1
14,0,0,0,1
15,0,0,0,1
16,0,0,0,1
17,0,0,0,1
18,0,0,0,1
19,0,0,0,1
20,0,0,0,1
2,0.05,0.242105263157895,0,1
3,0.05,0.713684210526316,0.00294117647058824,1
4,0.05,0.846315789473684,0.00248138957816377,1
5,0.05,0.896842105263158,0.00234192037470726,1
6,0.05,0.913684210526316,0.00229885057471264,1
7,0.05,0.930526315789474,0.0045045045045045,1
8,0.05,0.947368421052632,0.00221729490022173,1
9,0.05,0.951578947368421,0.0022075055187638,1
10,0.05,0.96421052631579,0.00217864923747277,1
11,0.05,0.949473684210526,0.00221238938053097,1
12,0.05,0.96,0.00218818380743982,1
13,0.05,0.95578947368421,0.0021978021978022,1
14,0.05,0.968421052631579,0.00216919739696312,1
15,0.05,0.970526315789474,0,1
16,0.05,0.968421052631579,0,1
17,0.05,0.981052631578947,0,1
18,0.05,0.985263157894737,0.00213219616204691,1
19,0.05,0.974736842105263,0.0021551724137931,1
20,0.05,0.989473684210526,0.00212314225053079,1
2,0.1,0.117400419287212,0,1
3,0.1,0.559748427672956,0,1
4,0.1,0.763102725366876,0,1
5,0.1,0.860587002096436,0,1
6,0.1,0.89937106918239,0.00116414435389988,1
7,0.1,0.920335429769392,0.00113765642775882,1
8,0.1,0.933962264150943,0.00112107623318386,1
9,0.1,0.959119496855346,0,1
10,0.1,0.953878406708595,0.00109769484083425,1
11,0.1,0.952830188679245,0,1
12,0.1,0.966457023060797,0,1
13,0.1,0.975890985324948,0,1
14,0.1,0.977987421383648,0,1
15,0.1,0.964360587002096,0,1
16,0.1,0.970649895178197,0,1
17,0.1,0.975890985324948,0,1
18,0.1,0.967505241090147,0,1
19,0.1,0.980083857442348,0,1
20,0.1,0.970649895178197,0,1
2,0.2,0.0532574974146846,0,1
3,0.2,0.27817993795243,0,1
4,0.2,0.547569803516029,0,1
5,0.2,0.710961737331954,0,1
6,0.2,0.817476732161324,0,1
7,0.2,0.867631851085833,0,1
8,0.2,0.909513960703206,0,1
9,0.2,0.915718717683557,0,1
10,0.2,0.926577042399173,0,1
11,0.2,0.947776628748707,0,1
12,0.2,0.950879007238883,0,1
13,0.2,0.950361944157187,0,1
14,0.2,0.954498448810755,0,1
15,0.2,0.963288521199586,0,1
16,0.2,0.964322647362978,0,1
17,0.2,0.971044467425026,0,1
18,0.2,0.96535677352637,0,1
19,0.2,0.97052740434333,0,1
20,0.2,0.960703205791106,0,1
2,0.5,0.018860188601886,0,1
3,0.5,0.109471094710947,0,1
4,0.5,0.218327183271833,0,1
5,0.5,0.307708077080771,0,1
6,0.5,0.392373923739237,0,1
7,0.5,0.462689626896269,0,1
8,0.5,0.521525215252153,0,1
9,0.5,0.572775727757278,0,1
10,0.5,0.613571135711357,0,1
11,0.5,0.646781467814678,0,1
12,0.5,0.678351783517835,0,1
13,0.5,0.70889708897089,0,1
14,0.5,0.728987289872899,0,1
15,0.5,0.746822468224682,0,1
16,0.5,0.767527675276753,0,1
17,0.5,0.780852808528085,0,1
18,0.5,0.80319803198032,0,1
19,0.5,0.812628126281263,0,1
20,0.5,0.821238212382124,0,1
2,0,0,0,2
3,0,0,0,2
4,0,0,0,2
5,0,0,0,2
6,0,0,0,2
7,0,0,0,2
8,0,0,0,2
9,0,0,0,2
10,0,0,0,2
11,0,0,0,2
12,0,0,0,2
13,0,0,0,2
14,0,0,0,2
15,0,0,0,2
16,0,0,0,2
17,0,0,0,2
18,0,0,0,2
19,0,0,0,2
20,0,0,0,2
2,0.05,0.213552361396304,0,2
3,0.05,0.694045174537988,0,2
4,0.05,0.86652977412731,0,2
5,0.05,0.88911704312115,0,2
6,0.05,0.895277207392197,0,2
7,0.05,0.95482546201232,0,2
8,0.05,0.948665297741273,0,2
9,0.05,0.967145790554415,0,2
10,0.05,0.956878850102669,0,2
11,0.05,0.973305954825462,0,2
12,0.05,0.967145790554415,0,2
13,0.05,0.97741273100616,0,2
14,0.05,0.987679671457906,0,2
15,0.05,0.975359342915811,0.00210084033613445,2
16,0.05,0.97741273100616,0.00209643605870021,2
17,0.05,0.97741273100616,0,2
18,0.05,0.973305954825462,0,2
19,0.05,0.967145790554415,0.00211864406779661,2
20,0.05,0.97741273100616,0,2
2,0.1,0.0981963927855711,0,2
3,0.1,0.534068136272545,0,2
4,0.1,0.768537074148297,0,2
5,0.1,0.857715430861723,0.00116686114352392,2
6,0.1,0.891783567134269,0.00112233445566779,2
7,0.1,0.912825651302605,0.00109649122807018,2
8,0.1,0.920841683366733,0,2
9,0.1,0.948897795591182,0,2
10,0.1,0.960921843687375,0,2
11,0.1,0.955911823647295,0,2
12,0.1,0.960921843687375,0.00104166666666667,2
13,0.1,0.965931863727455,0,2
14,0.1,0.971943887775551,0,2
15,0.1,0.974949899799599,0,2
16,0.1,0.973947895791583,0,2
17,0.1,0.975951903807615,0,2
18,0.1,0.978957915831663,0,2
19,0.1,0.974949899799599,0,2
20,0.1,0.981963927855711,0,2
2,0.2,0.0573405832921404,0,2
3,0.2,0.275333662876915,0,2
4,0.2,0.526940187839842,0,2
5,0.2,0.698467622343055,0,2
6,0.2,0.805239742956006,0,2
7,0.2,0.851705388037568,0,2
8,0.2,0.878398418190806,0,2
9,0.2,0.904597132970835,0,2
10,0.2,0.930795847750865,0,2
11,0.2,0.940682155215027,0,2
12,0.2,0.948591201186357,0,2
13,0.2,0.951062778052397,0,2
14,0.2,0.956005931784478,0,2
15,0.2,0.95551161641127,0,2
16,0.2,0.962926347009392,0,2
17,0.2,0.961937716262976,0,2
18,0.2,0.965397923875433,0,2
19,0.2,0.961937716262976,0,2
20,0.2,0.968858131487889,0,2
2,0.5,0.0184110466279768,0,2
3,0.5,0.107464478687212,0,2
4,0.5,0.208525115069041,0,2
5,0.5,0.299779867920752,0,2
6,0.5,0.384230538322994,0,2
7,0.5,0.441464878927356,0,2
8,0.5,0.510106063638183,0,2
9,0.5,0.559135481288773,0,2
10,0.5,0.591354812887733,0,2
11,0.5,0.631178707224335,0,2
12,0.5,0.660396237742646,0,2
13,0.5,0.690814488693216,0,2
14,0.5,0.709425655393236,0,2
15,0.5,0.732239343606164,0,2
16,0.5,0.755653392035221,0,2
17,0.5,0.768461076645988,0,2
18,0.5,0.781268761256754,0,2
19,0.5,0.797678607164299,0,2
20,0.5,0.808084850910546,0,2
2,0,0,0,3
3,0,0,0,3
4,0,0,0,3
5,0,0,0,3
6,0,0,1,3
7,0,0,0,3
8,0,0,1,3
9,0,0,1,3
10,0,0,0,3
11,0,0,0,3
12,0,0,0,3
13,0,0,0,3
14,0,0,0,3
15,0,0,0,3
16,0,0,0,3
17,0,0,0,3
18,0,0,1,3
19,0,0,0,3
20,0,0,0,3
2,0.05,0.22879684418146,0,3
3,0.05,0.666666666666667,0.00294985250737463,3
4,0.05,0.826429980276134,0,3
5,0.05,0.865877712031558,0,3
6,0.05,0.928994082840237,0.00211864406779661,3
7,0.05,0.925049309664694,0.00212765957446809,3
8,0.05,0.946745562130177,0.004149377593361,3
9,0.05,0.968441814595661,0.00405679513184584,3
10,0.05,0.958579881656805,0,3
11,0.05,0.976331360946746,0,3
12,0.05,0.962524654832347,0,3
13,0.05,0.972386587771203,0,3
14,0.05,0.970414201183432,0.00202839756592292,3
15,0.05,0.968441814595661,0,3
16,0.05,0.990138067061144,0.00396825396825397,3
17,0.05,0.974358974358974,0.00202020202020202,3
18,0.05,0.980276134122288,0.00200803212851406,3
19,0.05,0.974358974358974,0.00202020202020202,3
20,0.05,0.994082840236686,0.00395256916996047,3
2,0.1,0.102409638554217,0,3
3,0.1,0.514056224899598,0,3
4,0.1,0.757028112449799,0,3
5,0.1,0.8714859437751,0,3
6,0.1,0.889558232931727,0,3
7,0.1,0.926706827309237,0.00108225108225108,3
8,0.1,0.933734939759036,0.00107411385606874,3
9,0.1,0.94578313253012,0.00106044538706257,3
10,0.1,0.958835341365462,0,3
11,0.1,0.950803212851406,0,3
12,0.1,0.965863453815261,0,3
13,0.1,0.953815261044177,0,3
14,0.1,0.963855421686747,0,3
15,0.1,0.969879518072289,0,3
16,0.1,0.975903614457831,0,3
17,0.1,0.980923694779116,0,3
18,0.1,0.975903614457831,0,3
19,0.1,0.971887550200803,0,3
20,0.1,0.980923694779116,0,3
2,0.2,0.0518518518518519,0,3
3,0.2,0.280987654320988,0,3
4,0.2,0.519506172839506,0,3
5,0.2,0.693333333333333,0,3
6,0.2,0.802469135802469,0,3
7,0.2,0.845925925925926,0,3
8,0.2,0.882962962962963,0,3
9,0.2,0.913086419753086,0,3
10,0.2,0.921975308641975,0,3
11,0.2,0.93283950617284,0,3
12,0.2,0.946172839506173,0,3
13,0.2,0.95358024691358,0,3
14,0.2,0.952098765432099,0,3
15,0.2,0.949135802469136,0,3
16,0.2,0.961481481481481,0,3
17,0.2,0.963950617283951,0,3
18,0.2,0.957037037037037,0,3
19,0.2,0.971358024691358,0,3
20,0.2,0.969876543209877,0,3
2,0.5,0.0182866229377857,0,3
3,0.5,0.100973961439078,0,3
4,0.5,0.212085072550189,0,3
5,0.5,0.30431325780163,0,3
6,0.5,0.380043728880938,0,3
7,0.5,0.4512025442258,0,3
8,0.5,0.503080898429736,0,3
9,0.5,0.547604849930431,0,3
10,0.5,0.594116477837408,0,3
11,0.5,0.627310673822302,0,3
12,0.5,0.662492546213476,0,3
13,0.5,0.692307692307692,0,3
14,0.5,0.708010335917313,0,3
15,0.5,0.728483402902008,0,3
16,0.5,0.754323196183661,0,3
17,0.5,0.763466507652554,0,3
18,0.5,0.780958060027827,0,3
19,0.5,0.794076724309282,0,3
20,0.5,0.813754720731465,0,3
2,0,0,0,4
3,0,0,0,4
4,0,0,0,4
5,0,0,0,4
6,0,0,0,4
7,0,0,0,4
8,0,0,0,4
9,0,0,0,4
10,0,0,0,4
11,0,0,0,4
12,0,0,0,4
13,0,0,0,4
14,0,0,0,4
15,0,0,0,4
16,0,0,0,4
17,0,0,0,4
18,0,0,0,4
19,0,0,0,4
20,0,0,0,4
2,0.05,0.213414634146341,0,4
3,0.05,0.701219512195122,0,4
4,0.05,0.829268292682927,0,4
5,0.05,0.869918699186992,0,4
6,0.05,0.922764227642276,0,4
7,0.05,0.943089430894309,0.0021505376344086,4
8,0.05,0.949186991869919,0.00213675213675214,4
9,0.05,0.951219512195122,0,4
10,0.05,0.959349593495935,0,4
11,0.05,0.973577235772358,0.00208333333333333,4
12,0.05,0.961382113821138,0,4
13,0.05,0.971544715447154,0,4
14,0.05,0.971544715447154,0,4
15,0.05,0.969512195121951,0,4
16,0.05,0.983739837398374,0,4
17,0.05,0.977642276422764,0,4
18,0.05,0.983739837398374,0,4
19,0.05,0.98780487804878,0,4
20,0.05,0.965447154471545,0,4
2,0.1,0.106339468302658,0,4
3,0.1,0.52760736196319,0,4
4,0.1,0.782208588957055,0,4
5,0.1,0.851738241308793,0,4
6,0.1,0.898773006134969,0,4
7,0.1,0.91717791411043,0,4
8,0.1,0.934560327198364,0,4
9,0.1,0.932515337423313,0,4
10,0.1,0.947852760736196,0.00107758620689655,4
11,0.1,0.96319018404908,0,4
12,0.1,0.961145194274029,0,4
13,0.1,0.967280163599182,0,4
14,0.1,0.989775051124744,0,4
15,0.1,0.980572597137014,0,4
16,0.1,0.974437627811861,0,4
17,0.1,0.974437627811861,0,4
18,0.1,0.983640081799591,0,4
19,0.1,0.980572597137014,0,4
20,0.1,0.98159509202454,0,4
2,0.2,0.0522006141248721,0,4
3,0.2,0.287103377686796,0,4
4,0.2,0.541453428863869,0,4
5,0.2,0.718014329580348,0,4
6,0.2,0.809621289662231,0,4
7,0.2,0.851586489252815,0,4
8,0.2,0.884851586489253,0,4
9,0.2,0.916581371545548,0,4
10,0.2,0.927328556806551,0,4
11,0.2,0.942169907881269,0,4
12,0.2,0.948311156601842,0,4
13,0.2,0.955987717502559,0,4
14,0.2,0.960593654042989,0,4
15,0.2,0.960593654042989,0,4
16,0.2,0.967758444216991,0,4
17,0.2,0.961617195496418,0,4
18,0.2,0.968270214943705,0,4
19,0.2,0.969805527123848,0,4
20,0.2,0.972876151484135,0,4
2,0.5,0.0179425837320574,0,4
3,0.5,0.100478468899522,0,4
4,0.5,0.20713716108453,0,4
5,0.5,0.30402711323764,0,4
6,0.5,0.384370015948963,0,4
7,0.5,0.450358851674641,0,4
8,0.5,0.500996810207337,0,4
9,0.5,0.55921052631579,0,4
10,0.5,0.5938995215311,0,4
11,0.5,0.629186602870813,0,4
12,0.5,0.657496012759171,0,4
13,0.5,0.686204146730462,0,4
14,0.5,0.711124401913876,0,4
15,0.5,0.73664274322169,0,4
16,0.5,0.749800637958533,0,4
17,0.5,0.764154704944179,0,4
18,0.5,0.783692185007974,0,4
19,0.5,0.801236044657097,0,4
20,0.5,0.807814992025518,0,4
2,0,0,0,5
3,0,0,0,5
4,0,0,0,5
5,0,0,0,5
6,0,0,0,5
7,0,0,0,5
8,0,0,0,5
9,0,0,0,5
10,0,0,0,5
11,0,0,0,5
12,0,0,0,5
13,0,0,0,5
14,0,0,0,5
15,0,0,0,5
16,0,0,0,5
17,0,0,0,5
18,0,0,0,5
19,0,0,0,5
20,0,0,0,5
2,0.05,0.23454157782516,0,5
3,0.05,0.724946695095949,0,5
4,0.05,0.859275053304904,0,5
5,0.05,0.88272921108742,0.00240963855421687,5
6,0.05,0.918976545842217,0,5
7,0.05,0.942430703624733,0.00225733634311512,5
8,0.05,0.974413646055437,0,5
9,0.05,0.940298507462687,0.00226244343891403,5
10,0.05,0.953091684434968,0,5
11,0.05,0.97228144989339,0.00218818380743982,5
12,0.05,0.961620469083156,0,5
13,0.05,0.97228144989339,0.00436681222707424,5
14,0.05,0.963752665245203,0.0022075055187638,5
15,0.05,0.96588486140725,0,5
16,0.05,0.968017057569296,0,5
17,0.05,0.985074626865672,0,5
18,0.05,0.974413646055437,0,5
19,0.05,0.985074626865672,0,5
20,0.05,0.980810234541578,0.00216919739696312,5
2,0.1,0.0999020568070519,0,5
3,0.1,0.527913809990206,0,5
4,0.1,0.77179236043095,0,5
5,0.1,0.861900097943193,0,5
6,0.1,0.886385896180215,0,5
7,0.1,0.921645445641528,0,5
8,0.1,0.929480901077375,0.00105263157894737,5
9,0.1,0.94515181194907,0.00206825232678387,5
10,0.1,0.964740450538688,0.00101419878296146,5
11,0.1,0.954946131243879,0,5
12,0.1,0.96767874632713,0,5
13,0.1,0.963761018609207,0,5
14,0.1,0.966699314397649,0,5
15,0.1,0.969637610186092,0,5
16,0.1,0.97845249755142,0,5
17,0.1,0.970617042115573,0,5
18,0.1,0.974534769833497,0,5
19,0.1,0.981390793339863,0,5
20,0.1,0.975514201762977,0,5
2,0.2,0.0540811216825238,0,5
3,0.2,0.28592889334001,0,5
4,0.2,0.529293940911367,0,5
5,0.2,0.70756134201302,0,5
6,0.2,0.804707060590886,0,5
7,0.2,0.86129193790686,0,5
8,0.2,0.881822734101152,0,5
9,0.2,0.905858788182273,0,5
10,0.2,0.922884326489735,0,5
11,0.2,0.930395593390085,0,5
12,0.2,0.940911367050576,0,5
13,0.2,0.945918878317476,0,5
14,0.2,0.954932398597897,0,5
15,0.2,0.956434651977967,0,5
16,0.2,0.964947421131698,0,5
17,0.2,0.965948923385078,0,5
18,0.2,0.961442163244867,0,5
19,0.2,0.967451176765148,0,5
20,0.2,0.968452679018528,0,5
2,0.5,0.0191196972714599,0,5
3,0.5,0.104560844453296,0,5
4,0.5,0.205935072694682,0,5
5,0.5,0.29735112527385,0,5
6,0.5,0.386377215694085,0,5
7,0.5,0.444732125074686,0,5
8,0.5,0.507667795259908,0,5
9,0.5,0.558056164110735,0,5
10,0.5,0.590918143796057,0,5
11,0.5,0.630950009958176,0,5
12,0.5,0.660426209918343,0,5
13,0.5,0.686516630153356,0,5
14,0.5,0.707030472017526,0,5
15,0.5,0.728938458474408,0,5
16,0.5,0.751045608444533,0,5
17,0.5,0.76777534355706,0,5
18,0.5,0.781716789484166,0,5
19,0.5,0.789085839474208,0,5
20,0.5,0.804819757020514,0,5
2,0,0,0,6
3,0,0,0,6
4,0,0,0,6
5,0,0,0,6
6,0,0,0,6
7,0,0,0,6
8,0,0,0,6
9,0,0,0,6
10,0,0,0,6
11,0,0,0,6
12,0,0,0,6
13,0,0,0,6
14,0,0,0,6
15,0,0,0,6
16,0,0,0,6
17,0,0,0,6
18,0,0,0,6
19,0,0,0,6
20,0,0,0,6
2,0.05,0.192678227360308,0,6
3,0.05,0.682080924855491,0,6
4,0.05,0.853564547206166,0.00225225225225225,6
5,0.05,0.915221579961464,0,6
6,0.05,0.89402697495183,0,6
7,0.05,0.944123314065511,0,6
8,0.05,0.973025048169557,0.00197628458498024,6
9,0.05,0.961464354527938,0.002,6
10,0.05,0.963391136801541,0,6
11,0.05,0.971098265895954,0,6
12,0.05,0.953757225433526,0.00201612903225806,6
13,0.05,0.963391136801541,0.00199600798403194,6
14,0.05,0.990366088631985,0.00387596899224806,6
15,0.05,0.97495183044316,0.00393700787401575,6
16,0.05,0.976878612716763,0.00392927308447937,6
17,0.05,0.978805394990366,0.00587084148727984,6
18,0.05,0.976878612716763,0.00392927308447937,6
19,0.05,0.976878612716763,0.00588235294117647,6
20,0.05,0.984585741811175,0.00583657587548638,6
2,0.1,0.102020202020202,0,6
3,0.1,0.535353535353535,0,6
4,0.1,0.741414141414141,0,6
5,0.1,0.854545454545454,0,6
6,0.1,0.911111111111111,0,6
7,0.1,0.923232323232323,0,6
8,0.1,0.932323232323232,0,6
9,0.1,0.947474747474747,0,6
10,0.1,0.957575757575758,0,6
11,0.1,0.958585858585859,0,6
12,0.1,0.975757575757576,0,6
13,0.1,0.956565656565657,0,6
14,0.1,0.966666666666667,0,6
15,0.1,0.978787878787879,0,6
16,0.1,0.973737373737374,0,6
17,0.1,0.976767676767677,0,6
18,0.1,0.965656565656566,0,6
19,0.1,0.973737373737374,0.00103626943005181,6
20,0.1,0.981818181818182,0,6
2,0.2,0.053680981595092,0,6
3,0.2,0.288854805725971,0,6
4,0.2,0.526584867075665,0,6
5,0.2,0.714212678936605,0,6
6,0.2,0.812883435582822,0,6
7,0.2,0.8640081799591,0,6
8,0.2,0.896728016359918,0,6
9,0.2,0.913087934560327,0,6
10,0.2,0.923824130879346,0,6
11,0.2,0.939161554192229,0,6
12,0.2,0.945296523517382,0,6
13,0.2,0.952453987730061,0,6
14,0.2,0.96319018404908,0,6
15,0.2,0.969325153374233,0,6
16,0.2,0.961145194274029,0,6
17,0.2,0.962167689161554,0,6
18,0.2,0.963701431492842,0,6
19,0.2,0.967280163599182,0,6
20,0.2,0.968302658486708,0,6
2,0.5,0.0176042088223391,0,6
3,0.5,0.106434641845407,0,6
4,0.5,0.216309186564144,0,6
5,0.5,0.30635370295427,0,6
6,0.5,0.386685552407932,0,6
7,0.5,0.454269526507487,0,6
8,0.5,0.515176042088223,0,6
9,0.5,0.556859571023877,0,6
10,0.5,0.60866046135168,0,6
11,0.5,0.638000809388911,0,6
12,0.5,0.666329421286928,0,6
13,0.5,0.702954269526508,0,6
14,0.5,0.720356131121004,0,6
15,0.5,0.735127478753541,0,6
16,0.5,0.757992715499798,0,6
17,0.5,0.776608660461352,0,6
18,0.5,0.799069202751922,0,6
19,0.5,0.807365439093484,0,6
20,0.5,0.813233508700931,0,6
2,0,0,0,7
3,0,0,0,7
4,0,0,0,7
5,0,0,0,7
6,0,0,0,7
7,0,0,0,7
8,0,0,0,7
9,0,0,0,7
10,0,0,0,7
11,0,0,0,7
12,0,0,0,7
13,0,0,0,7
14,0,0,0,7
15,0,0,0,7
16,0,0,0,7
17,0,0,0,7
18,0,0,0,7
19,0,0,0,7
20,0,0,0,7
2,0.05,0.212,0,7
3,0.05,0.69,0,7
4,0.05,0.84,0,7
5,0.05,0.894,0,7
6,0.05,0.932,0.00214132762312634,7
7,0.05,0.94,0.00212314225053079,7
8,0.05,0.942,0,7
9,0.05,0.942,0.00211864406779661,7
10,0.05,0.956,0.00416666666666667,7
11,0.05,0.974,0,7
12,0.05,0.968,0,7
13,0.05,0.956,0,7
14,0.05,0.974,0.00204918032786885,7
15,0.05,0.974,0.00204918032786885,7
16,0.05,0.976,0,7
17,0.05,0.962,0,7
18,0.05,0.99,0,7
19,0.05,0.986,0,7
20,0.05,0.978,0,7
2,0.1,0.120517928286853,0,7
3,0.1,0.50996015936255,0,7
4,0.1,0.75597609561753,0,7
5,0.1,0.864541832669323,0,7
6,0.1,0.905378486055777,0,7
7,0.1,0.907370517928287,0,7
8,0.1,0.934262948207171,0,7
9,0.1,0.952191235059761,0,7
10,0.1,0.954183266932271,0,7
11,0.1,0.949203187250996,0,7
12,0.1,0.947211155378486,0,7
13,0.1,0.961155378486056,0,7
14,0.1,0.971115537848606,0,7
15,0.1,0.97808764940239,0,7
16,0.1,0.983067729083665,0,7
17,0.1,0.97808764940239,0,7
18,0.1,0.97410358565737,0,7
19,0.1,0.98406374501992,0,7
20,0.1,0.987051792828685,0,7
2,0.2,0.0507139340226489,0,7
3,0.2,0.27424913835549,0,7
4,0.2,0.528311176760217,0,7
5,0.2,0.698178237321517,0,7
6,0.2,0.79862136878385,0,7
7,0.2,0.851797144263909,0,7
8,0.2,0.879862136878385,0,7
9,0.2,0.909896602658789,0,7
10,0.2,0.928114229443624,0,7
11,0.2,0.937961595273264,0,7
12,0.2,0.936484490398818,0,7
13,0.2,0.938453963564746,0,7
14,0.2,0.951255539143279,0,7
15,0.2,0.959133431806992,0,7
16,0.2,0.957656326932546,0,7
17,0.2,0.960118168389956,0,7
18,0.2,0.970457902511078,0,7
19,0.2,0.967996061053668,0,7
20,0.2,0.97095027080256,0,7
2,0.5,0.0181041497152156,0,7
3,0.5,0.107607811228641,0,7
4,0.5,0.205451586655818,0,7
5,0.5,0.303905614320586,0,7
6,0.5,0.390358014646054,0,7
7,0.5,0.457485760781123,0,7
8,0.5,0.515459723352319,0,7
9,0.5,0.564890154597234,0,7
10,0.5,0.606387306753458,0,7
11,0.5,0.64300244100895,0,7
12,0.5,0.671074043938161,0,7
13,0.5,0.70240032546786,0,7
14,0.5,0.726810414971522,0,7
15,0.5,0.741049633848657,0,7
16,0.5,0.761187957689178,0,7
17,0.5,0.775427176566314,0,7
18,0.5,0.788445890968267,0,7
19,0.5,0.804312449145647,0,7
20,0.5,0.817737998372661,0,7
2,0,0,0,8
3,0,0,0,8
4,0,0,0,8
5,0,0,0,8
6,0,0,0,8
7,0,0,0,8
8,0,0,0,8
9,0,0,0,8
10,0,0,0,8
11,0,0,0,8
12,0,0,0,8
13,0,0,0,8
14,0,0,0,8
15,0,0,0,8
16,0,0,0,8
17,0,0,0,8
18,0,0,0,8
19,0,0,0,8
20,0,0,0,8
2,0.05,0.223577235772358,0,8
3,0.05,0.719512195121951,0,8
4,0.05,0.810975609756098,0,8
5,0.05,0.876016260162602,0,8
6,0.05,0.934959349593496,0,8
7,0.05,0.93089430894309,0,8
8,0.05,0.943089430894309,0,8
9,0.05,0.939024390243902,0.00215982721382289,8
10,0.05,0.961382113821138,0,8
11,0.05,0.967479674796748,0,8
12,0.05,0.959349593495935,0,8
13,0.05,0.969512195121951,0,8
14,0.05,0.961382113821138,0,8
15,0.05,0.973577235772358,0,8
16,0.05,0.973577235772358,0,8
17,0.05,0.983739837398374,0,8
18,0.05,0.975609756097561,0,8
19,0.05,0.979674796747967,0,8
20,0.05,0.981707317073171,0,8
2,0.1,0.105004906771344,0,8
3,0.1,0.522080471050049,0,8
4,0.1,0.774288518155054,0,8
5,0.1,0.849852796859666,0,8
6,0.1,0.896957801766438,0,8
7,0.1,0.924435721295388,0,8
8,0.1,0.928361138370952,0,8
9,0.1,0.940137389597645,0,8
10,0.1,0.95387634936212,0,8
11,0.1,0.959764474975466,0,8
12,0.1,0.967615309126595,0,8
13,0.1,0.967615309126595,0,8
14,0.1,0.97252208047105,0,8
15,0.1,0.960745829244357,0,8
16,0.1,0.973503434739941,0,8
17,0.1,0.968596663395486,0,8
18,0.1,0.975466143277723,0,8
19,0.1,0.986261040235525,0,8
20,0.1,0.979391560353288,0,8
2,0.2,0.0404653515427415,0,8
3,0.2,0.289833080424886,0,8
4,0.2,0.541224076884168,0,8
5,0.2,0.711178553363682,0,8
6,0.2,0.802731411229135,0,8
7,0.2,0.863429438543247,0,8
8,0.2,0.889226100151745,0,8
9,0.2,0.905918057663126,0,8
10,0.2,0.92766818411735,0,8
11,0.2,0.94436014162873,0,8
12,0.2,0.950429944360142,0,8
13,0.2,0.952959028831563,0,8
14,0.2,0.95144157814871,0,8
15,0.2,0.953970662620132,0,8
16,0.2,0.961052099140111,0,8
17,0.2,0.966110268082954,0,8
18,0.2,0.969650986342944,0,8
19,0.2,0.968133535660091,0,8
20,0.2,0.968133535660091,0,8
2,0.5,0.0175333731819087,0,8
3,0.5,0.106594939230922,0,8
4,0.5,0.201633791591951,0,8
5,0.5,0.305040844789799,0,8
6,0.5,0.389121338912134,0,8
7,0.5,0.446702530384539,0,8
8,0.5,0.502490535963339,0,8
9,0.5,0.557282327156804,0,8
10,0.5,0.595138473799562,0,8
11,0.5,0.625423391113768,0,8
12,0.5,0.664474995018928,0,8
13,0.5,0.685395497110978,0,8
14,0.5,0.717473600318789,0,8
15,0.5,0.726240286909743,0,8
16,0.5,0.751145646543136,0,8
17,0.5,0.769077505479179,0,8
18,0.5,0.783821478382148,0,8
19,0.5,0.797569236899781,0,8
20,0.5,0.808926080892608,0,8
2,0,0,0,9
3,0,0,0,9
4,0,0,0,9
5,0,0,0,9
6,0,0,0,9
7,0,0,0,9
8,0,0,0,9
9,0,0,0,9
10,0,0,0,9
11,0,0,0,9
12,0,0,0,9
13,0,0,0,9
14,0,0,0,9
15,0,0,0,9
16,0,0,0,9
17,0,0,0,9
18,0,0,0,9
19,0,0,0,9
20,0,0,0,9
2,0.05,0.244306418219462,0,9
3,0.05,0.677018633540373,0,9
4,0.05,0.84472049689441,0,9
5,0.05,0.892339544513458,0,9
6,0.05,0.919254658385093,0,9
7,0.05,0.952380952380952,0.00647948164146868,9
8,0.05,0.946169772256729,0.00218340611353712,9
9,0.05,0.952380952380952,0,9
10,0.05,0.94824016563147,0,9
11,0.05,0.960662525879917,0,9
12,0.05,0.981366459627329,0,9
13,0.05,0.958592132505176,0.0021551724137931,9
14,0.05,0.966873706004141,0.00426439232409382,9
15,0.05,0.987577639751553,0.00209205020920502,9
16,0.05,0.971014492753623,0.00212765957446809,9
17,0.05,0.9648033126294,0.00427350427350427,9
18,0.05,0.973084886128364,0.00212314225053079,9
19,0.05,0.98343685300207,0.00210084033613445,9
20,0.05,0.981366459627329,0.00210526315789474,9
2,0.1,0.119683481701286,0,9
3,0.1,0.522255192878338,0,9
4,0.1,0.775469831849654,0,9
5,0.1,0.838773491592483,0,9
6,0.1,0.90108803165183,0.00109649122807018,9
7,0.1,0.916913946587537,0.00107758620689655,9
8,0.1,0.935707220573689,0.00105596620908131,9
9,0.1,0.94757665677547,0.00104275286757039,9
10,0.1,0.949554896142433,0.00104058272632674,9
11,0.1,0.964391691394659,0.00204708290685773,9
12,0.1,0.969337289812067,0.00203665987780041,9
13,0.1,0.967359050445104,0.00102145045965271,9
14,0.1,0.968348170128586,0,9
15,0.1,0.976261127596439,0,9
16,0.1,0.981206726013848,0,9
17,0.1,0.975272007912957,0,9
18,0.1,0.979228486646884,0,9
19,0.1,0.968348170128586,0,9
20,0.1,0.984174085064293,0,9
2,0.2,0.0473074987418218,0,9
3,0.2,0.282838449924509,0,9
4,0.2,0.542526421741319,0,9
5,0.2,0.700050327126321,0,9
6,0.2,0.813789632611978,0,9
7,0.2,0.859587317564167,0,9
8,0.2,0.896326119778561,0,9
9,0.2,0.914443885254152,0,9
10,0.2,0.932561650729743,0,9
11,0.2,0.93658782083543,0,9
12,0.2,0.947156517362859,0,9
13,0.2,0.956215400100654,0,9
14,0.2,0.955712128837443,0,9
15,0.2,0.956718671363865,0,9
16,0.2,0.963764469048817,0,9
17,0.2,0.964267740312028,0,9
18,0.2,0.969803724207348,0,9
19,0.2,0.972320080523402,0,9
20,0.2,0.97131353799698,0,9
2,0.5,0.0179699842022117,0,9
3,0.5,0.0993285939968404,0,9
4,0.5,0.203001579778831,0,9
5,0.5,0.296208530805687,0,9
6,0.5,0.375394944707741,0,9
7,0.5,0.43957345971564,0,9
8,0.5,0.506121642969984,0,9
9,0.5,0.548183254344392,0,9
10,0.5,0.587875197472354,0,9
11,0.5,0.628159557661927,0,9
12,0.5,0.657187993680885,0,9
13,0.5,0.68542654028436,0,9
14,0.5,0.705766192733017,0,9
15,0.5,0.728870458135861,0,9
16,0.5,0.752567140600316,0,9
17,0.5,0.762243285939968,0,9
18,0.5,0.777843601895735,0,9
19,0.5,0.794826224328594,0,9
20,0.5,0.802132701421801,0,9
2,0,0,0,10
3,0,0,0,10
4,0,0,0,10
5,0,0,0,10
6,0,0,0,10
7,0,0,0,10
8,0,0,0,10
9,0,0,0,10
10,0,0,0,10
11,0,0,0,10
12,0,0,0,10
13,0,0,0,10
14,0,0,0,10
15,0,0,0,10
16,0,0,0,10
17,0,0,0,10
18,0,0,0,10
19,0,0,0,10
20,0,0,0,10
2,0.05,0.214990138067061,0,10
3,0.05,0.708086785009862,0,10
4,0.05,0.850098619329389,0.00231481481481481,10
5,0.05,0.909270216962525,0,10
6,0.05,0.925049309664694,0,10
7,0.05,0.915187376725838,0.0021505376344086,10
8,0.05,0.944773175542406,0,10
9,0.05,0.946745562130177,0,10
10,0.05,0.956607495069034,0.00205761316872428,10
11,0.05,0.976331360946746,0.00201612903225806,10
12,0.05,0.968441814595661,0.00203252032520325,10
13,0.05,0.980276134122288,0.00200803212851406,10
14,0.05,0.970414201183432,0.00202839756592292,10
15,0.05,0.982248520710059,0.00200400801603206,10
16,0.05,0.976331360946746,0.00201612903225806,10
17,0.05,0.972386587771203,0.00202429149797571,10
18,0.05,0.98422090729783,0,10
19,0.05,0.978303747534517,0,10
20,0.05,0.986193293885602,0,10
2,0.1,0.102613746369797,0,10
3,0.1,0.512100677637948,0,10
4,0.1,0.778315585672798,0,10
5,0.1,0.850919651500484,0,10
6,0.1,0.86350435624395,0,10
7,0.1,0.913843175217812,0,10
8,0.1,0.939012584704743,0,10
9,0.1,0.934172313649564,0,10
10,0.1,0.950629235237173,0,10
11,0.1,0.964181994191675,0,10
12,0.1,0.959341723136496,0,10
13,0.1,0.963213939980639,0,10
14,0.1,0.973862536302033,0,10
15,0.1,0.968054211035818,0,10
16,0.1,0.970958373668925,0,10
17,0.1,0.96999031945789,0,10
18,0.1,0.980638915779284,0,10
19,0.1,0.968054211035818,0,10
20,0.1,0.97676669893514,0,10
2,0.2,0.0503560528992879,0,10
3,0.2,0.283316378433367,0,10
4,0.2,0.528484231943032,0,10
5,0.2,0.716683621566633,0,10
6,0.2,0.81383519837233,0,10
7,0.2,0.865208545269583,0,10
8,0.2,0.888606307222787,0,10
9,0.2,0.910478128179044,0,10
10,0.2,0.914038657171923,0,10
11,0.2,0.933367243133265,0,10
12,0.2,0.939979654120041,0,10
13,0.2,0.948118006103764,0,10
14,0.2,0.953713123092574,0,10
15,0.2,0.960325534079349,0,10
16,0.2,0.963886063072228,0,10
17,0.2,0.967446592065107,0,10
18,0.2,0.971515768056968,0,10
19,0.2,0.967446592065107,0,10
20,0.2,0.967446592065107,0,10
2,0.5,0.0198915009041591,0,10
3,0.5,0.106088004822182,0,10
4,0.5,0.208559373116335,0,10
5,0.5,0.312035362668274,0,10
6,0.5,0.385573638738196,0,10
7,0.5,0.447458308217802,0,10
8,0.5,0.505324492666265,0,10
9,0.5,0.559774964838256,0,10
10,0.5,0.595740405866988,0,10
11,0.5,0.632107695398835,0,10
12,0.5,0.668073136427567,0,10
13,0.5,0.694394213381555,0,10
14,0.5,0.721117138838658,0,10
15,0.5,0.731364275668073,0,10
16,0.5,0.750452079566004,0,10
17,0.5,0.770745428973277,0,10
18,0.5,0.78822583885875,0,10
19,0.5,0.797066505927265,0,10
20,0.5,0.810729355033152,0,10
2,0,0,1,11
3,0,0,1,11
4,0,0,0,11
5,0,0,0,11
6,0,0,0,11
7,0,0,0,11
8,0,0,0,11
9,0,0,0,11
10,0,0,0,11
11,0,0,0,11
12,0,0,0,11
13,0,0,0,11
14,0,0,0,11
15,0,0,0,11
16,0,0,0,11
17,0,0,0,11
18,0,0,0,11
19,0,0,0,11
20,0,0,0,11
2,0.05,0.233766233766234,0,11
3,0.05,0.708719851576994,0.00261096605744125,11
4,0.05,0.840445269016698,0.00220264317180617,11
5,0.05,0.88682745825603,0,11
6,0.05,0.931354359925789,0,11
7,0.05,0.931354359925789,0,11
8,0.05,0.944341372912802,0,11
9,0.05,0.946196660482375,0,11
10,0.05,0.961038961038961,0,11
11,0.05,0.966604823747681,0,11
12,0.05,0.97773654916512,0,11
13,0.05,0.972170686456401,0,11
14,0.05,0.98330241187384,0,11
15,0.05,0.959183673469388,0,11
16,0.05,0.98330241187384,0,11
17,0.05,0.97773654916512,0.00189393939393939,11
18,0.05,0.981447124304267,0,11
19,0.05,0.974025974025974,0,11
20,0.05,0.972170686456401,0,11
2,0.1,0.110891089108911,0,11
3,0.1,0.496039603960396,0,11
4,0.1,0.778217821782178,0,11
5,0.1,0.84950495049505,0.00116414435389988,11
6,0.1,0.908910891089109,0,11
7,0.1,0.917821782178218,0,11
8,0.1,0.942574257425743,0,11
9,0.1,0.955445544554455,0,11
10,0.1,0.951485148514851,0,11
11,0.1,0.955445544554455,0,11
12,0.1,0.962376237623762,0,11
13,0.1,0.967326732673267,0,11
14,0.1,0.968316831683168,0,11
15,0.1,0.97029702970297,0,11
16,0.1,0.981188118811881,0,11
17,0.1,0.979207920792079,0,11
18,0.1,0.976237623762376,0,11
19,0.1,0.979207920792079,0,11
20,0.1,0.976237623762376,0,11
2,0.2,0.0488290981564524,0,11
3,0.2,0.275037369207773,0,11
4,0.2,0.517688091679123,0,11
5,0.2,0.683607374190334,0,11
6,0.2,0.806178375685102,0,11
7,0.2,0.856502242152466,0,11
8,0.2,0.880418535127055,0,11
9,0.2,0.906327852516193,0,11
10,0.2,0.929247633283508,0,11
11,0.2,0.93423019431988,0,11
12,0.2,0.943697060288989,0,11
13,0.2,0.949177877428999,0,11
14,0.2,0.95067264573991,0,11
15,0.2,0.960637767812656,0,11
16,0.2,0.96163428001993,0,11
17,0.2,0.964125560538117,0,11
18,0.2,0.969606377678127,0,11
19,0.2,0.970602889885401,0,11
20,0.2,0.970602889885401,0,11
2,0.5,0.0194753577106518,0,11
3,0.5,0.100755166931638,0,11
4,0.5,0.20906200317965,0,11
5,0.5,0.301669316375199,0,11
6,0.5,0.385731319554849,0,11
7,0.5,0.452702702702703,0,11
8,0.5,0.504173290937997,0,11
9,0.5,0.549483306836248,0,11
10,0.5,0.590818759936407,0,11
11,0.5,0.629372019077901,0,11
12,0.5,0.660174880763116,0,11
13,0.5,0.687798092209857,0,11
14,0.5,0.715818759936407,0,11
15,0.5,0.725755166931638,0,11
16,0.5,0.757949125596184,0,11
17,0.5,0.767090620031797,0,11
18,0.5,0.771860095389507,0,11
19,0.5,0.791931637519873,0,11
20,0.5,0.802265500794913,0,11
2,0,0,0,12
3,0,0,0,12
4,0,0,0,12
5,0,0,0,12
6,0,0,0,12
7,0,0,0,12
8,0,0,0,12
9,0,0,0,12
10,0,0,0,12
11,0,0,0,12
12,0,0,0,12
13,0,0,0,12
14,0,0,0,12
15,0,0,0,12
16,0,0,0,12
17,0,0,0,12
18,0,0,0,12
19,0,0,0,12
20,0,0,0,12
2,0.05,0.232558139534884,0,12
3,0.05,0.693798449612403,0,12
4,0.05,0.864341085271318,0,12
5,0.05,0.866279069767442,0,12
6,0.05,0.916666666666667,0,12
7,0.05,0.932170542635659,0,12
8,0.05,0.947674418604651,0,12
9,0.05,0.961240310077519,0.00201207243460765,12
10,0.05,0.957364341085271,0,12
11,0.05,0.943798449612403,0.00204918032786885,12
12,0.05,0.98062015503876,0,12
13,0.05,0.97093023255814,0,12
14,0.05,0.976744186046512,0,12
15,0.05,0.976744186046512,0,12
16,0.05,0.972868217054264,0,12
17,0.05,0.97093023255814,0.00199203187250996,12
18,0.05,0.976744186046512,0.00198019801980198,12
19,0.05,0.974806201550388,0,12
20,0.05,0.967054263565892,0,12
2,0.1,0.111545988258317,0,12
3,0.1,0.529354207436399,0,12
4,0.1,0.780821917808219,0,12
5,0.1,0.850293542074364,0,12
6,0.1,0.879647749510763,0,12
7,0.1,0.930528375733855,0,12
8,0.1,0.935420743639922,0,12
9,0.1,0.948140900195695,0,12
10,0.1,0.954990215264188,0,12
11,0.1,0.954990215264188,0,12
12,0.1,0.955968688845401,0,12
13,0.1,0.964774951076321,0,12
14,0.1,0.968688845401174,0,12
15,0.1,0.969667318982387,0,12
16,0.1,0.969667318982387,0,12
17,0.1,0.973581213307241,0,12
18,0.1,0.969667318982387,0,12
19,0.1,0.976516634050881,0,12
20,0.1,0.975538160469667,0,12
2,0.2,0.0476190476190476,0,12
3,0.2,0.286210317460317,0,12
4,0.2,0.536706349206349,0,12
5,0.2,0.692460317460317,0,12
6,0.2,0.80109126984127,0,12
7,0.2,0.849702380952381,0,12
8,0.2,0.888392857142857,0,12
9,0.2,0.912202380952381,0,12
10,0.2,0.924603174603175,0,12
11,0.2,0.937996031746032,0,12
12,0.2,0.939484126984127,0,12
13,0.2,0.947916666666667,0,12
14,0.2,0.954861111111111,0,12
15,0.2,0.957837301587302,0,12
16,0.2,0.962797619047619,0,12
17,0.2,0.966269841269841,0,12
18,0.2,0.969246031746032,0,12
19,0.2,0.964781746031746,0,12
20,0.2,0.970734126984127,0,12
2,0.5,0.0169658709804695,0,12
3,0.5,0.100217005326494,0,12
4,0.5,0.211876109686329,0,12
5,0.5,0.300453738409943,0,12
6,0.5,0.382323929769185,0,12
7,0.5,0.447030972578418,0,12
8,0.5,0.497928585519826,0,12
9,0.5,0.543302426514105,0,12
10,0.5,0.587887157230223,0,12
11,0.5,0.625764450581969,0,12
12,0.5,0.652988755178536,0,12
13,0.5,0.675872953245216,0,12
14,0.5,0.699546261590057,0,12
15,0.5,0.725784178338923,0,12
16,0.5,0.744328269875715,0,12
17,0.5,0.764845137107911,0,12
18,0.5,0.777668179128033,0,12
19,0.5,0.79305582955218,0,12
20,0.5,0.803116985598737,0,12
2,0,0,0,13
3,0,0,0,13
4,0,0,0,13
5,0,0,0,13
6,0,0,0,13
7,0,0,1,13
8,0,0,1,13
9,0,0,1,13
10,0,0,0,13
11,0,0,0,13
12,0,0,0,13
13,0,0,0,13
14,0,0,0,13
15,0,0,0,13
16,0,0,0,13
17,0,0,0,13
18,0,0,0,13
19,0,0,0,13
20,0,0,0,13
2,0.05,0.232510288065844,0,13
3,0.05,0.722222222222222,0,13
4,0.05,0.825102880658436,0,13
5,0.05,0.893004115226337,0,13
6,0.05,0.91358024691358,0,13
7,0.05,0.944444444444444,0,13
8,0.05,0.948559670781893,0,13
9,0.05,0.965020576131687,0,13
10,0.05,0.965020576131687,0,13
11,0.05,0.967078189300412,0,13
12,0.05,0.983539094650206,0,13
13,0.05,0.969135802469136,0,13
14,0.05,0.967078189300412,0.00212314225053079,13
15,0.05,0.979423868312757,0,13
16,0.05,0.967078189300412,0.00212314225053079,13
17,0.05,0.983539094650206,0,13
18,0.05,0.977366255144033,0,13
19,0.05,0.981481481481482,0,13
20,0.05,0.983539094650206,0,13
2,0.1,0.103869653767821,0,13
3,0.1,0.529531568228106,0,13
4,0.1,0.783095723014257,0,13
5,0.1,0.891038696537678,0,13
6,0.1,0.90122199592668,0,13
7,0.1,0.923625254582485,0,13
8,0.1,0.940936863543788,0,13
9,0.1,0.934826883910387,0,13
10,0.1,0.962321792260692,0,13
11,0.1,0.960285132382892,0,13
12,0.1,0.965376782077393,0,13
13,0.1,0.968431771894094,0.00105042016806723,13
14,0.1,0.965376782077393,0,13
15,0.1,0.974541751527495,0,13
16,0.1,0.972505091649694,0,13
17,0.1,0.978615071283096,0,13
18,0.1,0.972505091649694,0,13
19,0.1,0.985743380855397,0,13
20,0.1,0.981670061099796,0,13
2,0.2,0.0607429718875502,0,13
3,0.2,0.266064257028112,0,13
4,0.2,0.527610441767068,0,13
5,0.2,0.701807228915663,0,13
6,0.2,0.806224899598394,0,13
7,0.2,0.849899598393574,0,13
8,0.2,0.88855421686747,0,13
9,0.2,0.906124497991968,0,13
10,0.2,0.914658634538153,0,13
11,0.2,0.934236947791165,0,13
12,0.2,0.935240963855422,0,13
13,0.2,0.948795180722892,0,13
14,0.2,0.957329317269076,0,13
15,0.2,0.960843373493976,0,13
16,0.2,0.957831325301205,0,13
17,0.2,0.961345381526104,0,13
18,0.2,0.96285140562249,0,13
19,0.2,0.968373493975904,0,13
20,0.2,0.965361445783133,0,13
2,0.5,0.0183449651046859,0,13
3,0.5,0.100697906281157,0,13
4,0.5,0.205782652043868,0,13
5,0.5,0.304486540378863,0,13
6,0.5,0.379062811565304,0,13
7,0.5,0.449850448654038,0,13
8,0.5,0.511266201395813,0,13
9,0.5,0.551545363908275,0,13
10,0.5,0.591425722831506,0,13
11,0.5,0.627517447657029,0,13
12,0.5,0.661814556331007,0,13
13,0.5,0.688733798604187,0,13
14,0.5,0.711665004985045,0,13
15,0.5,0.727816550348953,0,13
16,0.5,0.752542372881356,0,13
17,0.5,0.772083748753739,0,13
18,0.5,0.787238285144566,0,13
19,0.5,0.796809571286142,0,13
20,0.5,0.803389830508475,0,13
2,0,0,0,14
3,0,0,0,14
4,0,0,0,14
5,0,0,0,14
6,0,0,0,14
7,0,0,0,14
8,0,0,0,14
9,0,0,0,14
10,0,0,0,14
11,0,0,0,14
12,0,0,0,14
13,0,0,0,14
14,0,0,0,14
15,0,0,0,14
16,0,0,0,14
17,0,0,0,14
18,0,0,0,14
19,0,0,0,14
20,0,0,0,14
2,0.05,0.233532934131737,0,14
3,0.05,0.716566866267465,0,14
4,0.05,0.808383233532934,0,14
5,0.05,0.880239520958084,0,14
6,0.05,0.924151696606786,0.0021551724137931,14
7,0.05,0.940119760479042,0,14
8,0.05,0.936127744510978,0.00212765957446809,14
9,0.05,0.936127744510978,0.00635593220338983,14
10,0.05,0.974051896207585,0,14
11,0.05,0.958083832335329,0.00207900207900208,14
12,0.05,0.966067864271457,0,14
13,0.05,0.982035928143713,0,14
14,0.05,0.974051896207585,0,14
15,0.05,0.968063872255489,0,14
16,0.05,0.986027944111776,0,14
17,0.05,0.992015968063872,0,14
18,0.05,0.976047904191617,0,14
19,0.05,0.978043912175649,0,14
20,0.05,0.986027944111776,0.00202020202020202,14
2,0.1,0.112648221343874,0,14
3,0.1,0.528656126482213,0,14
4,0.1,0.760869565217391,0,14
5,0.1,0.854743083003953,0,14
6,0.1,0.905138339920949,0,14
7,0.1,0.910079051383399,0.00108459869848156,14
8,0.1,0.943675889328063,0,14
9,0.1,0.940711462450593,0,14
10,0.1,0.953557312252964,0,14
11,0.1,0.958498023715415,0,14
12,0.1,0.973320158102767,0,14
13,0.1,0.967391304347826,0,14
14,0.1,0.974308300395257,0,14
15,0.1,0.979249011857708,0,14
16,0.1,0.981225296442688,0,14
17,0.1,0.969367588932806,0,14
18,0.1,0.977272727272727,0,14
19,0.1,0.973320158102767,0,14
20,0.1,0.977272727272727,0,14
2,0.2,0.0520428015564202,0,14
3,0.2,0.269455252918288,0,14
4,0.2,0.493190661478599,0,14
5,0.2,0.705739299610895,0,14
6,0.2,0.782101167315175,0,14
7,0.2,0.852140077821012,0,14
8,0.2,0.900291828793774,0,14
9,0.2,0.907101167315175,0,14
10,0.2,0.924610894941634,0,14
11,0.2,0.937256809338521,0,14
12,0.2,0.936770428015564,0,14
13,0.2,0.943093385214008,0,14
14,0.2,0.948443579766537,0,14
15,0.2,0.956225680933852,0,14
16,0.2,0.961089494163424,0,14
17,0.2,0.968871595330739,0,14
18,0.2,0.965466926070039,0,14
19,0.2,0.967898832684825,0,14
20,0.2,0.973249027237354,0,14
2,0.5,0.0206003531489111,0,14
3,0.5,0.0998626643123406,0,14
4,0.5,0.196193839513439,0,14
5,0.5,0.295271728467726,0,14
6,0.5,0.375122621149696,0,14
7,0.5,0.443594271139886,0,14
8,0.5,0.504218167549539,0,14
9,0.5,0.540906415538552,0,14
10,0.5,0.585442417108103,0,14
11,0.5,0.618599175985874,0,14
12,0.5,0.64920541494997,0,14
13,0.5,0.675103001765745,0,14
14,0.5,0.702962526976653,0,14
15,0.5,0.724543849323131,0,14
16,0.5,0.742986070237394,0,14
17,0.5,0.760447321954091,0,14
18,0.5,0.772218952324897,0,14
19,0.5,0.787522071806945,0,14
20,0.5,0.800470865214832,0,14
2,0,0,0,15
3,0,0,0,15
4,0,0,0,15
5,0,0,0,15
6,0,0,0,15
7,0,0,0,15
8,0,0,0,15
9,0,0,0,15
10,0,0,0,15
11,0,0,0,15
12,0,0,0,15
13,0,0,0,15
14,0,0,0,15
15,0,0,0,15
16,0,0,0,15
17,0,0,0,15
18,0,0,0,15
19,0,0,0,15
20,0,0,0,15
2,0.05,0.204980842911877,0,15
3,0.05,0.689655172413793,0,15
4,0.05,0.82183908045977,0,15
5,0.05,0.890804597701149,0,15
6,0.05,0.934865900383142,0,15
7,0.05,0.919540229885057,0,15
8,0.05,0.973180076628352,0,15
9,0.05,0.952107279693487,0,15
10,0.05,0.969348659003831,0,15
11,0.05,0.969348659003831,0,15
12,0.05,0.967432950191571,0,15
13,0.05,0.975095785440613,0,15
14,0.05,0.973180076628352,0.00196463654223969,15
15,0.05,0.975095785440613,0.00196078431372549,15
16,0.05,0.975095785440613,0,15
17,0.05,0.984674329501916,0,15
18,0.05,0.982758620689655,0.00194552529182879,15
19,0.05,0.975095785440613,0,15
20,0.05,0.967432950191571,0,15
2,0.1,0.11011011011011,0,15
3,0.1,0.541541541541542,0,15
4,0.1,0.774774774774775,0,15
5,0.1,0.854854854854855,0,15
6,0.1,0.893893893893894,0,15
7,0.1,0.923923923923924,0,15
8,0.1,0.952952952952953,0,15
9,0.1,0.936936936936937,0,15
10,0.1,0.950950950950951,0,15
11,0.1,0.965965965965966,0,15
12,0.1,0.945945945945946,0,15
13,0.1,0.957957957957958,0,15
14,0.1,0.965965965965966,0,15
15,0.1,0.971971971971972,0,15
16,0.1,0.977977977977978,0,15
17,0.1,0.980980980980981,0,15
18,0.1,0.974974974974975,0,15
19,0.1,0.975975975975976,0,15
20,0.1,0.973973973973974,0,15
2,0.2,0.0493273542600897,0,15
3,0.2,0.273542600896861,0,15
4,0.2,0.529646238166418,0,15
5,0.2,0.703537618335825,0,15
6,0.2,0.802690582959641,0,15
7,0.2,0.864474339810663,0,15
8,0.2,0.896860986547085,0,15
9,0.2,0.914798206278027,0,15
10,0.2,0.929247633283508,0,15
11,0.2,0.933731938216243,0,15
12,0.2,0.94170403587444,0,15
13,0.2,0.941205779770802,0,15
14,0.2,0.960139511709018,0,15
15,0.2,0.963627304434479,0,15
16,0.2,0.964125560538117,0,15
17,0.2,0.965122072745391,0,15
18,0.2,0.969108121574489,0,15
19,0.2,0.968111609367215,0,15
20,0.2,0.969606377678127,0,15
2,0.5,0.0208459825946165,0,15
3,0.5,0.101801254806719,0,15
4,0.5,0.215543412264724,0,15
5,0.5,0.311273021655535,0,15
6,0.5,0.3859542602712,0,15
7,0.5,0.451528030763003,0,15
8,0.5,0.517506577615867,0,15
9,0.5,0.556365108277677,0,15
10,0.5,0.599473790730621,0,15
11,0.5,0.63752276867031,0,15
12,0.5,0.670512042096742,0,15
13,0.5,0.69257235377454,0,15
14,0.5,0.72434729811779,0,15
15,0.5,0.741550293462862,0,15
16,0.5,0.753693584294677,0,15
17,0.5,0.775956284153005,0,15
18,0.5,0.79538554948391,0,15
19,0.5,0.8113742157458,0,15
20,0.5,0.817648249342238,0,15
2,0,0,0,16
3,0,0,0,16
4,0,0,0,16
5,0,0,0,16
6,0,0,0,16
7,0,0,0,16
8,0,0,0,16
9,0,0,0,16
10,0,0,0,16
11,0,0,0,16
12,0,0,0,16
13,0,0,0,16
14,0,0,0,16
15,0,0,0,16
16,0,0,0,16
17,0,0,0,16
18,0,0,0,16
19,0,0,0,16
20,0,0,0,16
2,0.05,0.233128834355828,0,16
3,0.05,0.685071574642127,0,16
4,0.05,0.871165644171779,0,16
5,0.05,0.905930470347648,0,16
6,0.05,0.893660531697341,0,16
7,0.05,0.967280163599182,0,16
8,0.05,0.946830265848671,0,16
9,0.05,0.959100204498977,0,16
10,0.05,0.952965235173824,0,16
11,0.05,0.969325153374233,0.00210526315789474,16
12,0.05,0.979550102249489,0,16
13,0.05,0.973415132924335,0,16
14,0.05,0.98159509202454,0,16
15,0.05,0.977505112474438,0,16
16,0.05,0.987730061349693,0.00206611570247934,16
17,0.05,0.975460122699387,0.00209205020920502,16
18,0.05,0.971370143149284,0,16
19,0.05,0.973415132924335,0,16
20,0.05,0.989775051124744,0,16
2,0.1,0.119170984455959,0,16
3,0.1,0.525388601036269,0,16
4,0.1,0.773056994818653,0,16
5,0.1,0.881865284974093,0,16
6,0.1,0.892227979274611,0.00116009280742459,16
7,0.1,0.925388601036269,0,16
8,0.1,0.938860103626943,0,16
9,0.1,0.946113989637306,0,16
10,0.1,0.949222797927461,0,16
11,0.1,0.95440414507772,0,16
12,0.1,0.968911917098446,0,16
13,0.1,0.958549222797927,0,16
14,0.1,0.955440414507772,0.00108342361863489,16
15,0.1,0.976165803108808,0,16
16,0.1,0.969948186528497,0,16
17,0.1,0.963730569948187,0,16
18,0.1,0.973056994818653,0,16
19,0.1,0.97720207253886,0,16
20,0.1,0.978238341968912,0.00105820105820106,16
2,0.2,0.0543589743589744,0,16
3,0.2,0.286666666666667,0,16
4,0.2,0.54974358974359,0,16
5,0.2,0.711282051282051,0,16
6,0.2,0.806153846153846,0,16
7,0.2,0.857435897435897,0,16
8,0.2,0.89025641025641,0,16
9,0.2,0.928717948717949,0,16
10,0.2,0.926666666666667,0,16
11,0.2,0.942564102564103,0,16
12,0.2,0.950769230769231,0,16
13,0.2,0.952820512820513,0,16
14,0.2,0.951794871794872,0,16
15,0.2,0.956923076923077,0,16
16,0.2,0.958461538461538,0,16
17,0.2,0.970769230769231,0,16
18,0.2,0.97025641025641,0,16
19,0.2,0.975384615384615,0,16
20,0.2,0.974358974358974,0,16
2,0.5,0.0180686609114636,0,16
3,0.5,0.106805862276651,0,16
4,0.5,0.214214013250351,0,16
5,0.5,0.30395502911062,0,16
6,0.5,0.386870106404337,0,16
7,0.5,0.454727966271833,0,16
8,0.5,0.510540052198354,0,16
9,0.5,0.563139931740614,0,16
10,0.5,0.599678779361574,0,16
11,0.5,0.632804657699257,0,16
12,0.5,0.66593053603694,0,16
13,0.5,0.696446496687412,0,16
14,0.5,0.713310580204778,0,16
15,0.5,0.7357960248946,0,16
16,0.5,0.758080706685405,0,16
17,0.5,0.777353944990966,0,16
18,0.5,0.787392089941779,0,16
19,0.5,0.804256173459145,0,16
20,0.5,0.813892792611925,0,16
2,0,0,0,17
3,0,0,0,17
4,0,0,0,17
5,0,0,0,17
6,0,0,0,17
7,0,0,0,17
8,0,0,0,17
9,0,0,0,17
10,0,0,0,17
11,0,0,0,17
12,0,0,0,17
13,0,0,0,17
14,0,0,0,17
15,0,0,0,17
16,0,0,1,17
17,0,0,1,17
18,0,0,0,17
19,0,0,0,17
20,0,0,0,17
2,0.05,0.240165631469979,0,17
3,0.05,0.679089026915114,0,17
4,0.05,0.805383022774327,0,17
5,0.05,0.888198757763975,0,17
6,0.05,0.925465838509317,0.00223214285714286,17
7,0.05,0.93167701863354,0.00442477876106195,17
8,0.05,0.956521739130435,0.00431034482758621,17
9,0.05,0.944099378881988,0.00436681222707424,17
10,0.05,0.966873706004141,0.00638297872340425,17
11,0.05,0.925465838509317,0.00223214285714286,17
12,0.05,0.975155279503106,0.00211864406779661,17
13,0.05,0.977225672877847,0.00211416490486258,17
14,0.05,0.975155279503106,0.00422832980972516,17
15,0.05,0.987577639751553,0.00209205020920502,17
16,0.05,0.995859213250518,0,17
17,0.05,0.98343685300207,0,17
18,0.05,0.981366459627329,0.00210526315789474,17
19,0.05,0.975155279503106,0.00211864406779661,17
20,0.05,0.977225672877847,0.00211416490486258,17
2,0.1,0.103232533889468,0,17
3,0.1,0.553701772679875,0,17
4,0.1,0.775808133472367,0,17
5,0.1,0.872784150156413,0,17
6,0.1,0.903023983315954,0,17
7,0.1,0.922836287799791,0,17
8,0.1,0.942648592283629,0.00110497237569061,17
9,0.1,0.960375391032325,0,17
10,0.1,0.950990615224192,0,17
11,0.1,0.960375391032325,0,17
12,0.1,0.967674661105318,0,17
13,0.1,0.967674661105318,0,17
14,0.1,0.969760166840459,0,17
15,0.1,0.97288842544317,0,17
16,0.1,0.9718456725756,0,17
17,0.1,0.978102189781022,0,17
18,0.1,0.981230448383733,0,17
19,0.1,0.977059436913452,0,17
20,0.1,0.976016684045881,0,17
2,0.2,0.05488761108207,0,17
3,0.2,0.299529534762154,0,17
4,0.2,0.5446941975954,0,17
5,0.2,0.724516466283325,0,17
6,0.2,0.817564035546262,0,17
7,0.2,0.863042341871406,0,17
8,0.2,0.893361212754835,0,17
9,0.2,0.905906952430737,0,17
10,0.2,0.929430214323053,0,17
11,0.2,0.940407736539467,0,17
12,0.2,0.933089388395191,0,17
13,0.2,0.951907997909043,0,17
14,0.2,0.951385258755881,0,17
15,0.2,0.957658128593832,0,17
16,0.2,0.962362780972295,0,17
17,0.2,0.961840041819132,0,17
18,0.2,0.974908520648197,0,17
19,0.2,0.971772085729221,0,17
20,0.2,0.969681129116571,0,17
2,0.5,0.0178096212896622,0,17
3,0.5,0.109109518935517,0,17
4,0.5,0.216171954964176,0,17
5,0.5,0.314431934493347,0,17
6,0.5,0.396315250767656,0,17
7,0.5,0.462640736949846,0,17
8,0.5,0.516479017400205,0,17
9,0.5,0.568270214943705,0,17
10,0.5,0.607983623336745,0,17
11,0.5,0.652405322415558,0,17
12,0.5,0.675946775844422,0,17
13,0.5,0.702354145342886,0,17
14,0.5,0.722620266120778,0,17
15,0.5,0.746775844421699,0,17
16,0.5,0.767860798362334,0,17
17,0.5,0.785056294779939,0,17
18,0.5,0.798362333674514,0,17
19,0.5,0.814124872057318,0,17
20,0.5,0.823336745138178,0,17
2,0,0,0,18
3,0,0,1,18
4,0,0,0,18
5,0,0,0,18
6,0,0,0,18
7,0,0,0,18
8,0,0,0,18
9,0,0,0,18
10,0,0,0,18
11,0,0,0,18
12,0,0,0,18
13,0,0,0,18
14,0,0,0,18
15,0,0,0,18
16,0,0,0,18
17,0,0,0,18
18,0,0,0,18
19,0,0,0,18
20,0,0,0,18
2,0.05,0.203187250996016,0,18
3,0.05,0.719123505976096,0,18
4,0.05,0.832669322709163,0,18
5,0.05,0.882470119521912,0,18
6,0.05,0.896414342629482,0,18
7,0.05,0.926294820717131,0,18
8,0.05,0.938247011952191,0.00211864406779661,18
9,0.05,0.948207171314741,0.00209643605870021,18
10,0.05,0.964143426294821,0.00206185567010309,18
11,0.05,0.960159362549801,0,18
12,0.05,0.964143426294821,0,18
13,0.05,0.968127490039841,0,18
14,0.05,0.960159362549801,0,18
15,0.05,0.98605577689243,0,18
16,0.05,0.98406374501992,0,18
17,0.05,0.98605577689243,0,18
18,0.05,0.99003984063745,0,18
19,0.05,0.98207171314741,0,18
20,0.05,0.97609561752988,0,18
2,0.1,0.111776447105788,0,18
3,0.1,0.524950099800399,0,18
4,0.1,0.761477045908184,0,18
5,0.1,0.869261477045908,0,18
6,0.1,0.88622754491018,0,18
7,0.1,0.917165668662675,0.00108695652173913,18
8,0.1,0.92814371257485,0,18
9,0.1,0.945109780439122,0,18
10,0.1,0.956087824351297,0,18
11,0.1,0.963073852295409,0,18
12,0.1,0.967065868263473,0,18
13,0.1,0.976047904191617,0,18
14,0.1,0.973053892215569,0,18
15,0.1,0.966067864271457,0,18
16,0.1,0.960079840319361,0,18
17,0.1,0.977045908183633,0,18
18,0.1,0.977045908183633,0,18
19,0.1,0.986027944111776,0,18
20,0.1,0.974051896207585,0,18
2,0.2,0.0509072580645161,0,18
3,0.2,0.286290322580645,0,18
4,0.2,0.533266129032258,0,18
5,0.2,0.704133064516129,0,18
6,0.2,0.800403225806452,0,18
7,0.2,0.855846774193548,0,18
8,0.2,0.891129032258065,0,18
9,0.2,0.91179435483871,0,18
10,0.2,0.93195564516129,0,18
11,0.2,0.945060483870968,0,18
12,0.2,0.949092741935484,0,18
13,0.2,0.956149193548387,0,18
14,0.2,0.963709677419355,0,18
15,0.2,0.957661290322581,0,18
16,0.2,0.969254032258065,0,18
17,0.2,0.96875,0,18
18,0.2,0.960181451612903,0,18
19,0.2,0.973286290322581,0,18
20,0.2,0.974798387096774,0,18
2,0.5,0.0170751305745279,0,18
3,0.5,0.104057854560064,0,18
4,0.5,0.208316593009241,0,18
5,0.5,0.304539975893933,0,18
6,0.5,0.38007231820008,0,18
7,0.5,0.457010847730012,0,18
8,0.5,0.507432703897147,0,18
9,0.5,0.557854560064283,0,18
10,0.5,0.598433105664926,0,18
11,0.5,0.635395741261551,0,18
12,0.5,0.660707111289675,0,18
13,0.5,0.697067095218963,0,18
14,0.5,0.717356368019285,0,18
15,0.5,0.737444756930494,0,18
16,0.5,0.758738449176376,0,18
17,0.5,0.769987946966653,0,18
18,0.5,0.788469264764966,0,18
19,0.5,0.799919646444355,0,18
20,0.5,0.813378867014865,0,18
2,0,0,0,19
3,0,0,0,19
4,0,0,1,19
5,0,0,0,19
6,0,0,0,19
7,0,0,0,19
8,0,0,0,19
9,0,0,0,19
10,0,0,0,19
11,0,0,0,19
12,0,0,0,19
13,0,0,0,19
14,0,0,0,19
15,0,0,0,19
16,0,0,0,19
17,0,0,0,19
18,0,0,0,19
19,0,0,0,19
20,0,0,0,19
2,0.05,0.212121212121212,0,19
3,0.05,0.660984848484849,0,19
4,0.05,0.84280303030303,0,19
5,0.05,0.867424242424242,0,19
6,0.05,0.912878787878788,0.0020703933747412,19
7,0.05,0.93560606060606,0.00202020202020202,19
8,0.05,0.941287878787879,0.00400801603206413,19
9,0.05,0.956439393939394,0,19
10,0.05,0.979166666666667,0,19
11,0.05,0.956439393939394,0.00197628458498024,19
12,0.05,0.96780303030303,0.001953125,19
13,0.05,0.971590909090909,0.00194552529182879,19
14,0.05,0.965909090909091,0.00195694716242661,19
15,0.05,0.977272727272727,0,19
16,0.05,0.977272727272727,0.00193423597678917,19
17,0.05,0.979166666666667,0,19
18,0.05,0.975378787878788,0,19
19,0.05,0.977272727272727,0,19
20,0.05,0.979166666666667,0,19
2,0.1,0.103969754253308,0,19
3,0.1,0.500945179584121,0.00188323917137476,19
4,0.1,0.753308128544423,0,19
5,0.1,0.844990548204159,0,19
6,0.1,0.879017013232514,0,19
7,0.1,0.909262759924386,0,19
8,0.1,0.936672967863894,0,19
9,0.1,0.948960302457467,0,19
10,0.1,0.945179584120983,0,19
11,0.1,0.956521739130435,0,19
12,0.1,0.966918714555766,0,19
13,0.1,0.964083175803403,0,19
14,0.1,0.966918714555766,0,19
15,0.1,0.978260869565217,0,19
16,0.1,0.977315689981096,0,19
17,0.1,0.969754253308129,0,19
18,0.1,0.975425330812854,0,19
19,0.1,0.980151228733459,0,19
20,0.1,0.977315689981096,0,19
2,0.2,0.050921435499515,0,19
3,0.2,0.258486905916586,0,19
4,0.2,0.519398642095053,0,19
5,0.2,0.691561590688652,0,19
6,0.2,0.789524733268671,0,19
7,0.2,0.854995150339476,0,19
8,0.2,0.871483996120272,0,19
9,0.2,0.915615906886518,0,19
10,0.2,0.919010669253152,0,19
11,0.2,0.935499515033948,0,19
12,0.2,0.947623666343356,0,19
13,0.2,0.950533462657614,0,19
14,0.2,0.944713870029098,0,19
15,0.2,0.954413191076625,0,19
16,0.2,0.96168768186227,0,19
17,0.2,0.96556741028128,0,19
18,0.2,0.967992240543162,0,19
19,0.2,0.972841901066925,0,19
20,0.2,0.96556741028128,0,19
2,0.5,0.0204608661104489,0,19
3,0.5,0.102701628923321,0,19
4,0.5,0.204211362733413,0,19
5,0.5,0.301152165276122,0,19
6,0.5,0.380015891934843,0,19
7,0.5,0.441597139451728,0,19
8,0.5,0.50476758045292,0,19
9,0.5,0.551847437425507,0,19
10,0.5,0.588597536750099,0,19
11,0.5,0.630909813269766,0,19
12,0.5,0.659912594358363,0,19
13,0.5,0.687922129519269,0,19
14,0.5,0.713746523639253,0,19
15,0.5,0.729042510925705,0,19
16,0.5,0.750496622963846,0,19
17,0.5,0.761819626539531,0,19
18,0.5,0.784068335319825,0,19
19,0.5,0.793802145411204,0,19
20,0.5,0.803535955502582,0,19
2,0,0,0,20
3,0,0,0,20
4,0,0,0,20
5,0,0,0,20
6,0,0,0,20
7,0,0,0,20
8,0,0,0,20
9,0,0,0,20
10,0,0,0,20
11,0,0,0,20
12,0,0,0,20
13,0,0,0,20
14,0,0,0,20
15,0,0,0,20
16,0,0,0,20
17,0,0,0,20
18,0,0,0,20
19,0,0,0,20
20,0,0,0,20
2,0.05,0.231683168316832,0,20
3,0.05,0.722772277227723,0,20
4,0.05,0.82970297029703,0,20
5,0.05,0.910891089108911,0,20
6,0.05,0.934653465346535,0.00211416490486258,20
7,0.05,0.934653465346535,0,20
8,0.05,0.956435643564356,0,20
9,0.05,0.952475247524752,0,20
10,0.05,0.958415841584158,0,20
11,0.05,0.962376237623762,0,20
12,0.05,0.972277227722772,0,20
13,0.05,0.968316831683168,0,20
14,0.05,0.966336633663366,0,20
15,0.05,0.98019801980198,0,20
16,0.05,0.978217821782178,0,20
17,0.05,0.972277227722772,0,20
18,0.05,0.984158415841584,0,20
19,0.05,0.978217821782178,0,20
20,0.05,0.976237623762376,0,20
2,0.1,0.112970711297071,0,20
3,0.1,0.513598326359833,0,20
4,0.1,0.777196652719665,0,20
5,0.1,0.866108786610879,0,20
6,0.1,0.891213389121339,0,20
7,0.1,0.923640167364017,0,20
8,0.1,0.938284518828452,0,20
9,0.1,0.95397489539749,0,20
10,0.1,0.95397489539749,0,20
11,0.1,0.952928870292887,0,20
12,0.1,0.950836820083682,0,20
13,0.1,0.964435146443515,0,20
14,0.1,0.971757322175732,0,20
15,0.1,0.976987447698745,0,20
16,0.1,0.97071129707113,0,20
17,0.1,0.978033472803347,0,20
18,0.1,0.981171548117155,0,20
19,0.1,0.97489539748954,0,20
20,0.1,0.97907949790795,0,20
2,0.2,0.0543259557344064,0,20
3,0.2,0.284708249496982,0,20
4,0.2,0.532696177062374,0,20
5,0.2,0.703722334004024,0,20
6,0.2,0.811368209255533,0,20
7,0.2,0.858148893360161,0,20
8,0.2,0.892354124748491,0,20
9,0.2,0.91046277665996,0,20
10,0.2,0.928571428571429,0,20
11,0.2,0.939134808853119,0,20
12,0.2,0.94215291750503,0,20
13,0.2,0.952213279678068,0,20
14,0.2,0.956740442655936,0,20
15,0.2,0.958249496981891,0,20
16,0.2,0.959758551307847,0,20
17,0.2,0.969818913480885,0,20
18,0.2,0.967806841046278,0,20
19,0.2,0.96830985915493,0,20
20,0.2,0.970321931589537,0,20
2,0.5,0.0181383296790911,0,20
3,0.5,0.106039465816225,0,20
4,0.5,0.212676898544947,0,20
5,0.5,0.303567869244568,0,20
6,0.5,0.38249950169424,0,20
7,0.5,0.450667729718956,0,20
8,0.5,0.506079330277058,0,20
9,0.5,0.55531193940602,0,20
10,0.5,0.590791309547538,0,20
11,0.5,0.627067968905721,0,20
12,0.5,0.657564281443094,0,20
13,0.5,0.685868048634642,0,20
14,0.5,0.70799282439705,0,20
15,0.5,0.733705401634443,0,20
16,0.5,0.746860673709388,0,20
17,0.5,0.762607135738489,0,20
18,0.5,0.779549531592585,0,20
19,0.5,0.796292605142515,0,20
20,0.5,0.811640422563285,0,20
