"method","rho_est","fpr","K","rep"
"Fisher",0.00739778359836341,0.0493,2,1
"Brown",0.00739778359836341,0.0493,2,1
"Stouffer",0.00739778359836341,0.0513,2,1
"DPM",0.00739778359836341,0.0301,2,1
"ORBIT_P",0.00739778359836341,0.0521,2,1
"Fisher",0.00379295586772703,0.0498,3,1
"Brown",0.00379295586772703,0.0498,3,1
"Stouffer",0.00379295586772703,0.0531,3,1
"DPM",0.00379295586772703,0.0189,3,1
"ORBIT_P",0.00379295586772703,0.0526,3,1
"Fisher",-0.00324519431766963,0.0468,4,1
"Brown",-0.00324519431766963,0.0468,4,1
"Stouffer",-0.00324519431766963,0.0508,4,1
"DPM",-0.00324519431766963,0.0102,4,1
"ORBIT_P",-0.00324519431766963,0.0509,4,1
"Fisher",-0.00276541303021996,0.0513,5,1
"Brown",-0.00276541303021996,0.0513,5,1
"Stouffer",-0.00276541303021996,0.0486,5,1
"DPM",-0.00276541303021996,0.0077,5,1
"ORBIT_P",-0.00276541303021996,0.0499,5,1
"Fisher",-0.00495845317347791,0.0498,6,1
"Brown",-0.00495845317347791,0.0498,6,1
"Stouffer",-0.00495845317347791,0.0478,6,1
"DPM",-0.00495845317347791,0.0041,6,1
"ORBIT_P",-0.00495845317347791,0.0486,6,1
"Fisher",-0.0021847625463682,0.0504,7,1
"Brown",-0.0021847625463682,0.0504,7,1
"Stouffer",-0.0021847625463682,0.0492,7,1
"DPM",-0.0021847625463682,0.0031,7,1
"ORBIT_P",-0.0021847625463682,0.0497,7,1
"Fisher",-0.00241256942270845,0.0511,8,1
"Brown",-0.00241256942270845,0.0511,8,1
"Stouffer",-0.00241256942270845,0.0495,8,1
"DPM",-0.00241256942270845,0.0022,8,1
"ORBIT_P",-0.00241256942270845,0.0488,8,1
"Fisher",-0.00145477598157346,0.052,9,1
"Brown",-0.00145477598157346,0.052,9,1
"Stouffer",-0.00145477598157346,0.0468,9,1
"DPM",-0.00145477598157346,0.0017,9,1
"ORBIT_P",-0.00145477598157346,0.0488,9,1
"Fisher",-0.000221357030376708,0.0519,10,1
"Brown",-0.000221357030376708,0.0519,10,1
"Stouffer",-0.000221357030376708,0.0509,10,1
"DPM",-0.000221357030376708,0.0012,10,1
"ORBIT_P",-0.000221357030376708,0.0517,10,1
"Fisher",-0.000827310745094469,0.0498,11,1
"Brown",-0.000827310745094469,0.0498,11,1
"Stouffer",-0.000827310745094469,0.0502,11,1
"DPM",-0.000827310745094469,6e-04,11,1
"ORBIT_P",-0.000827310745094469,0.0488,11,1
"Fisher",0.00100824531984126,0.0508,12,1
"Brown",0.00100824531984126,0.0508,12,1
"Stouffer",0.00100824531984126,0.053,12,1
"DPM",0.00100824531984126,5e-04,12,1
"ORBIT_P",0.00100824531984126,0.0503,12,1
"Fisher",0.000653468115388285,0.0495,13,1
"Brown",0.000653468115388285,0.0495,13,1
"Stouffer",0.000653468115388285,0.0494,13,1
"DPM",0.000653468115388285,5e-04,13,1
"ORBIT_P",0.000653468115388285,0.0492,13,1
"Fisher",0.000497196714117882,0.052,14,1
"Brown",0.000497196714117882,0.052,14,1
"Stouffer",0.000497196714117882,0.0493,14,1
"DPM",0.000497196714117882,4e-04,14,1
"ORBIT_P",0.000497196714117882,0.0504,14,1
"Fisher",0.00109923093403357,0.0504,15,1
"Brown",0.00109923093403357,0.0504,15,1
"Stouffer",0.00109923093403357,0.0505,15,1
"DPM",0.00109923093403357,3e-04,15,1
"ORBIT_P",0.00109923093403357,0.0474,15,1
"Fisher",0.00137804277653339,0.0484,16,1
"Brown",0.00137804277653339,0.0484,16,1
"Stouffer",0.00137804277653339,0.0528,16,1
"DPM",0.00137804277653339,4e-04,16,1
"ORBIT_P",0.00137804277653339,0.049,16,1
"Fisher",0.00116498603934761,0.0497,17,1
"Brown",0.00116498603934761,0.0497,17,1
"Stouffer",0.00116498603934761,0.0517,17,1
"DPM",0.00116498603934761,0,17,1
"ORBIT_P",0.00116498603934761,0.0483,17,1
"Fisher",0.0006714396054209,0.0507,18,1
"Brown",0.0006714396054209,0.0507,18,1
"Stouffer",0.0006714396054209,0.0509,18,1
"DPM",0.0006714396054209,0,18,1
"ORBIT_P",0.0006714396054209,0.0516,18,1
"Fisher",0.000597565201088336,0.0511,19,1
"Brown",0.000597565201088336,0.0511,19,1
"Stouffer",0.000597565201088336,0.0516,19,1
"DPM",0.000597565201088336,0,19,1
"ORBIT_P",0.000597565201088336,0.0509,19,1
"Fisher",0.000543002761542984,0.0509,20,1
"Brown",0.000543002761542984,0.0509,20,1
"Stouffer",0.000543002761542984,0.0532,20,1
"DPM",0.000543002761542984,0,20,1
"ORBIT_P",0.000543002761542984,0.0509,20,1
"Fisher",0.0121039352520962,0.0558,2,2
"Brown",0.0121039352520962,0.0558,2,2
"Stouffer",0.0121039352520962,0.0541,2,2
"DPM",0.0121039352520962,0.0339,2,2
"ORBIT_P",0.0121039352520962,0.0538,2,2
"Fisher",0.00462127142174277,0.0519,3,2
"Brown",0.00462127142174277,0.0519,3,2
"Stouffer",0.00462127142174277,0.0518,3,2
"DPM",0.00462127142174277,0.0177,3,2
"ORBIT_P",0.00462127142174277,0.0501,3,2
"Fisher",0.002452399641657,0.0481,4,2
"Brown",0.002452399641657,0.0481,4,2
"Stouffer",0.002452399641657,0.0532,4,2
"DPM",0.002452399641657,0.0104,4,2
"ORBIT_P",0.002452399641657,0.0519,4,2
"Fisher",0.00362452590398142,0.0491,5,2
"Brown",0.00362452590398142,0.0491,5,2
"Stouffer",0.00362452590398142,0.0509,5,2
"DPM",0.00362452590398142,0.0083,5,2
"ORBIT_P",0.00362452590398142,0.049,5,2
"Fisher",0.00434060223241289,0.0505,6,2
"Brown",0.00434060223241289,0.0505,6,2
"Stouffer",0.00434060223241289,0.0469,6,2
"DPM",0.00434060223241289,0.007,6,2
"ORBIT_P",0.00434060223241289,0.0448,6,2
"Fisher",0.00267470655257803,0.0489,7,2
"Brown",0.00267470655257803,0.0489,7,2
"Stouffer",0.00267470655257803,0.0514,7,2
"DPM",0.00267470655257803,0.004,7,2
"ORBIT_P",0.00267470655257803,0.0478,7,2
"Fisher",0.000906968488270826,0.0498,8,2
"Brown",0.000906968488270826,0.0498,8,2
"Stouffer",0.000906968488270826,0.0511,8,2
"DPM",0.000906968488270826,0.0028,8,2
"ORBIT_P",0.000906968488270826,0.0499,8,2
"Fisher",0.00137229525760785,0.0503,9,2
"Brown",0.00137229525760785,0.0503,9,2
"Stouffer",0.00137229525760785,0.0512,9,2
"DPM",0.00137229525760785,0.0018,9,2
"ORBIT_P",0.00137229525760785,0.05,9,2
"Fisher",0.000841010748399271,0.0498,10,2
"Brown",0.000841010748399271,0.0495,10,2
"Stouffer",0.000841010748399271,0.0502,10,2
"DPM",0.000841010748399271,0.0015,10,2
"ORBIT_P",0.000841010748399271,0.0495,10,2
"Fisher",-0.000505930608733175,0.052,11,2
"Brown",-0.000505930608733175,0.0515,11,2
"Stouffer",-0.000505930608733175,0.0474,11,2
"DPM",-0.000505930608733175,8e-04,11,2
"ORBIT_P",-0.000505930608733175,0.0488,11,2
"Fisher",2.37469296836314e-05,0.0511,12,2
"Brown",2.37469296836314e-05,0.051,12,2
"Stouffer",2.37469296836314e-05,0.0489,12,2
"DPM",2.37469296836314e-05,4e-04,12,2
"ORBIT_P",2.37469296836314e-05,0.052,12,2
"Fisher",-0.000190974493812577,0.052,13,2
"Brown",-0.000190974493812577,0.051,13,2
"Stouffer",-0.000190974493812577,0.0501,13,2
"DPM",-0.000190974493812577,2e-04,13,2
"ORBIT_P",-0.000190974493812577,0.0508,13,2
"Fisher",-0.000294157301836693,0.051,14,2
"Brown",-0.000294157301836693,0.0497,14,2
"Stouffer",-0.000294157301836693,0.0507,14,2
"DPM",-0.000294157301836693,2e-04,14,2
"ORBIT_P",-0.000294157301836693,0.0493,14,2
"Fisher",-0.000678942308822837,0.0496,15,2
"Brown",-0.000678942308822837,0.0491,15,2
"Stouffer",-0.000678942308822837,0.0498,15,2
"DPM",-0.000678942308822837,3e-04,15,2
"ORBIT_P",-0.000678942308822837,0.0481,15,2
"Fisher",-0.000130487037415404,0.0503,16,2
"Brown",-0.000130487037415404,0.0492,16,2
"Stouffer",-0.000130487037415404,0.0498,16,2
"DPM",-0.000130487037415404,2e-04,16,2
"ORBIT_P",-0.000130487037415404,0.0493,16,2
"Fisher",-0.000364302445127344,0.0495,17,2
"Brown",-0.000364302445127344,0.0492,17,2
"Stouffer",-0.000364302445127344,0.0486,17,2
"DPM",-0.000364302445127344,1e-04,17,2
"ORBIT_P",-0.000364302445127344,0.0489,17,2
"Fisher",-0.000351027879811279,0.0503,18,2
"Brown",-0.000351027879811279,0.0486,18,2
"Stouffer",-0.000351027879811279,0.0489,18,2
"DPM",-0.000351027879811279,0,18,2
"ORBIT_P",-0.000351027879811279,0.0472,18,2
"Fisher",-0.000385996489956475,0.0496,19,2
"Brown",-0.000385996489956475,0.0487,19,2
"Stouffer",-0.000385996489956475,0.0506,19,2
"DPM",-0.000385996489956475,0,19,2
"ORBIT_P",-0.000385996489956475,0.0505,19,2
"Fisher",-0.000637445496090452,0.0498,20,2
"Brown",-0.000637445496090452,0.0489,20,2
"Stouffer",-0.000637445496090452,0.0501,20,2
"DPM",-0.000637445496090452,0,20,2
"ORBIT_P",-0.000637445496090452,0.0486,20,2
"Fisher",-0.0108067987856722,0.0508,2,3
"Brown",-0.0108067987856722,0.0508,2,3
"Stouffer",-0.0108067987856722,0.0487,2,3
"DPM",-0.0108067987856722,0.0282,2,3
"ORBIT_P",-0.0108067987856722,0.0491,2,3
"Fisher",-0.00967381686801774,0.0539,3,3
"Brown",-0.00967381686801774,0.0534,3,3
"Stouffer",-0.00967381686801774,0.0503,3,3
"DPM",-0.00967381686801774,0.0168,3,3
"ORBIT_P",-0.00967381686801774,0.0474,3,3
"Fisher",-0.00602157616485932,0.0507,4,3
"Brown",-0.00602157616485932,0.0505,4,3
"Stouffer",-0.00602157616485932,0.0483,4,3
"DPM",-0.00602157616485932,0.011,4,3
"ORBIT_P",-0.00602157616485932,0.0484,4,3
"Fisher",-0.00314444408504826,0.0513,5,3
"Brown",-0.00314444408504826,0.0513,5,3
"Stouffer",-0.00314444408504826,0.0474,5,3
"DPM",-0.00314444408504826,0.0065,5,3
"ORBIT_P",-0.00314444408504826,0.0469,5,3
"Fisher",-0.00257060246085075,0.0523,6,3
"Brown",-0.00257060246085075,0.0523,6,3
"Stouffer",-0.00257060246085075,0.0505,6,3
"DPM",-0.00257060246085075,0.005,6,3
"ORBIT_P",-0.00257060246085075,0.0516,6,3
"Fisher",0.000592361907068713,0.0535,7,3
"Brown",0.000592361907068713,0.0535,7,3
"Stouffer",0.000592361907068713,0.0528,7,3
"DPM",0.000592361907068713,0.0035,7,3
"ORBIT_P",0.000592361907068713,0.0536,7,3
"Fisher",0.00107119893307444,0.0529,8,3
"Brown",0.00107119893307444,0.0529,8,3
"Stouffer",0.00107119893307444,0.0573,8,3
"DPM",0.00107119893307444,0.0027,8,3
"ORBIT_P",0.00107119893307444,0.0545,8,3
"Fisher",0.00122928348336945,0.0526,9,3
"Brown",0.00122928348336945,0.0526,9,3
"Stouffer",0.00122928348336945,0.0547,9,3
"DPM",0.00122928348336945,0.0014,9,3
"ORBIT_P",0.00122928348336945,0.0526,9,3
"Fisher",0.00149958874801113,0.0503,10,3
"Brown",0.00149958874801113,0.0503,10,3
"Stouffer",0.00149958874801113,0.0538,10,3
"DPM",0.00149958874801113,0.0013,10,3
"ORBIT_P",0.00149958874801113,0.0527,10,3
"Fisher",0.00113096721499474,0.0515,11,3
"Brown",0.00113096721499474,0.0505,11,3
"Stouffer",0.00113096721499474,0.0555,11,3
"DPM",0.00113096721499474,0.001,11,3
"ORBIT_P",0.00113096721499474,0.0551,11,3
"Fisher",0.000813823989600552,0.0518,12,3
"Brown",0.000813823989600552,0.0504,12,3
"Stouffer",0.000813823989600552,0.0534,12,3
"DPM",0.000813823989600552,5e-04,12,3
"ORBIT_P",0.000813823989600552,0.0523,12,3
"Fisher",8.44239111219379e-05,0.0526,13,3
"Brown",8.44239111219379e-05,0.0516,13,3
"Stouffer",8.44239111219379e-05,0.0525,13,3
"DPM",8.44239111219379e-05,3e-04,13,3
"ORBIT_P",8.44239111219379e-05,0.0504,13,3
"Fisher",0.000516439419249323,0.0536,14,3
"Brown",0.000516439419249323,0.0533,14,3
"Stouffer",0.000516439419249323,0.0511,14,3
"DPM",0.000516439419249323,1e-04,14,3
"ORBIT_P",0.000516439419249323,0.0506,14,3
"Fisher",0.00109941739189771,0.0509,15,3
"Brown",0.00109941739189771,0.0505,15,3
"Stouffer",0.00109941739189771,0.0526,15,3
"DPM",0.00109941739189771,1e-04,15,3
"ORBIT_P",0.00109941739189771,0.0498,15,3
"Fisher",0.000329956998332642,0.0522,16,3
"Brown",0.000329956998332642,0.052,16,3
"Stouffer",0.000329956998332642,0.0511,16,3
"DPM",0.000329956998332642,0,16,3
"ORBIT_P",0.000329956998332642,0.0513,16,3
"Fisher",0.000210995555461203,0.0531,17,3
"Brown",0.000210995555461203,0.0522,17,3
"Stouffer",0.000210995555461203,0.0534,17,3
"DPM",0.000210995555461203,0,17,3
"ORBIT_P",0.000210995555461203,0.0506,17,3
"Fisher",0.000340203735299328,0.0508,18,3
"Brown",0.000340203735299328,0.0497,18,3
"Stouffer",0.000340203735299328,0.0517,18,3
"DPM",0.000340203735299328,0,18,3
"ORBIT_P",0.000340203735299328,0.0504,18,3
"Fisher",0.000125214624525053,0.05,19,3
"Brown",0.000125214624525053,0.0494,19,3
"Stouffer",0.000125214624525053,0.0514,19,3
"DPM",0.000125214624525053,0,19,3
"ORBIT_P",0.000125214624525053,0.0493,19,3
"Fisher",8.04986202907952e-05,0.0491,20,3
"Brown",8.04986202907952e-05,0.0486,20,3
"Stouffer",8.04986202907952e-05,0.0518,20,3
"DPM",8.04986202907952e-05,0,20,3
"ORBIT_P",8.04986202907952e-05,0.0494,20,3
"Fisher",-0.0126420827257949,0.0483,2,4
"Brown",-0.0126420827257949,0.0483,2,4
"Stouffer",-0.0126420827257949,0.0485,2,4
"DPM",-0.0126420827257949,0.0276,2,4
"ORBIT_P",-0.0126420827257949,0.048,2,4
"Fisher",0.000701920205561616,0.0484,3,4
"Brown",0.000701920205561616,0.0484,3,4
"Stouffer",0.000701920205561616,0.0472,3,4
"DPM",0.000701920205561616,0.0176,3,4
"ORBIT_P",0.000701920205561616,0.0477,3,4
"Fisher",-0.00595444800154214,0.0455,4,4
"Brown",-0.00595444800154214,0.0455,4,4
"Stouffer",-0.00595444800154214,0.0467,4,4
"DPM",-0.00595444800154214,0.0096,4,4
"ORBIT_P",-0.00595444800154214,0.0459,4,4
"Fisher",-0.00306293919715256,0.0465,5,4
"Brown",-0.00306293919715256,0.0465,5,4
"Stouffer",-0.00306293919715256,0.0458,5,4
"DPM",-0.00306293919715256,0.007,5,4
"ORBIT_P",-0.00306293919715256,0.0475,5,4
"Fisher",-0.000754490623999156,0.0477,6,4
"Brown",-0.000754490623999156,0.0471,6,4
"Stouffer",-0.000754490623999156,0.0473,6,4
"DPM",-0.000754490623999156,0.005,6,4
"ORBIT_P",-0.000754490623999156,0.0489,6,4
"Fisher",-0.00133636342481934,0.0481,7,4
"Brown",-0.00133636342481934,0.048,7,4
"Stouffer",-0.00133636342481934,0.0473,7,4
"DPM",-0.00133636342481934,0.0033,7,4
"ORBIT_P",-0.00133636342481934,0.0475,7,4
"Fisher",-0.000315784474660909,0.0454,8,4
"Brown",-0.000315784474660909,0.0451,8,4
"Stouffer",-0.000315784474660909,0.0459,8,4
"DPM",-0.000315784474660909,0.0017,8,4
"ORBIT_P",-0.000315784474660909,0.0478,8,4
"Fisher",0.000719903511727553,0.0472,9,4
"Brown",0.000719903511727553,0.0472,9,4
"Stouffer",0.000719903511727553,0.051,9,4
"DPM",0.000719903511727553,0.0016,9,4
"ORBIT_P",0.000719903511727553,0.0498,9,4
"Fisher",0.000227224408262699,0.0481,10,4
"Brown",0.000227224408262699,0.0481,10,4
"Stouffer",0.000227224408262699,0.0484,10,4
"DPM",0.000227224408262699,0.0011,10,4
"ORBIT_P",0.000227224408262699,0.0479,10,4
"Fisher",6.43951561031453e-05,0.0479,11,4
"Brown",6.43951561031453e-05,0.0479,11,4
"Stouffer",6.43951561031453e-05,0.0504,11,4
"DPM",6.43951561031453e-05,5e-04,11,4
"ORBIT_P",6.43951561031453e-05,0.049,11,4
"Fisher",0.000618275512804261,0.0492,12,4
"Brown",0.000618275512804261,0.0492,12,4
"Stouffer",0.000618275512804261,0.0517,12,4
"DPM",0.000618275512804261,2e-04,12,4
"ORBIT_P",0.000618275512804261,0.0512,12,4
"Fisher",0.000675970676953569,0.0485,13,4
"Brown",0.000675970676953569,0.0485,13,4
"Stouffer",0.000675970676953569,0.0501,13,4
"DPM",0.000675970676953569,3e-04,13,4
"ORBIT_P",0.000675970676953569,0.0508,13,4
"Fisher",0.000806580707093857,0.0489,14,4
"Brown",0.000806580707093857,0.0489,14,4
"Stouffer",0.000806580707093857,0.0531,14,4
"DPM",0.000806580707093857,3e-04,14,4
"ORBIT_P",0.000806580707093857,0.0499,14,4
"Fisher",0.000695421061142235,0.0489,15,4
"Brown",0.000695421061142235,0.0489,15,4
"Stouffer",0.000695421061142235,0.051,15,4
"DPM",0.000695421061142235,3e-04,15,4
"ORBIT_P",0.000695421061142235,0.051,15,4
"Fisher",0.000549136264988118,0.0492,16,4
"Brown",0.000549136264988118,0.0492,16,4
"Stouffer",0.000549136264988118,0.0495,16,4
"DPM",0.000549136264988118,0,16,4
"ORBIT_P",0.000549136264988118,0.0515,16,4
"Fisher",0.000463565821054888,0.048,17,4
"Brown",0.000463565821054888,0.048,17,4
"Stouffer",0.000463565821054888,0.052,17,4
"DPM",0.000463565821054888,1e-04,17,4
"ORBIT_P",0.000463565821054888,0.0507,17,4
"Fisher",0.000590877119679596,0.0481,18,4
"Brown",0.000590877119679596,0.0481,18,4
"Stouffer",0.000590877119679596,0.0529,18,4
"DPM",0.000590877119679596,1e-04,18,4
"ORBIT_P",0.000590877119679596,0.0509,18,4
"Fisher",0.000528302885697553,0.0489,19,4
"Brown",0.000528302885697553,0.0489,19,4
"Stouffer",0.000528302885697553,0.0538,19,4
"DPM",0.000528302885697553,1e-04,19,4
"ORBIT_P",0.000528302885697553,0.051,19,4
"Fisher",0.000610026871869181,0.0493,20,4
"Brown",0.000610026871869181,0.0492,20,4
"Stouffer",0.000610026871869181,0.0524,20,4
"DPM",0.000610026871869181,0,20,4
"ORBIT_P",0.000610026871869181,0.0517,20,4
"Fisher",-0.0104270230887995,0.0528,2,5
"Brown",-0.0104270230887995,0.0528,2,5
"Stouffer",-0.0104270230887995,0.0501,2,5
"DPM",-0.0104270230887995,0.0307,2,5
"ORBIT_P",-0.0104270230887995,0.0527,2,5
"Fisher",0.00666562723478126,0.0526,3,5
"Brown",0.00666562723478126,0.0526,3,5
"Stouffer",0.00666562723478126,0.0535,3,5
"DPM",0.00666562723478126,0.021,3,5
"ORBIT_P",0.00666562723478126,0.0531,3,5
"Fisher",0.000535277142353146,0.0519,4,5
"Brown",0.000535277142353146,0.0519,4,5
"Stouffer",0.000535277142353146,0.0536,4,5
"DPM",0.000535277142353146,0.0144,4,5
"ORBIT_P",0.000535277142353146,0.0537,4,5
"Fisher",-0.00186313241502419,0.0511,5,5
"Brown",-0.00186313241502419,0.0511,5,5
"Stouffer",-0.00186313241502419,0.0526,5,5
"DPM",-0.00186313241502419,0.0072,5,5
"ORBIT_P",-0.00186313241502419,0.0539,5,5
"Fisher",-0.0016566246893449,0.0526,6,5
"Brown",-0.0016566246893449,0.0526,6,5
"Stouffer",-0.0016566246893449,0.0521,6,5
"DPM",-0.0016566246893449,0.0052,6,5
"ORBIT_P",-0.0016566246893449,0.0529,6,5
"Fisher",-0.00219640290959795,0.0531,7,5
"Brown",-0.00219640290959795,0.0531,7,5
"Stouffer",-0.00219640290959795,0.05,7,5
"DPM",-0.00219640290959795,0.0023,7,5
"ORBIT_P",-0.00219640290959795,0.0508,7,5
"Fisher",-0.000462110139264791,0.0517,8,5
"Brown",-0.000462110139264791,0.0517,8,5
"Stouffer",-0.000462110139264791,0.0512,8,5
"DPM",-0.000462110139264791,0.0017,8,5
"ORBIT_P",-0.000462110139264791,0.0533,8,5
"Fisher",-2.02433567465922e-05,0.0506,9,5
"Brown",-2.02433567465922e-05,0.0506,9,5
"Stouffer",-2.02433567465922e-05,0.0527,9,5
"DPM",-2.02433567465922e-05,7e-04,9,5
"ORBIT_P",-2.02433567465922e-05,0.0538,9,5
"Fisher",0.000114444516692997,0.0514,10,5
"Brown",0.000114444516692997,0.0514,10,5
"Stouffer",0.000114444516692997,0.0516,10,5
"DPM",0.000114444516692997,0.001,10,5
"ORBIT_P",0.000114444516692997,0.0525,10,5
"Fisher",0.000668500699830244,0.0507,11,5
"Brown",0.000668500699830244,0.0507,11,5
"Stouffer",0.000668500699830244,0.0518,11,5
"DPM",0.000668500699830244,7e-04,11,5
"ORBIT_P",0.000668500699830244,0.0525,11,5
"Fisher",0.000970906426898928,0.0506,12,5
"Brown",0.000970906426898928,0.0501,12,5
"Stouffer",0.000970906426898928,0.0525,12,5
"DPM",0.000970906426898928,6e-04,12,5
"ORBIT_P",0.000970906426898928,0.0515,12,5
"Fisher",0.00133158000262091,0.0497,13,5
"Brown",0.00133158000262091,0.049,13,5
"Stouffer",0.00133158000262091,0.0554,13,5
"DPM",0.00133158000262091,3e-04,13,5
"ORBIT_P",0.00133158000262091,0.0517,13,5
"Fisher",0.00117653735719287,0.0523,14,5
"Brown",0.00117653735719287,0.0516,14,5
"Stouffer",0.00117653735719287,0.0546,14,5
"DPM",0.00117653735719287,3e-04,14,5
"ORBIT_P",0.00117653735719287,0.0519,14,5
"Fisher",0.000447301585402936,0.0527,15,5
"Brown",0.000447301585402936,0.0515,15,5
"Stouffer",0.000447301585402936,0.053,15,5
"DPM",0.000447301585402936,4e-04,15,5
"ORBIT_P",0.000447301585402936,0.0519,15,5
"Fisher",0.000295606430064913,0.0533,16,5
"Brown",0.000295606430064913,0.0527,16,5
"Stouffer",0.000295606430064913,0.0528,16,5
"DPM",0.000295606430064913,4e-04,16,5
"ORBIT_P",0.000295606430064913,0.051,16,5
"Fisher",0.000376858354953098,0.0525,17,5
"Brown",0.000376858354953098,0.0513,17,5
"Stouffer",0.000376858354953098,0.0516,17,5
"DPM",0.000376858354953098,1e-04,17,5
"ORBIT_P",0.000376858354953098,0.0499,17,5
"Fisher",0.0004554481141692,0.0529,18,5
"Brown",0.0004554481141692,0.0524,18,5
"Stouffer",0.0004554481141692,0.0528,18,5
"DPM",0.0004554481141692,0,18,5
"ORBIT_P",0.0004554481141692,0.0509,18,5
"Fisher",0.000571173245959443,0.0538,19,5
"Brown",0.000571173245959443,0.0531,19,5
"Stouffer",0.000571173245959443,0.0523,19,5
"DPM",0.000571173245959443,0,19,5
"ORBIT_P",0.000571173245959443,0.0509,19,5
"Fisher",0.000464742699397847,0.0563,20,5
"Brown",0.000464742699397847,0.0543,20,5
"Stouffer",0.000464742699397847,0.0509,20,5
"DPM",0.000464742699397847,0,20,5
"ORBIT_P",0.000464742699397847,0.0506,20,5
"Fisher",-0.00831711331719482,0.0487,2,6
"Brown",-0.00831711331719482,0.0486,2,6
"Stouffer",-0.00831711331719482,0.0502,2,6
"DPM",-0.00831711331719482,0.0276,2,6
"ORBIT_P",-0.00831711331719482,0.0493,2,6
"Fisher",-0.00661493531796842,0.0488,3,6
"Brown",-0.00661493531796842,0.0488,3,6
"Stouffer",-0.00661493531796842,0.048,3,6
"DPM",-0.00661493531796842,0.0181,3,6
"ORBIT_P",-0.00661493531796842,0.0501,3,6
"Fisher",-0.00366798366350621,0.0508,4,6
"Brown",-0.00366798366350621,0.0508,4,6
"Stouffer",-0.00366798366350621,0.0485,4,6
"DPM",-0.00366798366350621,0.0128,4,6
"ORBIT_P",-0.00366798366350621,0.0493,4,6
"Fisher",-0.00105862660602043,0.0515,5,6
"Brown",-0.00105862660602043,0.0515,5,6
"Stouffer",-0.00105862660602043,0.0493,5,6
"DPM",-0.00105862660602043,0.0076,5,6
"ORBIT_P",-0.00105862660602043,0.0518,5,6
"Fisher",-0.00218836545757869,0.0501,6,6
"Brown",-0.00218836545757869,0.0501,6,6
"Stouffer",-0.00218836545757869,0.0474,6,6
"DPM",-0.00218836545757869,0.0052,6,6
"ORBIT_P",-0.00218836545757869,0.0477,6,6
"Fisher",-0.00188205463400921,0.0478,7,6
"Brown",-0.00188205463400921,0.0478,7,6
"Stouffer",-0.00188205463400921,0.0496,7,6
"DPM",-0.00188205463400921,0.003,7,6
"ORBIT_P",-0.00188205463400921,0.05,7,6
"Fisher",-0.00168967228623202,0.0504,8,6
"Brown",-0.00168967228623202,0.0504,8,6
"Stouffer",-0.00168967228623202,0.0469,8,6
"DPM",-0.00168967228623202,0.0023,8,6
"ORBIT_P",-0.00168967228623202,0.0486,8,6
"Fisher",-0.00150225747661258,0.0533,9,6
"Brown",-0.00150225747661258,0.0525,9,6
"Stouffer",-0.00150225747661258,0.048,9,6
"DPM",-0.00150225747661258,0.0016,9,6
"ORBIT_P",-0.00150225747661258,0.0502,9,6
"Fisher",-0.00122364809124637,0.0514,10,6
"Brown",-0.00122364809124637,0.0504,10,6
"Stouffer",-0.00122364809124637,0.0491,10,6
"DPM",-0.00122364809124637,0.0012,10,6
"ORBIT_P",-0.00122364809124637,0.052,10,6
"Fisher",-0.00157385116097653,0.0519,11,6
"Brown",-0.00157385116097653,0.0519,11,6
"Stouffer",-0.00157385116097653,0.0487,11,6
"DPM",-0.00157385116097653,6e-04,11,6
"ORBIT_P",-0.00157385116097653,0.0513,11,6
"Fisher",-0.00173347456258556,0.0527,12,6
"Brown",-0.00173347456258556,0.0527,12,6
"Stouffer",-0.00173347456258556,0.0487,12,6
"DPM",-0.00173347456258556,2e-04,12,6
"ORBIT_P",-0.00173347456258556,0.0492,12,6
"Fisher",-0.00143309650823041,0.0531,13,6
"Brown",-0.00143309650823041,0.0531,13,6
"Stouffer",-0.00143309650823041,0.0487,13,6
"DPM",-0.00143309650823041,2e-04,13,6
"ORBIT_P",-0.00143309650823041,0.0492,13,6
"Fisher",-0.00121343045350512,0.053,14,6
"Brown",-0.00121343045350512,0.053,14,6
"Stouffer",-0.00121343045350512,0.0483,14,6
"DPM",-0.00121343045350512,0,14,6
"ORBIT_P",-0.00121343045350512,0.0497,14,6
"Fisher",-0.000960785140457158,0.0516,15,6
"Brown",-0.000960785140457158,0.0507,15,6
"Stouffer",-0.000960785140457158,0.0492,15,6
"DPM",-0.000960785140457158,1e-04,15,6
"ORBIT_P",-0.000960785140457158,0.0506,15,6
"Fisher",-0.00113692776857106,0.0519,16,6
"Brown",-0.00113692776857106,0.0512,16,6
"Stouffer",-0.00113692776857106,0.0491,16,6
"DPM",-0.00113692776857106,2e-04,16,6
"ORBIT_P",-0.00113692776857106,0.051,16,6
"Fisher",-0.00138449339869116,0.0514,17,6
"Brown",-0.00138449339869116,0.051,17,6
"Stouffer",-0.00138449339869116,0.0484,17,6
"DPM",-0.00138449339869116,0,17,6
"ORBIT_P",-0.00138449339869116,0.0485,17,6
"Fisher",-0.00130074604164509,0.0493,18,6
"Brown",-0.00130074604164509,0.0491,18,6
"Stouffer",-0.00130074604164509,0.0478,18,6
"DPM",-0.00130074604164509,0,18,6
"ORBIT_P",-0.00130074604164509,0.0483,18,6
"Fisher",-0.00131261310848324,0.0508,19,6
"Brown",-0.00131261310848324,0.0508,19,6
"Stouffer",-0.00131261310848324,0.0474,19,6
"DPM",-0.00131261310848324,0,19,6
"ORBIT_P",-0.00131261310848324,0.0478,19,6
"Fisher",-0.00130942851826712,0.0515,20,6
"Brown",-0.00130942851826712,0.0515,20,6
"Stouffer",-0.00130942851826712,0.0466,20,6
"DPM",-0.00130942851826712,0,20,6
"ORBIT_P",-0.00130942851826712,0.0481,20,6
"Fisher",-0.00426833024838966,0.0507,2,7
"Brown",-0.00426833024838966,0.0507,2,7
"Stouffer",-0.00426833024838966,0.0495,2,7
"DPM",-0.00426833024838966,0.0294,2,7
"ORBIT_P",-0.00426833024838966,0.0495,2,7
"Fisher",-0.0075409430455001,0.05,3,7
"Brown",-0.0075409430455001,0.05,3,7
"Stouffer",-0.0075409430455001,0.0485,3,7
"DPM",-0.0075409430455001,0.0178,3,7
"ORBIT_P",-0.0075409430455001,0.0484,3,7
"Fisher",-0.00277772796151309,0.0503,4,7
"Brown",-0.00277772796151309,0.0503,4,7
"Stouffer",-0.00277772796151309,0.0489,4,7
"DPM",-0.00277772796151309,0.0114,4,7
"ORBIT_P",-0.00277772796151309,0.0491,4,7
"Fisher",-0.000102101348371846,0.0492,5,7
"Brown",-0.000102101348371846,0.0492,5,7
"Stouffer",-0.000102101348371846,0.0489,5,7
"DPM",-0.000102101348371846,0.0066,5,7
"ORBIT_P",-0.000102101348371846,0.0487,5,7
"Fisher",-0.000822340414907436,0.0466,6,7
"Brown",-0.000822340414907436,0.0466,6,7
"Stouffer",-0.000822340414907436,0.049,6,7
"DPM",-0.000822340414907436,0.0042,6,7
"ORBIT_P",-0.000822340414907436,0.0488,6,7
"Fisher",-0.000465115513231969,0.0474,7,7
"Brown",-0.000465115513231969,0.0474,7,7
"Stouffer",-0.000465115513231969,0.0489,7,7
"DPM",-0.000465115513231969,0.0033,7,7
"ORBIT_P",-0.000465115513231969,0.0466,7,7
"Fisher",0.000203324365536111,0.049,8,7
"Brown",0.000203324365536111,0.049,8,7
"Stouffer",0.000203324365536111,0.051,8,7
"DPM",0.000203324365536111,0.0024,8,7
"ORBIT_P",0.000203324365536111,0.0492,8,7
"Fisher",-0.000728206749145075,0.0506,9,7
"Brown",-0.000728206749145075,0.0506,9,7
"Stouffer",-0.000728206749145075,0.0507,9,7
"DPM",-0.000728206749145075,0.0016,9,7
"ORBIT_P",-0.000728206749145075,0.0497,9,7
"Fisher",-0.000802131240585462,0.0505,10,7
"Brown",-0.000802131240585462,0.0505,10,7
"Stouffer",-0.000802131240585462,0.0489,10,7
"DPM",-0.000802131240585462,7e-04,10,7
"ORBIT_P",-0.000802131240585462,0.0486,10,7
"Fisher",-0.00139252455471935,0.05,11,7
"Brown",-0.00139252455471935,0.05,11,7
"Stouffer",-0.00139252455471935,0.0464,11,7
"DPM",-0.00139252455471935,6e-04,11,7
"ORBIT_P",-0.00139252455471935,0.047,11,7
"Fisher",-0.000789583207575578,0.0487,12,7
"Brown",-0.000789583207575578,0.0483,12,7
"Stouffer",-0.000789583207575578,0.0479,12,7
"DPM",-0.000789583207575578,4e-04,12,7
"ORBIT_P",-0.000789583207575578,0.0496,12,7
"Fisher",-0.00148354283391777,0.05,13,7
"Brown",-0.00148354283391777,0.0497,13,7
"Stouffer",-0.00148354283391777,0.047,13,7
"DPM",-0.00148354283391777,6e-04,13,7
"ORBIT_P",-0.00148354283391777,0.0479,13,7
"Fisher",-0.00171388462005213,0.0473,14,7
"Brown",-0.00171388462005213,0.0471,14,7
"Stouffer",-0.00171388462005213,0.0478,14,7
"DPM",-0.00171388462005213,5e-04,14,7
"ORBIT_P",-0.00171388462005213,0.0483,14,7
"Fisher",-0.00119469445991786,0.0504,15,7
"Brown",-0.00119469445991786,0.0504,15,7
"Stouffer",-0.00119469445991786,0.0469,15,7
"DPM",-0.00119469445991786,4e-04,15,7
"ORBIT_P",-0.00119469445991786,0.0461,15,7
"Fisher",-0.000884355530983846,0.0496,16,7
"Brown",-0.000884355530983846,0.0496,16,7
"Stouffer",-0.000884355530983846,0.0478,16,7
"DPM",-0.000884355530983846,2e-04,16,7
"ORBIT_P",-0.000884355530983846,0.0467,16,7
"Fisher",-0.00103822429834659,0.0489,17,7
"Brown",-0.00103822429834659,0.0486,17,7
"Stouffer",-0.00103822429834659,0.0467,17,7
"DPM",-0.00103822429834659,2e-04,17,7
"ORBIT_P",-0.00103822429834659,0.0484,17,7
"Fisher",-0.000523733575811874,0.0486,18,7
"Brown",-0.000523733575811874,0.0484,18,7
"Stouffer",-0.000523733575811874,0.0497,18,7
"DPM",-0.000523733575811874,2e-04,18,7
"ORBIT_P",-0.000523733575811874,0.0493,18,7
"Fisher",-0.000753637176865311,0.0501,19,7
"Brown",-0.000753637176865311,0.0501,19,7
"Stouffer",-0.000753637176865311,0.0494,19,7
"DPM",-0.000753637176865311,1e-04,19,7
"ORBIT_P",-0.000753637176865311,0.0472,19,7
"Fisher",-0.000172074059833752,0.0509,20,7
"Brown",-0.000172074059833752,0.0502,20,7
"Stouffer",-0.000172074059833752,0.0517,20,7
"DPM",-0.000172074059833752,1e-04,20,7
"ORBIT_P",-0.000172074059833752,0.0498,20,7
"Fisher",-0.0139489308208077,0.0531,2,8
"Brown",-0.0139489308208077,0.0531,2,8
"Stouffer",-0.0139489308208077,0.0456,2,8
"DPM",-0.0139489308208077,0.0286,2,8
"ORBIT_P",-0.0139489308208077,0.048,2,8
"Fisher",-0.000129313592348717,0.0477,3,8
"Brown",-0.000129313592348717,0.0477,3,8
"Stouffer",-0.000129313592348717,0.0468,3,8
"DPM",-0.000129313592348717,0.0173,3,8
"ORBIT_P",-0.000129313592348717,0.0481,3,8
"Fisher",0.00180136437881998,0.0467,4,8
"Brown",0.00180136437881998,0.0467,4,8
"Stouffer",0.00180136437881998,0.0475,4,8
"DPM",0.00180136437881998,0.0117,4,8
"ORBIT_P",0.00180136437881998,0.0474,4,8
"Fisher",0.00326005127338105,0.0498,5,8
"Brown",0.00326005127338105,0.0498,5,8
"Stouffer",0.00326005127338105,0.0502,5,8
"DPM",0.00326005127338105,0.0096,5,8
"ORBIT_P",0.00326005127338105,0.0493,5,8
"Fisher",2.00760168484293e-05,0.048,6,8
"Brown",2.00760168484293e-05,0.048,6,8
"Stouffer",2.00760168484293e-05,0.0519,6,8
"DPM",2.00760168484293e-05,0.0057,6,8
"ORBIT_P",2.00760168484293e-05,0.0522,6,8
"Fisher",-0.000117040820778421,0.0493,7,8
"Brown",-0.000117040820778421,0.0493,7,8
"Stouffer",-0.000117040820778421,0.0488,7,8
"DPM",-0.000117040820778421,0.0036,7,8
"ORBIT_P",-0.000117040820778421,0.0497,7,8
"Fisher",0.000292551806619548,0.0482,8,8
"Brown",0.000292551806619548,0.0482,8,8
"Stouffer",0.000292551806619548,0.0511,8,8
"DPM",0.000292551806619548,0.0024,8,8
"ORBIT_P",0.000292551806619548,0.0492,8,8
"Fisher",-0.000839650147601775,0.0499,9,8
"Brown",-0.000839650147601775,0.0494,9,8
"Stouffer",-0.000839650147601775,0.0505,9,8
"DPM",-0.000839650147601775,0.0019,9,8
"ORBIT_P",-0.000839650147601775,0.0512,9,8
"Fisher",-0.000866869985708334,0.0488,10,8
"Brown",-0.000866869985708334,0.0479,10,8
"Stouffer",-0.000866869985708334,0.0503,10,8
"DPM",-0.000866869985708334,0.0017,10,8
"ORBIT_P",-0.000866869985708334,0.0496,10,8
"Fisher",0.00042540271735804,0.0511,11,8
"Brown",0.00042540271735804,0.0502,11,8
"Stouffer",0.00042540271735804,0.0515,11,8
"DPM",0.00042540271735804,0.0012,11,8
"ORBIT_P",0.00042540271735804,0.0495,11,8
"Fisher",-0.000569640236969758,0.0513,12,8
"Brown",-0.000569640236969758,0.0513,12,8
"Stouffer",-0.000569640236969758,0.0497,12,8
"DPM",-0.000569640236969758,6e-04,12,8
"ORBIT_P",-0.000569640236969758,0.0498,12,8
"Fisher",-0.000540285713261579,0.0484,13,8
"Brown",-0.000540285713261579,0.0484,13,8
"Stouffer",-0.000540285713261579,0.0491,13,8
"DPM",-0.000540285713261579,3e-04,13,8
"ORBIT_P",-0.000540285713261579,0.0496,13,8
"Fisher",-0.000607198363244505,0.0501,14,8
"Brown",-0.000607198363244505,0.0498,14,8
"Stouffer",-0.000607198363244505,0.0504,14,8
"DPM",-0.000607198363244505,4e-04,14,8
"ORBIT_P",-0.000607198363244505,0.0501,14,8
"Fisher",-0.000424280469244709,0.0516,15,8
"Brown",-0.000424280469244709,0.0516,15,8
"Stouffer",-0.000424280469244709,0.0501,15,8
"DPM",-0.000424280469244709,3e-04,15,8
"ORBIT_P",-0.000424280469244709,0.0517,15,8
"Fisher",-0.000677443137029476,0.0517,16,8
"Brown",-0.000677443137029476,0.0516,16,8
"Stouffer",-0.000677443137029476,0.0512,16,8
"DPM",-0.000677443137029476,1e-04,16,8
"ORBIT_P",-0.000677443137029476,0.0513,16,8
"Fisher",-0.000359463840386822,0.0536,17,8
"Brown",-0.000359463840386822,0.0531,17,8
"Stouffer",-0.000359463840386822,0.05,17,8
"DPM",-0.000359463840386822,1e-04,17,8
"ORBIT_P",-0.000359463840386822,0.0505,17,8
"Fisher",-0.000249746076527695,0.0522,18,8
"Brown",-0.000249746076527695,0.0518,18,8
"Stouffer",-0.000249746076527695,0.0511,18,8
"DPM",-0.000249746076527695,1e-04,18,8
"ORBIT_P",-0.000249746076527695,0.0503,18,8
"Fisher",6.63252391704239e-05,0.051,19,8
"Brown",6.63252391704239e-05,0.0496,19,8
"Stouffer",6.63252391704239e-05,0.052,19,8
"DPM",6.63252391704239e-05,1e-04,19,8
"ORBIT_P",6.63252391704239e-05,0.0517,19,8
"Fisher",0.000306656337883058,0.0502,20,8
"Brown",0.000306656337883058,0.0494,20,8
"Stouffer",0.000306656337883058,0.0527,20,8
"DPM",0.000306656337883058,1e-04,20,8
"ORBIT_P",0.000306656337883058,0.0514,20,8
"Fisher",0.00697822614330454,0.0476,2,9
"Brown",0.00697822614330454,0.0476,2,9
"Stouffer",0.00697822614330454,0.0499,2,9
"DPM",0.00697822614330454,0.0298,2,9
"ORBIT_P",0.00697822614330454,0.0503,2,9
"Fisher",0.00281090284019965,0.0479,3,9
"Brown",0.00281090284019965,0.0477,3,9
"Stouffer",0.00281090284019965,0.0513,3,9
"DPM",0.00281090284019965,0.018,3,9
"ORBIT_P",0.00281090284019965,0.0495,3,9
"Fisher",0.00504624717052202,0.0498,4,9
"Brown",0.00504624717052202,0.0498,4,9
"Stouffer",0.00504624717052202,0.0515,4,9
"DPM",0.00504624717052202,0.0134,4,9
"ORBIT_P",0.00504624717052202,0.0504,4,9
"Fisher",0.000839681553576351,0.0512,5,9
"Brown",0.000839681553576351,0.0507,5,9
"Stouffer",0.000839681553576351,0.0528,5,9
"DPM",0.000839681553576351,0.0082,5,9
"ORBIT_P",0.000839681553576351,0.0512,5,9
"Fisher",0.00162159686636834,0.0514,6,9
"Brown",0.00162159686636834,0.0505,6,9
"Stouffer",0.00162159686636834,0.0511,6,9
"DPM",0.00162159686636834,0.0057,6,9
"ORBIT_P",0.00162159686636834,0.0499,6,9
"Fisher",0.000403895325167179,0.0514,7,9
"Brown",0.000403895325167179,0.0508,7,9
"Stouffer",0.000403895325167179,0.0524,7,9
"DPM",0.000403895325167179,0.0037,7,9
"ORBIT_P",0.000403895325167179,0.0535,7,9
"Fisher",1.96068131194397e-05,0.0531,8,9
"Brown",1.96068131194397e-05,0.0515,8,9
"Stouffer",1.96068131194397e-05,0.0507,8,9
"DPM",1.96068131194397e-05,0.0027,8,9
"ORBIT_P",1.96068131194397e-05,0.0515,8,9
"Fisher",-0.000636169958618353,0.0535,9,9
"Brown",-0.000636169958618353,0.0517,9,9
"Stouffer",-0.000636169958618353,0.049,9,9
"DPM",-0.000636169958618353,0.0018,9,9
"ORBIT_P",-0.000636169958618353,0.0515,9,9
"Fisher",-0.00210971342791789,0.0515,10,9
"Brown",-0.00210971342791789,0.0503,10,9
"Stouffer",-0.00210971342791789,0.0462,10,9
"DPM",-0.00210971342791789,0.0014,10,9
"ORBIT_P",-0.00210971342791789,0.0486,10,9
"Fisher",-0.00243738167317796,0.0496,11,9
"Brown",-0.00243738167317796,0.0482,11,9
"Stouffer",-0.00243738167317796,0.0463,11,9
"DPM",-0.00243738167317796,9e-04,11,9
"ORBIT_P",-0.00243738167317796,0.045,11,9
"Fisher",-0.00218581614932386,0.0505,12,9
"Brown",-0.00218581614932386,0.0481,12,9
"Stouffer",-0.00218581614932386,0.0445,12,9
"DPM",-0.00218581614932386,0.001,12,9
"ORBIT_P",-0.00218581614932386,0.0457,12,9
"Fisher",-0.00110785856975117,0.052,13,9
"Brown",-0.00110785856975117,0.0504,13,9
"Stouffer",-0.00110785856975117,0.0462,13,9
"DPM",-0.00110785856975117,6e-04,13,9
"ORBIT_P",-0.00110785856975117,0.0491,13,9
"Fisher",-0.00132380868253318,0.0512,14,9
"Brown",-0.00132380868253318,0.0486,14,9
"Stouffer",-0.00132380868253318,0.0445,14,9
"DPM",-0.00132380868253318,3e-04,14,9
"ORBIT_P",-0.00132380868253318,0.0459,14,9
"Fisher",-0.00105312235368464,0.0507,15,9
"Brown",-0.00105312235368464,0.0494,15,9
"Stouffer",-0.00105312235368464,0.0453,15,9
"DPM",-0.00105312235368464,3e-04,15,9
"ORBIT_P",-0.00105312235368464,0.0482,15,9
"Fisher",-0.000784694480235524,0.0508,16,9
"Brown",-0.000784694480235524,0.0499,16,9
"Stouffer",-0.000784694480235524,0.0485,16,9
"DPM",-0.000784694480235524,2e-04,16,9
"ORBIT_P",-0.000784694480235524,0.0484,16,9
"Fisher",-0.000325517512847784,0.0533,17,9
"Brown",-0.000325517512847784,0.052,17,9
"Stouffer",-0.000325517512847784,0.0465,17,9
"DPM",-0.000325517512847784,1e-04,17,9
"ORBIT_P",-0.000325517512847784,0.0491,17,9
"Fisher",-0.000179545367059774,0.0524,18,9
"Brown",-0.000179545367059774,0.0503,18,9
"Stouffer",-0.000179545367059774,0.0472,18,9
"DPM",-0.000179545367059774,0,18,9
"ORBIT_P",-0.000179545367059774,0.0489,18,9
"Fisher",-0.000270560171070552,0.0523,19,9
"Brown",-0.000270560171070552,0.0509,19,9
"Stouffer",-0.000270560171070552,0.0467,19,9
"DPM",-0.000270560171070552,0,19,9
"ORBIT_P",-0.000270560171070552,0.0517,19,9
"Fisher",-0.000519888722892448,0.0524,20,9
"Brown",-0.000519888722892448,0.0513,20,9
"Stouffer",-0.000519888722892448,0.0456,20,9
"DPM",-0.000519888722892448,0,20,9
"ORBIT_P",-0.000519888722892448,0.0472,20,9
"Fisher",0.0017915260533685,0.0502,2,10
"Brown",0.0017915260533685,0.0502,2,10
"Stouffer",0.0017915260533685,0.0514,2,10
"DPM",0.0017915260533685,0.0304,2,10
"ORBIT_P",0.0017915260533685,0.0533,2,10
"Fisher",0.000794428409645754,0.0518,3,10
"Brown",0.000794428409645754,0.0518,3,10
"Stouffer",0.000794428409645754,0.0535,3,10
"DPM",0.000794428409645754,0.0205,3,10
"ORBIT_P",0.000794428409645754,0.0543,3,10
"Fisher",0.0010301227641454,0.0523,4,10
"Brown",0.0010301227641454,0.0521,4,10
"Stouffer",0.0010301227641454,0.051,4,10
"DPM",0.0010301227641454,0.012,4,10
"ORBIT_P",0.0010301227641454,0.0534,4,10
"Fisher",0.00227462150707574,0.0523,5,10
"Brown",0.00227462150707574,0.0523,5,10
"Stouffer",0.00227462150707574,0.0494,5,10
"DPM",0.00227462150707574,0.0078,5,10
"ORBIT_P",0.00227462150707574,0.0511,5,10
"Fisher",0.00247807531086958,0.0528,6,10
"Brown",0.00247807531086958,0.0521,6,10
"Stouffer",0.00247807531086958,0.051,6,10
"DPM",0.00247807531086958,0.0056,6,10
"ORBIT_P",0.00247807531086958,0.0524,6,10
"Fisher",0.00302811854871173,0.0509,7,10
"Brown",0.00302811854871173,0.0509,7,10
"Stouffer",0.00302811854871173,0.0518,7,10
"DPM",0.00302811854871173,0.0036,7,10
"ORBIT_P",0.00302811854871173,0.0528,7,10
"Fisher",0.00123910097878225,0.0521,8,10
"Brown",0.00123910097878225,0.0517,8,10
"Stouffer",0.00123910097878225,0.0519,8,10
"DPM",0.00123910097878225,0.0021,8,10
"ORBIT_P",0.00123910097878225,0.0522,8,10
"Fisher",0.000474508081480175,0.0501,9,10
"Brown",0.000474508081480175,0.0501,9,10
"Stouffer",0.000474508081480175,0.0504,9,10
"DPM",0.000474508081480175,0.0016,9,10
"ORBIT_P",0.000474508081480175,0.0514,9,10
"Fisher",-0.000684934225821104,0.0531,10,10
"Brown",-0.000684934225821104,0.0531,10,10
"Stouffer",-0.000684934225821104,0.0504,10,10
"DPM",-0.000684934225821104,0.001,10,10
"ORBIT_P",-0.000684934225821104,0.0521,10,10
"Fisher",-0.00151322641432994,0.0527,11,10
"Brown",-0.00151322641432994,0.0527,11,10
"Stouffer",-0.00151322641432994,0.0493,11,10
"DPM",-0.00151322641432994,7e-04,11,10
"ORBIT_P",-0.00151322641432994,0.0522,11,10
"Fisher",-0.000920017432245027,0.0498,12,10
"Brown",-0.000920017432245027,0.0498,12,10
"Stouffer",-0.000920017432245027,0.0511,12,10
"DPM",-0.000920017432245027,4e-04,12,10
"ORBIT_P",-0.000920017432245027,0.0495,12,10
"Fisher",-0.00163234611755716,0.0487,13,10
"Brown",-0.00163234611755716,0.0487,13,10
"Stouffer",-0.00163234611755716,0.0478,13,10
"DPM",-0.00163234611755716,4e-04,13,10
"ORBIT_P",-0.00163234611755716,0.0487,13,10
"Fisher",-0.00170645456466841,0.0491,14,10
"Brown",-0.00170645456466841,0.0491,14,10
"Stouffer",-0.00170645456466841,0.0476,14,10
"DPM",-0.00170645456466841,3e-04,14,10
"ORBIT_P",-0.00170645456466841,0.048,14,10
"Fisher",-0.00175267382340297,0.0486,15,10
"Brown",-0.00175267382340297,0.0486,15,10
"Stouffer",-0.00175267382340297,0.0473,15,10
"DPM",-0.00175267382340297,3e-04,15,10
"ORBIT_P",-0.00175267382340297,0.048,15,10
"Fisher",-0.00138627787891506,0.0502,16,10
"Brown",-0.00138627787891506,0.0502,16,10
"Stouffer",-0.00138627787891506,0.0489,16,10
"DPM",-0.00138627787891506,4e-04,16,10
"ORBIT_P",-0.00138627787891506,0.0478,16,10
"Fisher",-0.00131428793736781,0.0491,17,10
"Brown",-0.00131428793736781,0.0491,17,10
"Stouffer",-0.00131428793736781,0.0477,17,10
"DPM",-0.00131428793736781,1e-04,17,10
"ORBIT_P",-0.00131428793736781,0.048,17,10
"Fisher",-0.0013199366049063,0.0461,18,10
"Brown",-0.0013199366049063,0.0461,18,10
"Stouffer",-0.0013199366049063,0.0475,18,10
"DPM",-0.0013199366049063,1e-04,18,10
"ORBIT_P",-0.0013199366049063,0.0467,18,10
"Fisher",-0.0012410741309312,0.0461,19,10
"Brown",-0.0012410741309312,0.0461,19,10
"Stouffer",-0.0012410741309312,0.0462,19,10
"DPM",-0.0012410741309312,1e-04,19,10
"ORBIT_P",-0.0012410741309312,0.0467,19,10
"Fisher",-0.000877907685964477,0.046,20,10
"Brown",-0.000877907685964477,0.046,20,10
"Stouffer",-0.000877907685964477,0.0487,20,10
"DPM",-0.000877907685964477,1e-04,20,10
"ORBIT_P",-0.000877907685964477,0.0474,20,10
"Fisher",-0.0226116368602795,0.0512,2,11
"Brown",-0.0226116368602795,0.0504,2,11
"Stouffer",-0.0226116368602795,0.0474,2,11
"DPM",-0.0226116368602795,0.0278,2,11
"ORBIT_P",-0.0226116368602795,0.0458,2,11
"Fisher",-0.00730017852233402,0.0513,3,11
"Brown",-0.00730017852233402,0.051,3,11
"Stouffer",-0.00730017852233402,0.0491,3,11
"DPM",-0.00730017852233402,0.0172,3,11
"ORBIT_P",-0.00730017852233402,0.0499,3,11
"Fisher",-0.00488467577290498,0.0522,4,11
"Brown",-0.00488467577290498,0.0497,4,11
"Stouffer",-0.00488467577290498,0.0492,4,11
"DPM",-0.00488467577290498,0.0109,4,11
"ORBIT_P",-0.00488467577290498,0.048,4,11
"Fisher",-0.00429829441738302,0.0531,5,11
"Brown",-0.00429829441738302,0.0522,5,11
"Stouffer",-0.00429829441738302,0.05,5,11
"DPM",-0.00429829441738302,0.0065,5,11
"ORBIT_P",-0.00429829441738302,0.0492,5,11
"Fisher",-0.00254160475102072,0.0529,6,11
"Brown",-0.00254160475102072,0.0517,6,11
"Stouffer",-0.00254160475102072,0.0468,6,11
"DPM",-0.00254160475102072,0.0044,6,11
"ORBIT_P",-0.00254160475102072,0.0493,6,11
"Fisher",-0.00119796067416903,0.0517,7,11
"Brown",-0.00119796067416903,0.0509,7,11
"Stouffer",-0.00119796067416903,0.0501,7,11
"DPM",-0.00119796067416903,0.0032,7,11
"ORBIT_P",-0.00119796067416903,0.0492,7,11
"Fisher",-0.00119010036603246,0.0478,8,11
"Brown",-0.00119010036603246,0.0466,8,11
"Stouffer",-0.00119010036603246,0.0494,8,11
"DPM",-0.00119010036603246,0.0022,8,11
"ORBIT_P",-0.00119010036603246,0.0486,8,11
"Fisher",-0.00173310121658559,0.0478,9,11
"Brown",-0.00173310121658559,0.0468,9,11
"Stouffer",-0.00173310121658559,0.0469,9,11
"DPM",-0.00173310121658559,0.0018,9,11
"ORBIT_P",-0.00173310121658559,0.047,9,11
"Fisher",-0.000955352319868871,0.044,10,11
"Brown",-0.000955352319868871,0.0434,10,11
"Stouffer",-0.000955352319868871,0.0491,10,11
"DPM",-0.000955352319868871,7e-04,10,11
"ORBIT_P",-0.000955352319868871,0.0486,10,11
"Fisher",-0.000480338551946238,0.0445,11,11
"Brown",-0.000480338551946238,0.0445,11,11
"Stouffer",-0.000480338551946238,0.0496,11,11
"DPM",-0.000480338551946238,6e-04,11,11
"ORBIT_P",-0.000480338551946238,0.0499,11,11
"Fisher",-0.000824416943051471,0.0444,12,11
"Brown",-0.000824416943051471,0.0441,12,11
"Stouffer",-0.000824416943051471,0.05,12,11
"DPM",-0.000824416943051471,0,12,11
"ORBIT_P",-0.000824416943051471,0.0495,12,11
"Fisher",-0.000339956691469219,0.0456,13,11
"Brown",-0.000339956691469219,0.0456,13,11
"Stouffer",-0.000339956691469219,0.0491,13,11
"DPM",-0.000339956691469219,1e-04,13,11
"ORBIT_P",-0.000339956691469219,0.0495,13,11
"Fisher",-0.00063176562994414,0.0476,14,11
"Brown",-0.00063176562994414,0.0476,14,11
"Stouffer",-0.00063176562994414,0.0471,14,11
"DPM",-0.00063176562994414,1e-04,14,11
"ORBIT_P",-0.00063176562994414,0.0481,14,11
"Fisher",-0.000636624812855523,0.0504,15,11
"Brown",-0.000636624812855523,0.0504,15,11
"Stouffer",-0.000636624812855523,0.0456,15,11
"DPM",-0.000636624812855523,0,15,11
"ORBIT_P",-0.000636624812855523,0.0483,15,11
"Fisher",-0.000485127258661172,0.0484,16,11
"Brown",-0.000485127258661172,0.0484,16,11
"Stouffer",-0.000485127258661172,0.0462,16,11
"DPM",-0.000485127258661172,1e-04,16,11
"ORBIT_P",-0.000485127258661172,0.0468,16,11
"Fisher",-0.000313370085505378,0.0492,17,11
"Brown",-0.000313370085505378,0.0492,17,11
"Stouffer",-0.000313370085505378,0.0468,17,11
"DPM",-0.000313370085505378,1e-04,17,11
"ORBIT_P",-0.000313370085505378,0.0486,17,11
"Fisher",-0.000475016668031146,0.0486,18,11
"Brown",-0.000475016668031146,0.0486,18,11
"Stouffer",-0.000475016668031146,0.0462,18,11
"DPM",-0.000475016668031146,0,18,11
"ORBIT_P",-0.000475016668031146,0.0486,18,11
"Fisher",-0.000452285388189145,0.0466,19,11
"Brown",-0.000452285388189145,0.0466,19,11
"Stouffer",-0.000452285388189145,0.0482,19,11
"DPM",-0.000452285388189145,0,19,11
"ORBIT_P",-0.000452285388189145,0.0489,19,11
"Fisher",-0.000416032110521222,0.0477,20,11
"Brown",-0.000416032110521222,0.0477,20,11
"Stouffer",-0.000416032110521222,0.0481,20,11
"DPM",-0.000416032110521222,0,20,11
"ORBIT_P",-0.000416032110521222,0.0484,20,11
"Fisher",-0.00754658570974214,0.0495,2,12
"Brown",-0.00754658570974214,0.0477,2,12
"Stouffer",-0.00754658570974214,0.0494,2,12
"DPM",-0.00754658570974214,0.027,2,12
"ORBIT_P",-0.00754658570974214,0.0486,2,12
"Fisher",-0.000704409319398439,0.0475,3,12
"Brown",-0.000704409319398439,0.0468,3,12
"Stouffer",-0.000704409319398439,0.0519,3,12
"DPM",-0.000704409319398439,0.0188,3,12
"ORBIT_P",-0.000704409319398439,0.0486,3,12
"Fisher",-0.00134530096134238,0.0482,4,12
"Brown",-0.00134530096134238,0.0469,4,12
"Stouffer",-0.00134530096134238,0.0512,4,12
"DPM",-0.00134530096134238,0.0101,4,12
"ORBIT_P",-0.00134530096134238,0.0487,4,12
"Fisher",-0.000981405829812547,0.0492,5,12
"Brown",-0.000981405829812547,0.0484,5,12
"Stouffer",-0.000981405829812547,0.0502,5,12
"DPM",-0.000981405829812547,0.0078,5,12
"ORBIT_P",-0.000981405829812547,0.0511,5,12
"Fisher",0.00190389277528927,0.0472,6,12
"Brown",0.00190389277528927,0.0471,6,12
"Stouffer",0.00190389277528927,0.05,6,12
"DPM",0.00190389277528927,0.0048,6,12
"ORBIT_P",0.00190389277528927,0.0476,6,12
"Fisher",0.00158127933359508,0.0484,7,12
"Brown",0.00158127933359508,0.0484,7,12
"Stouffer",0.00158127933359508,0.0501,7,12
"DPM",0.00158127933359508,0.0037,7,12
"ORBIT_P",0.00158127933359508,0.0492,7,12
"Fisher",0.00106221734514335,0.0478,8,12
"Brown",0.00106221734514335,0.0478,8,12
"Stouffer",0.00106221734514335,0.0494,8,12
"DPM",0.00106221734514335,0.0021,8,12
"ORBIT_P",0.00106221734514335,0.0499,8,12
"Fisher",-0.000194011311824417,0.0482,9,12
"Brown",-0.000194011311824417,0.0482,9,12
"Stouffer",-0.000194011311824417,0.0487,9,12
"DPM",-0.000194011311824417,0.001,9,12
"ORBIT_P",-0.000194011311824417,0.0485,9,12
"Fisher",-0.00039771281405512,0.0484,10,12
"Brown",-0.00039771281405512,0.0484,10,12
"Stouffer",-0.00039771281405512,0.0493,10,12
"DPM",-0.00039771281405512,7e-04,10,12
"ORBIT_P",-0.00039771281405512,0.0489,10,12
"Fisher",-0.000793437614849482,0.0475,11,12
"Brown",-0.000793437614849482,0.0475,11,12
"Stouffer",-0.000793437614849482,0.0508,11,12
"DPM",-0.000793437614849482,5e-04,11,12
"ORBIT_P",-0.000793437614849482,0.0511,11,12
"Fisher",-0.00169371841210252,0.0477,12,12
"Brown",-0.00169371841210252,0.0477,12,12
"Stouffer",-0.00169371841210252,0.0513,12,12
"DPM",-0.00169371841210252,4e-04,12,12
"ORBIT_P",-0.00169371841210252,0.0503,12,12
"Fisher",-0.000890456419565359,0.0473,13,12
"Brown",-0.000890456419565359,0.0473,13,12
"Stouffer",-0.000890456419565359,0.0516,13,12
"DPM",-0.000890456419565359,1e-04,13,12
"ORBIT_P",-0.000890456419565359,0.0526,13,12
"Fisher",0.000448098170435468,0.0492,14,12
"Brown",0.000448098170435468,0.0492,14,12
"Stouffer",0.000448098170435468,0.0512,14,12
"DPM",0.000448098170435468,3e-04,14,12
"ORBIT_P",0.000448098170435468,0.0517,14,12
"Fisher",0.00049348780463744,0.0471,15,12
"Brown",0.00049348780463744,0.0471,15,12
"Stouffer",0.00049348780463744,0.0521,15,12
"DPM",0.00049348780463744,0,15,12
"ORBIT_P",0.00049348780463744,0.0514,15,12
"Fisher",0.000614246813060567,0.0503,16,12
"Brown",0.000614246813060567,0.0503,16,12
"Stouffer",0.000614246813060567,0.0533,16,12
"DPM",0.000614246813060567,0,16,12
"ORBIT_P",0.000614246813060567,0.0507,16,12
"Fisher",0.000400194449201927,0.0484,17,12
"Brown",0.000400194449201927,0.0484,17,12
"Stouffer",0.000400194449201927,0.0524,17,12
"DPM",0.000400194449201927,0,17,12
"ORBIT_P",0.000400194449201927,0.0508,17,12
"Fisher",0.000297000689436998,0.0482,18,12
"Brown",0.000297000689436998,0.0482,18,12
"Stouffer",0.000297000689436998,0.0512,18,12
"DPM",0.000297000689436998,0,18,12
"ORBIT_P",0.000297000689436998,0.0508,18,12
"Fisher",0.000567368096835455,0.0488,19,12
"Brown",0.000567368096835455,0.0488,19,12
"Stouffer",0.000567368096835455,0.051,19,12
"DPM",0.000567368096835455,0,19,12
"ORBIT_P",0.000567368096835455,0.0506,19,12
"Fisher",0.00118520279973572,0.0481,20,12
"Brown",0.00118520279973572,0.0481,20,12
"Stouffer",0.00118520279973572,0.0536,20,12
"DPM",0.00118520279973572,0,20,12
"ORBIT_P",0.00118520279973572,0.0486,20,12
"Fisher",0.00553132786373123,0.0536,2,13
"Brown",0.00553132786373123,0.0536,2,13
"Stouffer",0.00553132786373123,0.0529,2,13
"DPM",0.00553132786373123,0.0322,2,13
"ORBIT_P",0.00553132786373123,0.0529,2,13
"Fisher",0.00483194020226702,0.0521,3,13
"Brown",0.00483194020226702,0.0509,3,13
"Stouffer",0.00483194020226702,0.0515,3,13
"DPM",0.00483194020226702,0.0181,3,13
"ORBIT_P",0.00483194020226702,0.0523,3,13
"Fisher",0.0038787424090454,0.0509,4,13
"Brown",0.0038787424090454,0.0508,4,13
"Stouffer",0.0038787424090454,0.0518,4,13
"DPM",0.0038787424090454,0.0126,4,13
"ORBIT_P",0.0038787424090454,0.0511,4,13
"Fisher",0.00133058894055022,0.0502,5,13
"Brown",0.00133058894055022,0.0493,5,13
"Stouffer",0.00133058894055022,0.0518,5,13
"DPM",0.00133058894055022,0.0078,5,13
"ORBIT_P",0.00133058894055022,0.0518,5,13
"Fisher",-0.00157572475895368,0.0492,6,13
"Brown",-0.00157572475895368,0.0492,6,13
"Stouffer",-0.00157572475895368,0.05,6,13
"DPM",-0.00157572475895368,0.0049,6,13
"ORBIT_P",-0.00157572475895368,0.0512,6,13
"Fisher",-0.000947533234906497,0.0509,7,13
"Brown",-0.000947533234906497,0.0507,7,13
"Stouffer",-0.000947533234906497,0.0492,7,13
"DPM",-0.000947533234906497,0.003,7,13
"ORBIT_P",-0.000947533234906497,0.0501,7,13
"Fisher",0.00123535139269099,0.0503,8,13
"Brown",0.00123535139269099,0.0501,8,13
"Stouffer",0.00123535139269099,0.0514,8,13
"DPM",0.00123535139269099,0.0016,8,13
"ORBIT_P",0.00123535139269099,0.052,8,13
"Fisher",0.00199790877892225,0.0465,9,13
"Brown",0.00199790877892225,0.0465,9,13
"Stouffer",0.00199790877892225,0.0504,9,13
"DPM",0.00199790877892225,0.0014,9,13
"ORBIT_P",0.00199790877892225,0.0495,9,13
"Fisher",0.000878882176348498,0.0484,10,13
"Brown",0.000878882176348498,0.0484,10,13
"Stouffer",0.000878882176348498,0.051,10,13
"DPM",0.000878882176348498,7e-04,10,13
"ORBIT_P",0.000878882176348498,0.0484,10,13
"Fisher",0.000647126657468012,0.0499,11,13
"Brown",0.000647126657468012,0.0499,11,13
"Stouffer",0.000647126657468012,0.0504,11,13
"DPM",0.000647126657468012,3e-04,11,13
"ORBIT_P",0.000647126657468012,0.0494,11,13
"Fisher",0.00112165679730363,0.0497,12,13
"Brown",0.00112165679730363,0.0497,12,13
"Stouffer",0.00112165679730363,0.0541,12,13
"DPM",0.00112165679730363,1e-04,12,13
"ORBIT_P",0.00112165679730363,0.0512,12,13
"Fisher",0.00083164487065171,0.0475,13,13
"Brown",0.00083164487065171,0.0475,13,13
"Stouffer",0.00083164487065171,0.0534,13,13
"DPM",0.00083164487065171,2e-04,13,13
"ORBIT_P",0.00083164487065171,0.0518,13,13
"Fisher",0.000177930958171357,0.0468,14,13
"Brown",0.000177930958171357,0.0468,14,13
"Stouffer",0.000177930958171357,0.0515,14,13
"DPM",0.000177930958171357,0,14,13
"ORBIT_P",0.000177930958171357,0.0508,14,13
"Fisher",0.000340398951987401,0.0464,15,13
"Brown",0.000340398951987401,0.0464,15,13
"Stouffer",0.000340398951987401,0.0512,15,13
"DPM",0.000340398951987401,0,15,13
"ORBIT_P",0.000340398951987401,0.051,15,13
"Fisher",0.000495273769791565,0.0462,16,13
"Brown",0.000495273769791565,0.0462,16,13
"Stouffer",0.000495273769791565,0.0536,16,13
"DPM",0.000495273769791565,2e-04,16,13
"ORBIT_P",0.000495273769791565,0.0536,16,13
"Fisher",0.000314691404436894,0.0475,17,13
"Brown",0.000314691404436894,0.0475,17,13
"Stouffer",0.000314691404436894,0.0538,17,13
"DPM",0.000314691404436894,1e-04,17,13
"ORBIT_P",0.000314691404436894,0.0515,17,13
"Fisher",2.7400890668087e-05,0.0469,18,13
"Brown",2.7400890668087e-05,0.0469,18,13
"Stouffer",2.7400890668087e-05,0.0508,18,13
"DPM",2.7400890668087e-05,0,18,13
"ORBIT_P",2.7400890668087e-05,0.0515,18,13
"Fisher",-0.000219060590759692,0.0488,19,13
"Brown",-0.000219060590759692,0.0487,19,13
"Stouffer",-0.000219060590759692,0.0499,19,13
"DPM",-0.000219060590759692,0,19,13
"ORBIT_P",-0.000219060590759692,0.0509,19,13
"Fisher",-6.46876090209346e-05,0.0507,20,13
"Brown",-6.46876090209346e-05,0.0499,20,13
"Stouffer",-6.46876090209346e-05,0.0509,20,13
"DPM",-6.46876090209346e-05,0,20,13
"ORBIT_P",-6.46876090209346e-05,0.0504,20,13
"Fisher",-0.00981484304602718,0.0516,2,14
"Brown",-0.00981484304602718,0.0516,2,14
"Stouffer",-0.00981484304602718,0.0514,2,14
"DPM",-0.00981484304602718,0.029,2,14
"ORBIT_P",-0.00981484304602718,0.0497,2,14
"Fisher",-0.00489738172458574,0.0512,3,14
"Brown",-0.00489738172458574,0.0512,3,14
"Stouffer",-0.00489738172458574,0.0493,3,14
"DPM",-0.00489738172458574,0.0189,3,14
"ORBIT_P",-0.00489738172458574,0.0514,3,14
"Fisher",-0.00315094229029007,0.0479,4,14
"Brown",-0.00315094229029007,0.0479,4,14
"Stouffer",-0.00315094229029007,0.0474,4,14
"DPM",-0.00315094229029007,0.0118,4,14
"ORBIT_P",-0.00315094229029007,0.0487,4,14
"Fisher",-0.00107654114838376,0.0486,5,14
"Brown",-0.00107654114838376,0.0486,5,14
"Stouffer",-0.00107654114838376,0.0446,5,14
"DPM",-0.00107654114838376,0.0074,5,14
"ORBIT_P",-0.00107654114838376,0.0467,5,14
"Fisher",-0.000563071702672111,0.0492,6,14
"Brown",-0.000563071702672111,0.0492,6,14
"Stouffer",-0.000563071702672111,0.0465,6,14
"DPM",-0.000563071702672111,0.0048,6,14
"ORBIT_P",-0.000563071702672111,0.05,6,14
"Fisher",-0.00219491088629067,0.0483,7,14
"Brown",-0.00219491088629067,0.0483,7,14
"Stouffer",-0.00219491088629067,0.0482,7,14
"DPM",-0.00219491088629067,0.0031,7,14
"ORBIT_P",-0.00219491088629067,0.0479,7,14
"Fisher",-0.000769782184708102,0.0499,8,14
"Brown",-0.000769782184708102,0.0499,8,14
"Stouffer",-0.000769782184708102,0.046,8,14
"DPM",-0.000769782184708102,0.0022,8,14
"ORBIT_P",-0.000769782184708102,0.0479,8,14
"Fisher",-0.000652495427011452,0.0502,9,14
"Brown",-0.000652495427011452,0.0502,9,14
"Stouffer",-0.000652495427011452,0.0472,9,14
"DPM",-0.000652495427011452,0.0011,9,14
"ORBIT_P",-0.000652495427011452,0.0485,9,14
"Fisher",-0.000695011120705023,0.05,10,14
"Brown",-0.000695011120705023,0.05,10,14
"Stouffer",-0.000695011120705023,0.0483,10,14
"DPM",-0.000695011120705023,8e-04,10,14
"ORBIT_P",-0.000695011120705023,0.0505,10,14
"Fisher",-0.00188767279338143,0.0487,11,14
"Brown",-0.00188767279338143,0.0487,11,14
"Stouffer",-0.00188767279338143,0.0487,11,14
"DPM",-0.00188767279338143,3e-04,11,14
"ORBIT_P",-0.00188767279338143,0.0486,11,14
"Fisher",-0.00203140609989111,0.0475,12,14
"Brown",-0.00203140609989111,0.0475,12,14
"Stouffer",-0.00203140609989111,0.0497,12,14
"DPM",-0.00203140609989111,5e-04,12,14
"ORBIT_P",-0.00203140609989111,0.049,12,14
"Fisher",-0.00192262935143108,0.0488,13,14
"Brown",-0.00192262935143108,0.0488,13,14
"Stouffer",-0.00192262935143108,0.0459,13,14
"DPM",-0.00192262935143108,5e-04,13,14
"ORBIT_P",-0.00192262935143108,0.0463,13,14
"Fisher",-0.00183449870588149,0.0482,14,14
"Brown",-0.00183449870588149,0.0482,14,14
"Stouffer",-0.00183449870588149,0.046,14,14
"DPM",-0.00183449870588149,3e-04,14,14
"ORBIT_P",-0.00183449870588149,0.0466,14,14
"Fisher",-0.0018299752826548,0.0474,15,14
"Brown",-0.0018299752826548,0.0474,15,14
"Stouffer",-0.0018299752826548,0.0451,15,14
"DPM",-0.0018299752826548,3e-04,15,14
"ORBIT_P",-0.0018299752826548,0.0448,15,14
"Fisher",-0.0014801629139928,0.0479,16,14
"Brown",-0.0014801629139928,0.0479,16,14
"Stouffer",-0.0014801629139928,0.0449,16,14
"DPM",-0.0014801629139928,4e-04,16,14
"ORBIT_P",-0.0014801629139928,0.0449,16,14
"Fisher",-0.000842275507925286,0.0479,17,14
"Brown",-0.000842275507925286,0.0479,17,14
"Stouffer",-0.000842275507925286,0.0442,17,14
"DPM",-0.000842275507925286,2e-04,17,14
"ORBIT_P",-0.000842275507925286,0.0465,17,14
"Fisher",-0.000862193527220862,0.0482,18,14
"Brown",-0.000862193527220862,0.0482,18,14
"Stouffer",-0.000862193527220862,0.0468,18,14
"DPM",-0.000862193527220862,1e-04,18,14
"ORBIT_P",-0.000862193527220862,0.0475,18,14
"Fisher",-0.000773147438337183,0.0494,19,14
"Brown",-0.000773147438337183,0.0494,19,14
"Stouffer",-0.000773147438337183,0.0472,19,14
"DPM",-0.000773147438337183,1e-04,19,14
"ORBIT_P",-0.000773147438337183,0.0469,19,14
"Fisher",-0.000350583414526027,0.0478,20,14
"Brown",-0.000350583414526027,0.0478,20,14
"Stouffer",-0.000350583414526027,0.0484,20,14
"DPM",-0.000350583414526027,1e-04,20,14
"ORBIT_P",-0.000350583414526027,0.0497,20,14
"Fisher",-0.00616738497051955,0.0478,2,15
"Brown",-0.00616738497051955,0.0478,2,15
"Stouffer",-0.00616738497051955,0.0461,2,15
"DPM",-0.00616738497051955,0.0292,2,15
"ORBIT_P",-0.00616738497051955,0.0481,2,15
"Fisher",0.000322301740680676,0.0505,3,15
"Brown",0.000322301740680676,0.0505,3,15
"Stouffer",0.000322301740680676,0.051,3,15
"DPM",0.000322301740680676,0.0181,3,15
"ORBIT_P",0.000322301740680676,0.0506,3,15
"Fisher",-0.00569903362413358,0.0507,4,15
"Brown",-0.00569903362413358,0.0507,4,15
"Stouffer",-0.00569903362413358,0.0477,4,15
"DPM",-0.00569903362413358,0.0111,4,15
"ORBIT_P",-0.00569903362413358,0.0485,4,15
"Fisher",-0.00497069388011203,0.0499,5,15
"Brown",-0.00497069388011203,0.0499,5,15
"Stouffer",-0.00497069388011203,0.0485,5,15
"DPM",-0.00497069388011203,0.0075,5,15
"ORBIT_P",-0.00497069388011203,0.0476,5,15
"Fisher",-0.00550256182914817,0.0484,6,15
"Brown",-0.00550256182914817,0.0484,6,15
"Stouffer",-0.00550256182914817,0.0475,6,15
"DPM",-0.00550256182914817,0.0043,6,15
"ORBIT_P",-0.00550256182914817,0.0484,6,15
"Fisher",-0.00338467174881182,0.0467,7,15
"Brown",-0.00338467174881182,0.0467,7,15
"Stouffer",-0.00338467174881182,0.0458,7,15
"DPM",-0.00338467174881182,0.0024,7,15
"ORBIT_P",-0.00338467174881182,0.049,7,15
"Fisher",-0.00271005991371514,0.0455,8,15
"Brown",-0.00271005991371514,0.0455,8,15
"Stouffer",-0.00271005991371514,0.0478,8,15
"DPM",-0.00271005991371514,0.0018,8,15
"ORBIT_P",-0.00271005991371514,0.0491,8,15
"Fisher",-0.00335733835134678,0.0479,9,15
"Brown",-0.00335733835134678,0.0479,9,15
"Stouffer",-0.00335733835134678,0.0487,9,15
"DPM",-0.00335733835134678,0.001,9,15
"ORBIT_P",-0.00335733835134678,0.0473,9,15
"Fisher",-0.00303071926710008,0.0497,10,15
"Brown",-0.00303071926710008,0.0497,10,15
"Stouffer",-0.00303071926710008,0.046,10,15
"DPM",-0.00303071926710008,9e-04,10,15
"ORBIT_P",-0.00303071926710008,0.0476,10,15
"Fisher",-0.00254105406006589,0.0494,11,15
"Brown",-0.00254105406006589,0.0494,11,15
"Stouffer",-0.00254105406006589,0.0444,11,15
"DPM",-0.00254105406006589,7e-04,11,15
"ORBIT_P",-0.00254105406006589,0.0458,11,15
"Fisher",-0.00226061535687536,0.0473,12,15
"Brown",-0.00226061535687536,0.0473,12,15
"Stouffer",-0.00226061535687536,0.0442,12,15
"DPM",-0.00226061535687536,7e-04,12,15
"ORBIT_P",-0.00226061535687536,0.0463,12,15
"Fisher",-0.000753793224158402,0.0473,13,15
"Brown",-0.000753793224158402,0.0473,13,15
"Stouffer",-0.000753793224158402,0.0483,13,15
"DPM",-0.000753793224158402,8e-04,13,15
"ORBIT_P",-0.000753793224158402,0.0492,13,15
"Fisher",-0.000561986390909026,0.0498,14,15
"Brown",-0.000561986390909026,0.0498,14,15
"Stouffer",-0.000561986390909026,0.0488,14,15
"DPM",-0.000561986390909026,3e-04,14,15
"ORBIT_P",-0.000561986390909026,0.0484,14,15
"Fisher",-0.000649455616239385,0.0481,15,15
"Brown",-0.000649455616239385,0.0481,15,15
"Stouffer",-0.000649455616239385,0.0486,15,15
"DPM",-0.000649455616239385,0,15,15
"ORBIT_P",-0.000649455616239385,0.0489,15,15
"Fisher",-0.000735510799537817,0.049,16,15
"Brown",-0.000735510799537817,0.049,16,15
"Stouffer",-0.000735510799537817,0.0498,16,15
"DPM",-0.000735510799537817,0,16,15
"ORBIT_P",-0.000735510799537817,0.0479,16,15
"Fisher",0.000254280748448573,0.0488,17,15
"Brown",0.000254280748448573,0.0488,17,15
"Stouffer",0.000254280748448573,0.0504,17,15
"DPM",0.000254280748448573,0,17,15
"ORBIT_P",0.000254280748448573,0.0483,17,15
"Fisher",0.000673551623337106,0.0499,18,15
"Brown",0.000673551623337106,0.0499,18,15
"Stouffer",0.000673551623337106,0.0528,18,15
"DPM",0.000673551623337106,0,18,15
"ORBIT_P",0.000673551623337106,0.0497,18,15
"Fisher",0.000381760544485383,0.0497,19,15
"Brown",0.000381760544485383,0.0497,19,15
"Stouffer",0.000381760544485383,0.0534,19,15
"DPM",0.000381760544485383,0,19,15
"ORBIT_P",0.000381760544485383,0.0521,19,15
"Fisher",0.000111988515764422,0.0494,20,15
"Brown",0.000111988515764422,0.0494,20,15
"Stouffer",0.000111988515764422,0.0539,20,15
"DPM",0.000111988515764422,0,20,15
"ORBIT_P",0.000111988515764422,0.052,20,15
"Fisher",-0.00468941745269793,0.049,2,16
"Brown",-0.00468941745269793,0.049,2,16
"Stouffer",-0.00468941745269793,0.0494,2,16
"DPM",-0.00468941745269793,0.0293,2,16
"ORBIT_P",-0.00468941745269793,0.049,2,16
"Fisher",-0.0136982173496515,0.0478,3,16
"Brown",-0.0136982173496515,0.0478,3,16
"Stouffer",-0.0136982173496515,0.0451,3,16
"DPM",-0.0136982173496515,0.0162,3,16
"ORBIT_P",-0.0136982173496515,0.0468,3,16
"Fisher",-0.00980006048900908,0.0481,4,16
"Brown",-0.00980006048900908,0.0481,4,16
"Stouffer",-0.00980006048900908,0.0456,4,16
"DPM",-0.00980006048900908,0.01,4,16
"ORBIT_P",-0.00980006048900908,0.0469,4,16
"Fisher",-0.00687611313386035,0.0493,5,16
"Brown",-0.00687611313386035,0.0493,5,16
"Stouffer",-0.00687611313386035,0.0464,5,16
"DPM",-0.00687611313386035,0.0059,5,16
"ORBIT_P",-0.00687611313386035,0.0468,5,16
"Fisher",-0.00328574537745013,0.0504,6,16
"Brown",-0.00328574537745013,0.0501,6,16
"Stouffer",-0.00328574537745013,0.0472,6,16
"DPM",-0.00328574537745013,0.0052,6,16
"ORBIT_P",-0.00328574537745013,0.0502,6,16
"Fisher",-0.00146002863583261,0.0512,7,16
"Brown",-0.00146002863583261,0.0511,7,16
"Stouffer",-0.00146002863583261,0.0496,7,16
"DPM",-0.00146002863583261,0.0031,7,16
"ORBIT_P",-0.00146002863583261,0.0497,7,16
"Fisher",0.00100867749216214,0.0497,8,16
"Brown",0.00100867749216214,0.0491,8,16
"Stouffer",0.00100867749216214,0.0488,8,16
"DPM",0.00100867749216214,0.0034,8,16
"ORBIT_P",0.00100867749216214,0.0484,8,16
"Fisher",0.000275832833616045,0.049,9,16
"Brown",0.000275832833616045,0.0477,9,16
"Stouffer",0.000275832833616045,0.0482,9,16
"DPM",0.000275832833616045,0.0015,9,16
"ORBIT_P",0.000275832833616045,0.0486,9,16
"Fisher",0.00107426301304173,0.0497,10,16
"Brown",0.00107426301304173,0.0487,10,16
"Stouffer",0.00107426301304173,0.0474,10,16
"DPM",0.00107426301304173,0.0012,10,16
"ORBIT_P",0.00107426301304173,0.0481,10,16
"Fisher",0.00164402340636469,0.0507,11,16
"Brown",0.00164402340636469,0.0497,11,16
"Stouffer",0.00164402340636469,0.05,11,16
"DPM",0.00164402340636469,0.001,11,16
"ORBIT_P",0.00164402340636469,0.0472,11,16
"Fisher",0.00225973843188943,0.0492,12,16
"Brown",0.00225973843188943,0.0485,12,16
"Stouffer",0.00225973843188943,0.0521,12,16
"DPM",0.00225973843188943,0.0011,12,16
"ORBIT_P",0.00225973843188943,0.0472,12,16
"Fisher",0.000954239752967232,0.0483,13,16
"Brown",0.000954239752967232,0.0471,13,16
"Stouffer",0.000954239752967232,0.0494,13,16
"DPM",0.000954239752967232,3e-04,13,16
"ORBIT_P",0.000954239752967232,0.0481,13,16
"Fisher",0.000683119597370414,0.051,14,16
"Brown",0.000683119597370414,0.0497,14,16
"Stouffer",0.000683119597370414,0.051,14,16
"DPM",0.000683119597370414,2e-04,14,16
"ORBIT_P",0.000683119597370414,0.0511,14,16
"Fisher",0.000558709487320857,0.0499,15,16
"Brown",0.000558709487320857,0.0476,15,16
"Stouffer",0.000558709487320857,0.0476,15,16
"DPM",0.000558709487320857,2e-04,15,16
"ORBIT_P",0.000558709487320857,0.0516,15,16
"Fisher",0.0007934480371173,0.0504,16,16
"Brown",0.0007934480371173,0.0485,16,16
"Stouffer",0.0007934480371173,0.0504,16,16
"DPM",0.0007934480371173,0,16,16
"ORBIT_P",0.0007934480371173,0.0503,16,16
"Fisher",0.00105920087486804,0.0505,17,16
"Brown",0.00105920087486804,0.0484,17,16
"Stouffer",0.00105920087486804,0.0504,17,16
"DPM",0.00105920087486804,0,17,16
"ORBIT_P",0.00105920087486804,0.0499,17,16
"Fisher",5.30537137458274e-05,0.0509,18,16
"Brown",5.30537137458274e-05,0.0495,18,16
"Stouffer",5.30537137458274e-05,0.0492,18,16
"DPM",5.30537137458274e-05,0,18,16
"ORBIT_P",5.30537137458274e-05,0.0498,18,16
"Fisher",0.00038149172948015,0.0509,19,16
"Brown",0.00038149172948015,0.0481,19,16
"Stouffer",0.00038149172948015,0.0501,19,16
"DPM",0.00038149172948015,0,19,16
"ORBIT_P",0.00038149172948015,0.049,19,16
"Fisher",0.000327224339727313,0.0525,20,16
"Brown",0.000327224339727313,0.0511,20,16
"Stouffer",0.000327224339727313,0.0491,20,16
"DPM",0.000327224339727313,0,20,16
"ORBIT_P",0.000327224339727313,0.0475,20,16
"Fisher",0.00876138513766907,0.0513,2,17
"Brown",0.00876138513766907,0.0512,2,17
"Stouffer",0.00876138513766907,0.0517,2,17
"DPM",0.00876138513766907,0.0306,2,17
"ORBIT_P",0.00876138513766907,0.0499,2,17
"Fisher",0.00675416302550484,0.0502,3,17
"Brown",0.00675416302550484,0.0489,3,17
"Stouffer",0.00675416302550484,0.0507,3,17
"DPM",0.00675416302550484,0.0185,3,17
"ORBIT_P",0.00675416302550484,0.0486,3,17
"Fisher",0.00465803831624883,0.0491,4,17
"Brown",0.00465803831624883,0.049,4,17
"Stouffer",0.00465803831624883,0.0492,4,17
"DPM",0.00465803831624883,0.0114,4,17
"ORBIT_P",0.00465803831624883,0.0513,4,17
"Fisher",0.0059630320728194,0.0536,5,17
"Brown",0.0059630320728194,0.0512,5,17
"Stouffer",0.0059630320728194,0.0537,5,17
"DPM",0.0059630320728194,0.0086,5,17
"ORBIT_P",0.0059630320728194,0.0523,5,17
"Fisher",0.00497149720622259,0.0567,6,17
"Brown",0.00497149720622259,0.054,6,17
"Stouffer",0.00497149720622259,0.0559,6,17
"DPM",0.00497149720622259,0.0065,6,17
"ORBIT_P",0.00497149720622259,0.053,6,17
"Fisher",0.00233440044469512,0.056,7,17
"Brown",0.00233440044469512,0.0527,7,17
"Stouffer",0.00233440044469512,0.0533,7,17
"DPM",0.00233440044469512,0.0041,7,17
"ORBIT_P",0.00233440044469512,0.0521,7,17
"Fisher",0.000704528208837923,0.0562,8,17
"Brown",0.000704528208837923,0.0526,8,17
"Stouffer",0.000704528208837923,0.0505,8,17
"DPM",0.000704528208837923,0.0028,8,17
"ORBIT_P",0.000704528208837923,0.0531,8,17
"Fisher",0.00159646750496413,0.0549,9,17
"Brown",0.00159646750496413,0.0531,9,17
"Stouffer",0.00159646750496413,0.0549,9,17
"DPM",0.00159646750496413,0.0013,9,17
"ORBIT_P",0.00159646750496413,0.0532,9,17
"Fisher",0.00154291064810034,0.0525,10,17
"Brown",0.00154291064810034,0.0511,10,17
"Stouffer",0.00154291064810034,0.0538,10,17
"DPM",0.00154291064810034,5e-04,10,17
"ORBIT_P",0.00154291064810034,0.0541,10,17
"Fisher",0.0012989542008241,0.0521,11,17
"Brown",0.0012989542008241,0.0506,11,17
"Stouffer",0.0012989542008241,0.0544,11,17
"DPM",0.0012989542008241,5e-04,11,17
"ORBIT_P",0.0012989542008241,0.0532,11,17
"Fisher",0.0012827748307599,0.0519,12,17
"Brown",0.0012827748307599,0.0509,12,17
"Stouffer",0.0012827748307599,0.0536,12,17
"DPM",0.0012827748307599,4e-04,12,17
"ORBIT_P",0.0012827748307599,0.0536,12,17
"Fisher",0.00143669185683428,0.0527,13,17
"Brown",0.00143669185683428,0.0522,13,17
"Stouffer",0.00143669185683428,0.056,13,17
"DPM",0.00143669185683428,3e-04,13,17
"ORBIT_P",0.00143669185683428,0.0536,13,17
"Fisher",0.00125557397113525,0.0533,14,17
"Brown",0.00125557397113525,0.053,14,17
"Stouffer",0.00125557397113525,0.0549,14,17
"DPM",0.00125557397113525,2e-04,14,17
"ORBIT_P",0.00125557397113525,0.0514,14,17
"Fisher",0.00143111938400659,0.0541,15,17
"Brown",0.00143111938400659,0.0537,15,17
"Stouffer",0.00143111938400659,0.056,15,17
"DPM",0.00143111938400659,0,15,17
"ORBIT_P",0.00143111938400659,0.0523,15,17
"Fisher",0.00141189281963038,0.0516,16,17
"Brown",0.00141189281963038,0.0504,16,17
"Stouffer",0.00141189281963038,0.0557,16,17
"DPM",0.00141189281963038,1e-04,16,17
"ORBIT_P",0.00141189281963038,0.0531,16,17
"Fisher",0.00149539074411259,0.0501,17,17
"Brown",0.00149539074411259,0.0493,17,17
"Stouffer",0.00149539074411259,0.0545,17,17
"DPM",0.00149539074411259,0,17,17
"ORBIT_P",0.00149539074411259,0.0519,17,17
"Fisher",0.00130435400267246,0.0515,18,17
"Brown",0.00130435400267246,0.0506,18,17
"Stouffer",0.00130435400267246,0.0541,18,17
"DPM",0.00130435400267246,1e-04,18,17
"ORBIT_P",0.00130435400267246,0.0524,18,17
"Fisher",0.00116417638629119,0.0537,19,17
"Brown",0.00116417638629119,0.0524,19,17
"Stouffer",0.00116417638629119,0.0551,19,17
"DPM",0.00116417638629119,0,19,17
"ORBIT_P",0.00116417638629119,0.0521,19,17
"Fisher",0.000969384959374317,0.0544,20,17
"Brown",0.000969384959374317,0.0535,20,17
"Stouffer",0.000969384959374317,0.0555,20,17
"DPM",0.000969384959374317,0,20,17
"ORBIT_P",0.000969384959374317,0.053,20,17
"Fisher",-0.0251162671104682,0.0508,2,18
"Brown",-0.0251162671104682,0.0492,2,18
"Stouffer",-0.0251162671104682,0.0469,2,18
"DPM",-0.0251162671104682,0.027,2,18
"ORBIT_P",-0.0251162671104682,0.047,2,18
"Fisher",-0.00832727589457774,0.0495,3,18
"Brown",-0.00832727589457774,0.0486,3,18
"Stouffer",-0.00832727589457774,0.0497,3,18
"DPM",-0.00832727589457774,0.0181,3,18
"ORBIT_P",-0.00832727589457774,0.0482,3,18
"Fisher",-0.00443507653722889,0.0493,4,18
"Brown",-0.00443507653722889,0.0491,4,18
"Stouffer",-0.00443507653722889,0.0491,4,18
"DPM",-0.00443507653722889,0.011,4,18
"ORBIT_P",-0.00443507653722889,0.0477,4,18
"Fisher",-0.00187608369895069,0.0459,5,18
"Brown",-0.00187608369895069,0.0459,5,18
"Stouffer",-0.00187608369895069,0.0493,5,18
"DPM",-0.00187608369895069,0.007,5,18
"ORBIT_P",-0.00187608369895069,0.0512,5,18
"Fisher",-0.00232681548943348,0.0487,6,18
"Brown",-0.00232681548943348,0.0487,6,18
"Stouffer",-0.00232681548943348,0.0487,6,18
"DPM",-0.00232681548943348,0.0049,6,18
"ORBIT_P",-0.00232681548943348,0.0479,6,18
"Fisher",-0.00123374987957196,0.0491,7,18
"Brown",-0.00123374987957196,0.0491,7,18
"Stouffer",-0.00123374987957196,0.0497,7,18
"DPM",-0.00123374987957196,0.0038,7,18
"ORBIT_P",-0.00123374987957196,0.0477,7,18
"Fisher",-0.000930044211232797,0.0513,8,18
"Brown",-0.000930044211232797,0.0513,8,18
"Stouffer",-0.000930044211232797,0.0487,8,18
"DPM",-0.000930044211232797,0.0026,8,18
"ORBIT_P",-0.000930044211232797,0.0483,8,18
"Fisher",-0.00112780311675065,0.0508,9,18
"Brown",-0.00112780311675065,0.0507,9,18
"Stouffer",-0.00112780311675065,0.0483,9,18
"DPM",-0.00112780311675065,9e-04,9,18
"ORBIT_P",-0.00112780311675065,0.0497,9,18
"Fisher",-0.0012158050368786,0.0512,10,18
"Brown",-0.0012158050368786,0.051,10,18
"Stouffer",-0.0012158050368786,0.0466,10,18
"DPM",-0.0012158050368786,8e-04,10,18
"ORBIT_P",-0.0012158050368786,0.0478,10,18
"Fisher",-0.00105469403115,0.051,11,18
"Brown",-0.00105469403115,0.051,11,18
"Stouffer",-0.00105469403115,0.0452,11,18
"DPM",-0.00105469403115,4e-04,11,18
"ORBIT_P",-0.00105469403115,0.0471,11,18
"Fisher",-0.00155882028619655,0.051,12,18
"Brown",-0.00155882028619655,0.051,12,18
"Stouffer",-0.00155882028619655,0.046,12,18
"DPM",-0.00155882028619655,0,12,18
"ORBIT_P",-0.00155882028619655,0.0487,12,18
"Fisher",-0.00148693105280413,0.0494,13,18
"Brown",-0.00148693105280413,0.0494,13,18
"Stouffer",-0.00148693105280413,0.0469,13,18
"DPM",-0.00148693105280413,0,13,18
"ORBIT_P",-0.00148693105280413,0.0481,13,18
"Fisher",-0.00183672721745683,0.0481,14,18
"Brown",-0.00183672721745683,0.0481,14,18
"Stouffer",-0.00183672721745683,0.0457,14,18
"DPM",-0.00183672721745683,0,14,18
"ORBIT_P",-0.00183672721745683,0.0466,14,18
"Fisher",-0.00139208436209651,0.0472,15,18
"Brown",-0.00139208436209651,0.0472,15,18
"Stouffer",-0.00139208436209651,0.046,15,18
"DPM",-0.00139208436209651,0,15,18
"ORBIT_P",-0.00139208436209651,0.0493,15,18
"Fisher",-0.00113467380365141,0.0474,16,18
"Brown",-0.00113467380365141,0.0474,16,18
"Stouffer",-0.00113467380365141,0.0496,16,18
"DPM",-0.00113467380365141,0,16,18
"ORBIT_P",-0.00113467380365141,0.0497,16,18
"Fisher",-0.000885470030591019,0.049,17,18
"Brown",-0.000885470030591019,0.049,17,18
"Stouffer",-0.000885470030591019,0.0497,17,18
"DPM",-0.000885470030591019,0,17,18
"ORBIT_P",-0.000885470030591019,0.0488,17,18
"Fisher",-0.00102994042447027,0.0502,18,18
"Brown",-0.00102994042447027,0.0502,18,18
"Stouffer",-0.00102994042447027,0.0507,18,18
"DPM",-0.00102994042447027,0,18,18
"ORBIT_P",-0.00102994042447027,0.0492,18,18
"Fisher",-0.00111781395974184,0.0504,19,18
"Brown",-0.00111781395974184,0.0504,19,18
"Stouffer",-0.00111781395974184,0.0494,19,18
"DPM",-0.00111781395974184,0,19,18
"ORBIT_P",-0.00111781395974184,0.0488,19,18
"Fisher",-0.00111504684407981,0.0495,20,18
"Brown",-0.00111504684407981,0.0495,20,18
"Stouffer",-0.00111504684407981,0.0482,20,18
"DPM",-0.00111504684407981,0,20,18
"ORBIT_P",-0.00111504684407981,0.0468,20,18
"Fisher",0.0270612779469248,0.0481,2,19
"Brown",0.0270612779469248,0.0479,2,19
"Stouffer",0.0270612779469248,0.0542,2,19
"DPM",0.0270612779469248,0.0299,2,19
"ORBIT_P",0.0270612779469248,0.0475,2,19
"Fisher",0.0124660630928621,0.0474,3,19
"Brown",0.0124660630928621,0.0467,3,19
"Stouffer",0.0124660630928621,0.0525,3,19
"DPM",0.0124660630928621,0.0182,3,19
"ORBIT_P",0.0124660630928621,0.0505,3,19
"Fisher",0.00566597598881609,0.0473,4,19
"Brown",0.00566597598881609,0.0465,4,19
"Stouffer",0.00566597598881609,0.0516,4,19
"DPM",0.00566597598881609,0.0113,4,19
"ORBIT_P",0.00566597598881609,0.0503,4,19
"Fisher",-9.35709563366908e-05,0.0493,5,19
"Brown",-9.35709563366908e-05,0.0489,5,19
"Stouffer",-9.35709563366908e-05,0.0492,5,19
"DPM",-9.35709563366908e-05,0.0069,5,19
"ORBIT_P",-9.35709563366908e-05,0.0496,5,19
"Fisher",0.00105984958724904,0.0497,6,19
"Brown",0.00105984958724904,0.0493,6,19
"Stouffer",0.00105984958724904,0.0521,6,19
"DPM",0.00105984958724904,0.0052,6,19
"ORBIT_P",0.00105984958724904,0.0519,6,19
"Fisher",0.0015598196528142,0.049,7,19
"Brown",0.0015598196528142,0.0478,7,19
"Stouffer",0.0015598196528142,0.0503,7,19
"DPM",0.0015598196528142,0.0034,7,19
"ORBIT_P",0.0015598196528142,0.0515,7,19
"Fisher",0.00230040891804831,0.0503,8,19
"Brown",0.00230040891804831,0.0482,8,19
"Stouffer",0.00230040891804831,0.0519,8,19
"DPM",0.00230040891804831,0.0019,8,19
"ORBIT_P",0.00230040891804831,0.0514,8,19
"Fisher",0.00295370178105203,0.051,9,19
"Brown",0.00295370178105203,0.0484,9,19
"Stouffer",0.00295370178105203,0.0542,9,19
"DPM",0.00295370178105203,0.0014,9,19
"ORBIT_P",0.00295370178105203,0.0523,9,19
"Fisher",0.00212070168175649,0.0535,10,19
"Brown",0.00212070168175649,0.0503,10,19
"Stouffer",0.00212070168175649,0.0529,10,19
"DPM",0.00212070168175649,0.0015,10,19
"ORBIT_P",0.00212070168175649,0.0496,10,19
"Fisher",0.00337333944914915,0.0514,11,19
"Brown",0.00337333944914915,0.0492,11,19
"Stouffer",0.00337333944914915,0.0535,11,19
"DPM",0.00337333944914915,0.001,11,19
"ORBIT_P",0.00337333944914915,0.0502,11,19
"Fisher",0.00392052711934541,0.0526,12,19
"Brown",0.00392052711934541,0.0497,12,19
"Stouffer",0.00392052711934541,0.0572,12,19
"DPM",0.00392052711934541,8e-04,12,19
"ORBIT_P",0.00392052711934541,0.0515,12,19
"Fisher",0.0037657579121943,0.0521,13,19
"Brown",0.0037657579121943,0.0499,13,19
"Stouffer",0.0037657579121943,0.0556,13,19
"DPM",0.0037657579121943,8e-04,13,19
"ORBIT_P",0.0037657579121943,0.051,13,19
"Fisher",0.00335977865411285,0.051,14,19
"Brown",0.00335977865411285,0.0494,14,19
"Stouffer",0.00335977865411285,0.0567,14,19
"DPM",0.00335977865411285,6e-04,14,19
"ORBIT_P",0.00335977865411285,0.0505,14,19
"Fisher",0.00247918391885174,0.0513,15,19
"Brown",0.00247918391885174,0.0497,15,19
"Stouffer",0.00247918391885174,0.0574,15,19
"DPM",0.00247918391885174,5e-04,15,19
"ORBIT_P",0.00247918391885174,0.0526,15,19
"Fisher",0.00174217718768306,0.0525,16,19
"Brown",0.00174217718768306,0.0507,16,19
"Stouffer",0.00174217718768306,0.0539,16,19
"DPM",0.00174217718768306,5e-04,16,19
"ORBIT_P",0.00174217718768306,0.0507,16,19
"Fisher",0.0011625220597999,0.0512,17,19
"Brown",0.0011625220597999,0.0489,17,19
"Stouffer",0.0011625220597999,0.0543,17,19
"DPM",0.0011625220597999,1e-04,17,19
"ORBIT_P",0.0011625220597999,0.052,17,19
"Fisher",0.00124497518234715,0.0517,18,19
"Brown",0.00124497518234715,0.0502,18,19
"Stouffer",0.00124497518234715,0.0522,18,19
"DPM",0.00124497518234715,1e-04,18,19
"ORBIT_P",0.00124497518234715,0.0511,18,19
"Fisher",0.00107807925876224,0.0508,19,19
"Brown",0.00107807925876224,0.0494,19,19
"Stouffer",0.00107807925876224,0.053,19,19
"DPM",0.00107807925876224,1e-04,19,19
"ORBIT_P",0.00107807925876224,0.0519,19,19
"Fisher",0.00121359933002141,0.051,20,19
"Brown",0.00121359933002141,0.0496,20,19
"Stouffer",0.00121359933002141,0.0534,20,19
"DPM",0.00121359933002141,1e-04,20,19
"ORBIT_P",0.00121359933002141,0.0532,20,19
"Fisher",-0.00400919959991019,0.0513,2,20
"Brown",-0.00400919959991019,0.0509,2,20
"Stouffer",-0.00400919959991019,0.0528,2,20
"DPM",-0.00400919959991019,0.0305,2,20
"ORBIT_P",-0.00400919959991019,0.0522,2,20
"Fisher",0.00516169001634169,0.0516,3,20
"Brown",0.00516169001634169,0.0516,3,20
"Stouffer",0.00516169001634169,0.053,3,20
"DPM",0.00516169001634169,0.0193,3,20
"ORBIT_P",0.00516169001634169,0.0496,3,20
"Fisher",0.00450432656468304,0.0528,4,20
"Brown",0.00450432656468304,0.0524,4,20
"Stouffer",0.00450432656468304,0.0522,4,20
"DPM",0.00450432656468304,0.0143,4,20
"ORBIT_P",0.00450432656468304,0.0499,4,20
"Fisher",0.000512365640820138,0.051,5,20
"Brown",0.000512365640820138,0.051,5,20
"Stouffer",0.000512365640820138,0.0533,5,20
"DPM",0.000512365640820138,0.0094,5,20
"ORBIT_P",0.000512365640820138,0.0508,5,20
"Fisher",-0.00101323927663184,0.0507,6,20
"Brown",-0.00101323927663184,0.0507,6,20
"Stouffer",-0.00101323927663184,0.0531,6,20
"DPM",-0.00101323927663184,0.0061,6,20
"ORBIT_P",-0.00101323927663184,0.0523,6,20
"Fisher",-0.00157730248289754,0.0516,7,20
"Brown",-0.00157730248289754,0.0516,7,20
"Stouffer",-0.00157730248289754,0.0517,7,20
"DPM",-0.00157730248289754,0.0035,7,20
"ORBIT_P",-0.00157730248289754,0.0499,7,20
"Fisher",-0.00198340408761773,0.0512,8,20
"Brown",-0.00198340408761773,0.0512,8,20
"Stouffer",-0.00198340408761773,0.0479,8,20
"DPM",-0.00198340408761773,0.0019,8,20
"ORBIT_P",-0.00198340408761773,0.0491,8,20
"Fisher",-0.00121406924293876,0.0488,9,20
"Brown",-0.00121406924293876,0.0488,9,20
"Stouffer",-0.00121406924293876,0.0485,9,20
"DPM",-0.00121406924293876,6e-04,9,20
"ORBIT_P",-0.00121406924293876,0.0488,9,20
"Fisher",-0.00104474380874469,0.0497,10,20
"Brown",-0.00104474380874469,0.0497,10,20
"Stouffer",-0.00104474380874469,0.0499,10,20
"DPM",-0.00104474380874469,6e-04,10,20
"ORBIT_P",-0.00104474380874469,0.0504,10,20
"Fisher",-0.00166512655495136,0.0495,11,20
"Brown",-0.00166512655495136,0.0495,11,20
"Stouffer",-0.00166512655495136,0.0498,11,20
"DPM",-0.00166512655495136,4e-04,11,20
"ORBIT_P",-0.00166512655495136,0.0499,11,20
"Fisher",-0.00110131583693082,0.0492,12,20
"Brown",-0.00110131583693082,0.0492,12,20
"Stouffer",-0.00110131583693082,0.0486,12,20
"DPM",-0.00110131583693082,5e-04,12,20
"ORBIT_P",-0.00110131583693082,0.0473,12,20
"Fisher",-0.000457707394279683,0.0492,13,20
"Brown",-0.000457707394279683,0.049,13,20
"Stouffer",-0.000457707394279683,0.0483,13,20
"DPM",-0.000457707394279683,6e-04,13,20
"ORBIT_P",-0.000457707394279683,0.0467,13,20
"Fisher",0.000307503857170111,0.0508,14,20
"Brown",0.000307503857170111,0.0508,14,20
"Stouffer",0.000307503857170111,0.0465,14,20
"DPM",0.000307503857170111,4e-04,14,20
"ORBIT_P",0.000307503857170111,0.0478,14,20
"Fisher",0.000507086889720264,0.0524,15,20
"Brown",0.000507086889720264,0.0521,15,20
"Stouffer",0.000507086889720264,0.0472,15,20
"DPM",0.000507086889720264,3e-04,15,20
"ORBIT_P",0.000507086889720264,0.0471,15,20
"Fisher",0.0012134233343513,0.0512,16,20
"Brown",0.0012134233343513,0.0506,16,20
"Stouffer",0.0012134233343513,0.051,16,20
"DPM",0.0012134233343513,2e-04,16,20
"ORBIT_P",0.0012134233343513,0.0481,16,20
"Fisher",0.00116220185310264,0.0501,17,20
"Brown",0.00116220185310264,0.0495,17,20
"Stouffer",0.00116220185310264,0.053,17,20
"DPM",0.00116220185310264,2e-04,17,20
"ORBIT_P",0.00116220185310264,0.0494,17,20
"Fisher",0.00100344891581058,0.0494,18,20
"Brown",0.00100344891581058,0.0489,18,20
"Stouffer",0.00100344891581058,0.0537,18,20
"DPM",0.00100344891581058,2e-04,18,20
"ORBIT_P",0.00100344891581058,0.0501,18,20
"Fisher",0.000912752406178692,0.0491,19,20
"Brown",0.000912752406178692,0.049,19,20
"Stouffer",0.000912752406178692,0.0543,19,20
"DPM",0.000912752406178692,3e-04,19,20
"ORBIT_P",0.000912752406178692,0.0498,19,20
"Fisher",0.000371501722840376,0.0515,20,20
"Brown",0.000371501722840376,0.0509,20,20
"Stouffer",0.000371501722840376,0.0543,20,20
"DPM",0.000371501722840376,3e-04,20,20
"ORBIT_P",0.000371501722840376,0.0514,20,20
