"method","rho_est","fpr","rho","rep"
"Fisher",0.00739778359836341,0.0493,0,1
"Brown",0.00739778359836341,0.0493,0,1
"Stouffer",0.00739778359836341,0.0513,0,1
"DPM",0.00739778359836341,0.0301,0,1
"ORBIT_P",0.00739778359836341,0.0521,0,1
"Fisher",0.104954802661368,0.0507,0.1,1
"Brown",0.104954802661368,0.0507,0.1,1
"Stouffer",0.104954802661368,0.0636,0.1,1
"DPM",0.104954802661368,0.037,0.1,1
"ORBIT_P",0.104954802661368,0.0509,0.1,1
"Fisher",0.20326774822897,0.0535,0.2,1
"Brown",0.20326774822897,0.0506,0.2,1
"Stouffer",0.20326774822897,0.0757,0.2,1
"DPM",0.20326774822897,0.0429,0.2,1
"ORBIT_P",0.20326774822897,0.0509,0.2,1
"Fisher",0.301675567481754,0.0568,0.3,1
"Brown",0.301675567481754,0.0513,0.3,1
"Stouffer",0.301675567481754,0.0878,0.3,1
"DPM",0.301675567481754,0.0466,0.3,1
"ORBIT_P",0.301675567481754,0.0516,0.3,1
"Fisher",0.400530180756044,0.062,0.4,1
"Brown",0.400530180756044,0.0525,0.4,1
"Stouffer",0.400530180756044,0.0989,0.4,1
"DPM",0.400530180756044,0.0509,0.4,1
"ORBIT_P",0.400530180756044,0.0521,0.4,1
"Fisher",0.500931212269863,0.0659,0.5,1
"Brown",0.500931212269863,0.0535,0.5,1
"Stouffer",0.500931212269863,0.1119,0.5,1
"DPM",0.500931212269863,0.0524,0.5,1
"ORBIT_P",0.500931212269863,0.0523,0.5,1
"Fisher",0.601321860727018,0.0717,0.6,1
"Brown",0.601321860727018,0.0536,0.6,1
"Stouffer",0.601321860727018,0.123,0.6,1
"DPM",0.601321860727018,0.0535,0.6,1
"ORBIT_P",0.601321860727018,0.0528,0.6,1
"Fisher",0.701125763810648,0.0776,0.7,1
"Brown",0.701125763810648,0.0558,0.7,1
"Stouffer",0.701125763810648,0.1353,0.7,1
"DPM",0.701125763810648,0.0558,0.7,1
"ORBIT_P",0.701125763810648,0.0543,0.7,1
"Fisher",0.80088692288357,0.0843,0.8,1
"Brown",0.80088692288357,0.0571,0.8,1
"Stouffer",0.80088692288357,0.1458,0.8,1
"DPM",0.80088692288357,0.0571,0.8,1
"ORBIT_P",0.80088692288357,0.0558,0.8,1
"Fisher",0.900321463047078,0.0909,0.9,1
"Brown",0.900321463047078,0.0574,0.9,1
"Stouffer",0.900321463047078,0.159,0.9,1
"DPM",0.900321463047078,0.0574,0.9,1
"ORBIT_P",0.900321463047078,0.0567,0.9,1
"Fisher",0.0121039352520962,0.0558,0,2
"Brown",0.0121039352520962,0.0558,0,2
"Stouffer",0.0121039352520962,0.0541,0,2
"DPM",0.0121039352520962,0.0339,0,2
"ORBIT_P",0.0121039352520962,0.0538,0,2
"Fisher",0.106378753783977,0.0557,0.1,2
"Brown",0.106378753783977,0.0556,0.1,2
"Stouffer",0.106378753783977,0.0644,0.1,2
"DPM",0.106378753783977,0.0401,0.1,2
"ORBIT_P",0.106378753783977,0.0538,0.1,2
"Fisher",0.200562417331141,0.056,0.2,2
"Brown",0.200562417331141,0.0545,0.2,2
"Stouffer",0.200562417331141,0.078,0.2,2
"DPM",0.200562417331141,0.0442,0.2,2
"ORBIT_P",0.200562417331141,0.053,0.2,2
"Fisher",0.295103122102928,0.0583,0.3,2
"Brown",0.295103122102928,0.0526,0.3,2
"Stouffer",0.295103122102928,0.0908,0.3,2
"DPM",0.295103122102928,0.0468,0.3,2
"ORBIT_P",0.295103122102928,0.0524,0.3,2
"Fisher",0.390334726015455,0.0607,0.4,2
"Brown",0.390334726015455,0.0521,0.4,2
"Stouffer",0.390334726015455,0.1045,0.4,2
"DPM",0.390334726015455,0.0497,0.4,2
"ORBIT_P",0.390334726015455,0.0511,0.4,2
"Fisher",0.486605516078558,0.0656,0.5,2
"Brown",0.486605516078558,0.0517,0.5,2
"Stouffer",0.486605516078558,0.114,0.5,2
"DPM",0.486605516078558,0.0511,0.5,2
"ORBIT_P",0.486605516078558,0.051,0.5,2
"Fisher",0.584366867159458,0.0715,0.6,2
"Brown",0.584366867159458,0.0536,0.6,2
"Stouffer",0.584366867159458,0.1239,0.6,2
"DPM",0.584366867159458,0.0536,0.6,2
"ORBIT_P",0.584366867159458,0.0515,0.6,2
"Fisher",0.68455876570763,0.0784,0.7,2
"Brown",0.68455876570763,0.0529,0.7,2
"Stouffer",0.68455876570763,0.1356,0.7,2
"DPM",0.68455876570763,0.0529,0.7,2
"ORBIT_P",0.68455876570763,0.051,0.7,2
"Fisher",0.786544866498563,0.0803,0.8,2
"Brown",0.786544866498563,0.0526,0.8,2
"Stouffer",0.786544866498563,0.147,0.8,2
"DPM",0.786544866498563,0.0526,0.8,2
"ORBIT_P",0.786544866498563,0.0504,0.8,2
"Fisher",0.891959109046265,0.0876,0.9,2
"Brown",0.891959109046265,0.0523,0.9,2
"Stouffer",0.891959109046265,0.1557,0.9,2
"DPM",0.891959109046265,0.0523,0.9,2
"ORBIT_P",0.891959109046265,0.0518,0.9,2
"Fisher",-0.0108067987856722,0.0508,0,3
"Brown",-0.0108067987856722,0.0508,0,3
"Stouffer",-0.0108067987856722,0.0487,0,3
"DPM",-0.0108067987856722,0.0282,0,3
"ORBIT_P",-0.0108067987856722,0.0491,0,3
"Fisher",0.0841015867171903,0.0511,0.1,3
"Brown",0.0841015867171903,0.0511,0.1,3
"Stouffer",0.0841015867171903,0.0615,0.1,3
"DPM",0.0841015867171903,0.0344,0.1,3
"ORBIT_P",0.0841015867171903,0.0496,0.1,3
"Fisher",0.179190701417616,0.0512,0.2,3
"Brown",0.179190701417616,0.0497,0.2,3
"Stouffer",0.179190701417616,0.0749,0.2,3
"DPM",0.179190701417616,0.0391,0.2,3
"ORBIT_P",0.179190701417616,0.0484,0.2,3
"Fisher",0.275783142273475,0.0524,0.3,3
"Brown",0.275783142273475,0.0485,0.3,3
"Stouffer",0.275783142273475,0.0877,0.3,3
"DPM",0.275783142273475,0.0428,0.3,3
"ORBIT_P",0.275783142273475,0.0484,0.3,3
"Fisher",0.372833314624354,0.0564,0.4,3
"Brown",0.372833314624354,0.0499,0.4,3
"Stouffer",0.372833314624354,0.1007,0.4,3
"DPM",0.372833314624354,0.0474,0.4,3
"ORBIT_P",0.372833314624354,0.0491,0.4,3
"Fisher",0.471795305488368,0.0633,0.5,3
"Brown",0.471795305488368,0.0505,0.5,3
"Stouffer",0.471795305488368,0.1133,0.5,3
"DPM",0.471795305488368,0.0496,0.5,3
"ORBIT_P",0.471795305488368,0.0496,0.5,3
"Fisher",0.573068582177294,0.0691,0.6,3
"Brown",0.573068582177294,0.0502,0.6,3
"Stouffer",0.573068582177294,0.1256,0.6,3
"DPM",0.573068582177294,0.05,0.6,3
"ORBIT_P",0.573068582177294,0.0486,0.6,3
"Fisher",0.676470857665132,0.0756,0.7,3
"Brown",0.676470857665132,0.0515,0.7,3
"Stouffer",0.676470857665132,0.1383,0.7,3
"DPM",0.676470857665132,0.0515,0.7,3
"ORBIT_P",0.676470857665132,0.0493,0.7,3
"Fisher",0.781843605968654,0.0818,0.8,3
"Brown",0.781843605968654,0.0511,0.8,3
"Stouffer",0.781843605968654,0.1479,0.8,3
"DPM",0.781843605968654,0.0511,0.8,3
"ORBIT_P",0.781843605968654,0.0494,0.8,3
"Fisher",0.88967992414217,0.0875,0.9,3
"Brown",0.88967992414217,0.0507,0.9,3
"Stouffer",0.88967992414217,0.1592,0.9,3
"DPM",0.88967992414217,0.0507,0.9,3
"ORBIT_P",0.88967992414217,0.0494,0.9,3
"Fisher",-0.0126420827257949,0.0483,0,4
"Brown",-0.0126420827257949,0.0483,0,4
"Stouffer",-0.0126420827257949,0.0485,0,4
"DPM",-0.0126420827257949,0.0276,0,4
"ORBIT_P",-0.0126420827257949,0.048,0,4
"Fisher",0.0820226063518382,0.0491,0.1,4
"Brown",0.0820226063518382,0.0491,0.1,4
"Stouffer",0.0820226063518382,0.0607,0.1,4
"DPM",0.0820226063518382,0.0331,0.1,4
"ORBIT_P",0.0820226063518382,0.0477,0.1,4
"Fisher",0.177931735771085,0.0507,0.2,4
"Brown",0.177931735771085,0.049,0.2,4
"Stouffer",0.177931735771085,0.0746,0.2,4
"DPM",0.177931735771085,0.0384,0.2,4
"ORBIT_P",0.177931735771085,0.0476,0.2,4
"Fisher",0.275332016316929,0.0526,0.3,4
"Brown",0.275332016316929,0.0472,0.3,4
"Stouffer",0.275332016316929,0.0876,0.3,4
"DPM",0.275332016316929,0.041,0.3,4
"ORBIT_P",0.275332016316929,0.0473,0.3,4
"Fisher",0.374296421622731,0.056,0.4,4
"Brown",0.374296421622731,0.0473,0.4,4
"Stouffer",0.374296421622731,0.0983,0.4,4
"DPM",0.374296421622731,0.0442,0.4,4
"ORBIT_P",0.374296421622731,0.0465,0.4,4
"Fisher",0.474634753730403,0.0607,0.5,4
"Brown",0.474634753730403,0.0476,0.5,4
"Stouffer",0.474634753730403,0.1102,0.5,4
"DPM",0.474634753730403,0.0469,0.5,4
"ORBIT_P",0.474634753730403,0.0471,0.5,4
"Fisher",0.576698872358886,0.0681,0.6,4
"Brown",0.576698872358886,0.0481,0.6,4
"Stouffer",0.576698872358886,0.1193,0.6,4
"DPM",0.576698872358886,0.0479,0.6,4
"ORBIT_P",0.576698872358886,0.0469,0.6,4
"Fisher",0.68067308756799,0.0724,0.7,4
"Brown",0.68067308756799,0.0492,0.7,4
"Stouffer",0.68067308756799,0.1296,0.7,4
"DPM",0.68067308756799,0.0492,0.7,4
"ORBIT_P",0.68067308756799,0.0478,0.7,4
"Fisher",0.785735338233629,0.0775,0.8,4
"Brown",0.785735338233629,0.0498,0.8,4
"Stouffer",0.785735338233629,0.1412,0.8,4
"DPM",0.785735338233629,0.0498,0.8,4
"ORBIT_P",0.785735338233629,0.0484,0.8,4
"Fisher",0.891896021249712,0.0839,0.9,4
"Brown",0.891896021249712,0.0493,0.9,4
"Stouffer",0.891896021249712,0.154,0.9,4
"DPM",0.891896021249712,0.0493,0.9,4
"ORBIT_P",0.891896021249712,0.0479,0.9,4
"Fisher",-0.0104270230887995,0.0528,0,5
"Brown",-0.0104270230887995,0.0528,0,5
"Stouffer",-0.0104270230887995,0.0501,0,5
"DPM",-0.0104270230887995,0.0307,0,5
"ORBIT_P",-0.0104270230887995,0.0527,0,5
"Fisher",0.0856695763573693,0.0532,0.1,5
"Brown",0.0856695763573693,0.0532,0.1,5
"Stouffer",0.0856695763573693,0.0613,0.1,5
"DPM",0.0856695763573693,0.0372,0.1,5
"ORBIT_P",0.0856695763573693,0.0532,0.1,5
"Fisher",0.182434301415942,0.0549,0.2,5
"Brown",0.182434301415942,0.054,0.2,5
"Stouffer",0.182434301415942,0.0744,0.2,5
"DPM",0.182434301415942,0.0434,0.2,5
"ORBIT_P",0.182434301415942,0.0522,0.2,5
"Fisher",0.279802480552411,0.0579,0.3,5
"Brown",0.279802480552411,0.0532,0.3,5
"Stouffer",0.279802480552411,0.0873,0.3,5
"DPM",0.279802480552411,0.0476,0.3,5
"ORBIT_P",0.279802480552411,0.0529,0.3,5
"Fisher",0.378618335455213,0.0623,0.4,5
"Brown",0.378618335455213,0.0535,0.4,5
"Stouffer",0.378618335455213,0.0995,0.4,5
"DPM",0.378618335455213,0.0513,0.4,5
"ORBIT_P",0.378618335455213,0.0532,0.4,5
"Fisher",0.47916628824982,0.0665,0.5,5
"Brown",0.47916628824982,0.0543,0.5,5
"Stouffer",0.47916628824982,0.1112,0.5,5
"DPM",0.47916628824982,0.0537,0.5,5
"ORBIT_P",0.47916628824982,0.0535,0.5,5
"Fisher",0.581459082749035,0.0715,0.6,5
"Brown",0.581459082749035,0.0555,0.6,5
"Stouffer",0.581459082749035,0.1222,0.6,5
"DPM",0.581459082749035,0.0554,0.6,5
"ORBIT_P",0.581459082749035,0.0539,0.6,5
"Fisher",0.685218132484903,0.0788,0.7,5
"Brown",0.685218132484903,0.056,0.7,5
"Stouffer",0.685218132484903,0.1332,0.7,5
"DPM",0.685218132484903,0.056,0.7,5
"ORBIT_P",0.685218132484903,0.0541,0.7,5
"Fisher",0.790069559040078,0.0847,0.8,5
"Brown",0.790069559040078,0.0555,0.8,5
"Stouffer",0.790069559040078,0.1452,0.8,5
"DPM",0.790069559040078,0.0555,0.8,5
"ORBIT_P",0.790069559040078,0.0538,0.8,5
"Fisher",0.895070132014137,0.0898,0.9,5
"Brown",0.895070132014137,0.0561,0.9,5
"Stouffer",0.895070132014137,0.1558,0.9,5
"DPM",0.895070132014137,0.0561,0.9,5
"ORBIT_P",0.895070132014137,0.0548,0.9,5
"Fisher",-0.00831711331719482,0.0487,0,6
"Brown",-0.00831711331719482,0.0486,0,6
"Stouffer",-0.00831711331719482,0.0502,0,6
"DPM",-0.00831711331719482,0.0276,0,6
"ORBIT_P",-0.00831711331719482,0.0493,0,6
"Fisher",0.0894034817785771,0.0493,0.1,6
"Brown",0.0894034817785771,0.0488,0.1,6
"Stouffer",0.0894034817785771,0.0616,0.1,6
"DPM",0.0894034817785771,0.0339,0.1,6
"ORBIT_P",0.0894034817785771,0.0499,0.1,6
"Fisher",0.187590728050815,0.0513,0.2,6
"Brown",0.187590728050815,0.0486,0.2,6
"Stouffer",0.187590728050815,0.0724,0.2,6
"DPM",0.187590728050815,0.039,0.2,6
"ORBIT_P",0.187590728050815,0.0498,0.2,6
"Fisher",0.286336362164097,0.0545,0.3,6
"Brown",0.286336362164097,0.0486,0.3,6
"Stouffer",0.286336362164097,0.085,0.3,6
"DPM",0.286336362164097,0.0434,0.3,6
"ORBIT_P",0.286336362164097,0.0501,0.3,6
"Fisher",0.385774779215067,0.0591,0.4,6
"Brown",0.385774779215067,0.0498,0.4,6
"Stouffer",0.385774779215067,0.0983,0.4,6
"DPM",0.385774779215067,0.0476,0.4,6
"ORBIT_P",0.385774779215067,0.0501,0.4,6
"Fisher",0.485841030917821,0.0629,0.5,6
"Brown",0.485841030917821,0.0507,0.5,6
"Stouffer",0.485841030917821,0.1099,0.5,6
"DPM",0.485841030917821,0.0497,0.5,6
"ORBIT_P",0.485841030917821,0.0497,0.5,6
"Fisher",0.586733941584442,0.0683,0.6,6
"Brown",0.586733941584442,0.0518,0.6,6
"Stouffer",0.586733941584442,0.123,0.6,6
"DPM",0.586733941584442,0.0518,0.6,6
"ORBIT_P",0.586733941584442,0.0504,0.6,6
"Fisher",0.688624200732832,0.0754,0.7,6
"Brown",0.688624200732832,0.0533,0.7,6
"Stouffer",0.688624200732832,0.1336,0.7,6
"DPM",0.688624200732832,0.0533,0.7,6
"ORBIT_P",0.688624200732832,0.0506,0.7,6
"Fisher",0.791582624517737,0.0812,0.8,6
"Brown",0.791582624517737,0.0529,0.8,6
"Stouffer",0.791582624517737,0.1451,0.8,6
"DPM",0.791582624517737,0.0529,0.8,6
"ORBIT_P",0.791582624517737,0.0514,0.8,6
"Fisher",0.895475711561692,0.0892,0.9,6
"Brown",0.895475711561692,0.052,0.9,6
"Stouffer",0.895475711561692,0.1559,0.9,6
"DPM",0.895475711561692,0.052,0.9,6
"ORBIT_P",0.895475711561692,0.0513,0.9,6
"Fisher",-0.00426833024838966,0.0507,0,7
"Brown",-0.00426833024838966,0.0507,0,7
"Stouffer",-0.00426833024838966,0.0495,0,7
"DPM",-0.00426833024838966,0.0294,0,7
"ORBIT_P",-0.00426833024838966,0.0495,0,7
"Fisher",0.0921730206196831,0.0513,0.1,7
"Brown",0.0921730206196831,0.051,0.1,7
"Stouffer",0.0921730206196831,0.0612,0.1,7
"DPM",0.0921730206196831,0.0353,0.1,7
"ORBIT_P",0.0921730206196831,0.0494,0.1,7
"Fisher",0.189150088611285,0.0516,0.2,7
"Brown",0.189150088611285,0.0493,0.2,7
"Stouffer",0.189150088611285,0.0728,0.2,7
"DPM",0.189150088611285,0.0392,0.2,7
"ORBIT_P",0.189150088611285,0.0498,0.2,7
"Fisher",0.287084947745975,0.0555,0.3,7
"Brown",0.287084947745975,0.0491,0.3,7
"Stouffer",0.287084947745975,0.0869,0.3,7
"DPM",0.287084947745975,0.0436,0.3,7
"ORBIT_P",0.287084947745975,0.05,0.3,7
"Fisher",0.385693530209142,0.0587,0.4,7
"Brown",0.385693530209142,0.0499,0.4,7
"Stouffer",0.385693530209142,0.1001,0.4,7
"DPM",0.385693530209142,0.0475,0.4,7
"ORBIT_P",0.385693530209142,0.0496,0.4,7
"Fisher",0.484921649834082,0.0637,0.5,7
"Brown",0.484921649834082,0.0493,0.5,7
"Stouffer",0.484921649834082,0.1095,0.5,7
"DPM",0.484921649834082,0.0487,0.5,7
"ORBIT_P",0.484921649834082,0.0487,0.5,7
"Fisher",0.585817502336785,0.0697,0.6,7
"Brown",0.585817502336785,0.0512,0.6,7
"Stouffer",0.585817502336785,0.1207,0.6,7
"DPM",0.585817502336785,0.0512,0.6,7
"ORBIT_P",0.585817502336785,0.0497,0.6,7
"Fisher",0.687387312610916,0.0762,0.7,7
"Brown",0.687387312610916,0.0518,0.7,7
"Stouffer",0.687387312610916,0.1324,0.7,7
"DPM",0.687387312610916,0.0518,0.7,7
"ORBIT_P",0.687387312610916,0.0498,0.7,7
"Fisher",0.790648469429422,0.0828,0.8,7
"Brown",0.790648469429422,0.0525,0.8,7
"Stouffer",0.790648469429422,0.1459,0.8,7
"DPM",0.790648469429422,0.0525,0.8,7
"ORBIT_P",0.790648469429422,0.0511,0.8,7
"Fisher",0.894754975305908,0.0896,0.9,7
"Brown",0.894754975305908,0.0524,0.9,7
"Stouffer",0.894754975305908,0.1563,0.9,7
"DPM",0.894754975305908,0.0524,0.9,7
"ORBIT_P",0.894754975305908,0.0511,0.9,7
"Fisher",-0.0139489308208077,0.0531,0,8
"Brown",-0.0139489308208077,0.0531,0,8
"Stouffer",-0.0139489308208077,0.0456,0,8
"DPM",-0.0139489308208077,0.0286,0,8
"ORBIT_P",-0.0139489308208077,0.048,0,8
"Fisher",0.0826864386031275,0.0508,0.1,8
"Brown",0.0826864386031275,0.0508,0.1,8
"Stouffer",0.0826864386031275,0.0583,0.1,8
"DPM",0.0826864386031275,0.0349,0.1,8
"ORBIT_P",0.0826864386031275,0.0488,0.1,8
"Fisher",0.179839161874481,0.0497,0.2,8
"Brown",0.179839161874481,0.049,0.2,8
"Stouffer",0.179839161874481,0.0704,0.2,8
"DPM",0.179839161874481,0.0393,0.2,8
"ORBIT_P",0.179839161874481,0.0483,0.2,8
"Fisher",0.277572178130935,0.0522,0.3,8
"Brown",0.277572178130935,0.0479,0.3,8
"Stouffer",0.277572178130935,0.0837,0.3,8
"DPM",0.277572178130935,0.043,0.3,8
"ORBIT_P",0.277572178130935,0.0478,0.3,8
"Fisher",0.376702163037758,0.0557,0.4,8
"Brown",0.376702163037758,0.0481,0.4,8
"Stouffer",0.376702163037758,0.0963,0.4,8
"DPM",0.376702163037758,0.0457,0.4,8
"ORBIT_P",0.376702163037758,0.0479,0.4,8
"Fisher",0.477365331432215,0.0635,0.5,8
"Brown",0.477365331432215,0.0497,0.5,8
"Stouffer",0.477365331432215,0.1098,0.5,8
"DPM",0.477365331432215,0.0485,0.5,8
"ORBIT_P",0.477365331432215,0.048,0.5,8
"Fisher",0.580067852238996,0.0699,0.6,8
"Brown",0.580067852238996,0.0506,0.6,8
"Stouffer",0.580067852238996,0.1222,0.6,8
"DPM",0.580067852238996,0.0505,0.6,8
"ORBIT_P",0.580067852238996,0.0483,0.6,8
"Fisher",0.684039669104192,0.0751,0.7,8
"Brown",0.684039669104192,0.0524,0.7,8
"Stouffer",0.684039669104192,0.1359,0.7,8
"DPM",0.684039669104192,0.0524,0.7,8
"ORBIT_P",0.684039669104192,0.0494,0.7,8
"Fisher",0.789674390376401,0.0845,0.8,8
"Brown",0.789674390376401,0.0532,0.8,8
"Stouffer",0.789674390376401,0.1486,0.8,8
"DPM",0.789674390376401,0.0532,0.8,8
"ORBIT_P",0.789674390376401,0.0515,0.8,8
"Fisher",0.89586867127442,0.0892,0.9,8
"Brown",0.89586867127442,0.052,0.9,8
"Stouffer",0.89586867127442,0.1606,0.9,8
"DPM",0.89586867127442,0.052,0.9,8
"ORBIT_P",0.89586867127442,0.0505,0.9,8
"Fisher",0.00697822614330454,0.0476,0,9
"Brown",0.00697822614330454,0.0476,0,9
"Stouffer",0.00697822614330454,0.0499,0,9
"DPM",0.00697822614330454,0.0298,0,9
"ORBIT_P",0.00697822614330454,0.0503,0,9
"Fisher",0.101928969117951,0.0491,0.1,9
"Brown",0.101928969117951,0.0491,0.1,9
"Stouffer",0.101928969117951,0.0609,0.1,9
"DPM",0.101928969117951,0.0354,0.1,9
"ORBIT_P",0.101928969117951,0.0495,0.1,9
"Fisher",0.19666476995709,0.052,0.2,9
"Brown",0.19666476995709,0.0503,0.2,9
"Stouffer",0.19666476995709,0.0724,0.2,9
"DPM",0.19666476995709,0.0413,0.2,9
"ORBIT_P",0.19666476995709,0.0486,0.2,9
"Fisher",0.292292696302403,0.0538,0.3,9
"Brown",0.292292696302403,0.0494,0.3,9
"Stouffer",0.292292696302403,0.0832,0.3,9
"DPM",0.292292696302403,0.0447,0.3,9
"ORBIT_P",0.292292696302403,0.0487,0.3,9
"Fisher",0.388484991493147,0.0581,0.4,9
"Brown",0.388484991493147,0.0496,0.4,9
"Stouffer",0.388484991493147,0.0937,0.4,9
"DPM",0.388484991493147,0.0475,0.4,9
"ORBIT_P",0.388484991493147,0.0493,0.4,9
"Fisher",0.486113161579722,0.0613,0.5,9
"Brown",0.486113161579722,0.0494,0.5,9
"Stouffer",0.486113161579722,0.1049,0.5,9
"DPM",0.486113161579722,0.0488,0.5,9
"ORBIT_P",0.486113161579722,0.0485,0.5,9
"Fisher",0.585356707188183,0.0658,0.6,9
"Brown",0.585356707188183,0.0509,0.6,9
"Stouffer",0.585356707188183,0.1163,0.6,9
"DPM",0.585356707188183,0.0506,0.6,9
"ORBIT_P",0.585356707188183,0.0488,0.6,9
"Fisher",0.68669214371084,0.0711,0.7,9
"Brown",0.68669214371084,0.0503,0.7,9
"Stouffer",0.68669214371084,0.129,0.7,9
"DPM",0.68669214371084,0.0503,0.7,9
"ORBIT_P",0.68669214371084,0.0488,0.7,9
"Fisher",0.789419580458989,0.0777,0.8,9
"Brown",0.789419580458989,0.0487,0.8,9
"Stouffer",0.789419580458989,0.1393,0.8,9
"DPM",0.789419580458989,0.0487,0.8,9
"ORBIT_P",0.789419580458989,0.0467,0.8,9
"Fisher",0.893828718045922,0.0833,0.9,9
"Brown",0.893828718045922,0.0472,0.9,9
"Stouffer",0.893828718045922,0.1511,0.9,9
"DPM",0.893828718045922,0.0472,0.9,9
"ORBIT_P",0.893828718045922,0.0457,0.9,9
"Fisher",0.0017915260533685,0.0502,0,10
"Brown",0.0017915260533685,0.0502,0,10
"Stouffer",0.0017915260533685,0.0514,0,10
"DPM",0.0017915260533685,0.0304,0,10
"ORBIT_P",0.0017915260533685,0.0533,0,10
"Fisher",0.0990350103753887,0.0525,0.1,10
"Brown",0.0990350103753887,0.0516,0.1,10
"Stouffer",0.0990350103753887,0.0632,0.1,10
"DPM",0.0990350103753887,0.037,0.1,10
"ORBIT_P",0.0990350103753887,0.0531,0.1,10
"Fisher",0.196094301839463,0.0548,0.2,10
"Brown",0.196094301839463,0.0531,0.2,10
"Stouffer",0.196094301839463,0.0778,0.2,10
"DPM",0.196094301839463,0.0437,0.2,10
"ORBIT_P",0.196094301839463,0.0517,0.2,10
"Fisher",0.292858720998339,0.0582,0.3,10
"Brown",0.292858720998339,0.0539,0.3,10
"Stouffer",0.292858720998339,0.0898,0.3,10
"DPM",0.292858720998339,0.048,0.3,10
"ORBIT_P",0.292858720998339,0.0523,0.3,10
"Fisher",0.390049865961841,0.062,0.4,10
"Brown",0.390049865961841,0.0537,0.4,10
"Stouffer",0.390049865961841,0.1012,0.4,10
"DPM",0.390049865961841,0.051,0.4,10
"ORBIT_P",0.390049865961841,0.053,0.4,10
"Fisher",0.487415565907534,0.0658,0.5,10
"Brown",0.487415565907534,0.0539,0.5,10
"Stouffer",0.487415565907534,0.1138,0.5,10
"DPM",0.487415565907534,0.053,0.5,10
"ORBIT_P",0.487415565907534,0.0524,0.5,10
"Fisher",0.585884984425349,0.0713,0.6,10
"Brown",0.585884984425349,0.0546,0.6,10
"Stouffer",0.585884984425349,0.1223,0.6,10
"DPM",0.585884984425349,0.0546,0.6,10
"ORBIT_P",0.585884984425349,0.0535,0.6,10
"Fisher",0.68575919688649,0.0774,0.7,10
"Brown",0.68575919688649,0.0552,0.7,10
"Stouffer",0.68575919688649,0.134,0.7,10
"DPM",0.68575919688649,0.0552,0.7,10
"ORBIT_P",0.68575919688649,0.0529,0.7,10
"Fisher",0.787846210257173,0.0831,0.8,10
"Brown",0.787846210257173,0.0545,0.8,10
"Stouffer",0.787846210257173,0.142,0.8,10
"DPM",0.787846210257173,0.0545,0.8,10
"ORBIT_P",0.787846210257173,0.0525,0.8,10
"Fisher",0.892806162244229,0.088,0.9,10
"Brown",0.892806162244229,0.0536,0.9,10
"Stouffer",0.892806162244229,0.1567,0.9,10
"DPM",0.892806162244229,0.0536,0.9,10
"ORBIT_P",0.892806162244229,0.0527,0.9,10
"Fisher",-0.0226116368602795,0.0512,0,11
"Brown",-0.0226116368602795,0.0504,0,11
"Stouffer",-0.0226116368602795,0.0474,0,11
"DPM",-0.0226116368602795,0.0278,0,11
"ORBIT_P",-0.0226116368602795,0.0458,0,11
"Fisher",0.0741203907728595,0.05,0.1,11
"Brown",0.0741203907728595,0.0488,0.1,11
"Stouffer",0.0741203907728595,0.0594,0.1,11
"DPM",0.0741203907728595,0.0333,0.1,11
"ORBIT_P",0.0741203907728595,0.0486,0.1,11
"Fisher",0.172098248222883,0.0495,0.2,11
"Brown",0.172098248222883,0.0468,0.2,11
"Stouffer",0.172098248222883,0.0708,0.2,11
"DPM",0.172098248222883,0.0371,0.2,11
"ORBIT_P",0.172098248222883,0.0477,0.2,11
"Fisher",0.270208222733987,0.0505,0.3,11
"Brown",0.270208222733987,0.0463,0.3,11
"Stouffer",0.270208222733987,0.0807,0.3,11
"DPM",0.270208222733987,0.0408,0.3,11
"ORBIT_P",0.270208222733987,0.0471,0.3,11
"Fisher",0.369110263849086,0.0552,0.4,11
"Brown",0.369110263849086,0.0477,0.4,11
"Stouffer",0.369110263849086,0.0938,0.4,11
"DPM",0.369110263849086,0.0454,0.4,11
"ORBIT_P",0.369110263849086,0.048,0.4,11
"Fisher",0.469049972332314,0.0591,0.5,11
"Brown",0.469049972332314,0.0495,0.5,11
"Stouffer",0.469049972332314,0.1073,0.5,11
"DPM",0.469049972332314,0.0486,0.5,11
"ORBIT_P",0.469049972332314,0.0487,0.5,11
"Fisher",0.570861497354829,0.0646,0.6,11
"Brown",0.570861497354829,0.0493,0.6,11
"Stouffer",0.570861497354829,0.1174,0.6,11
"DPM",0.570861497354829,0.0491,0.6,11
"ORBIT_P",0.570861497354829,0.0482,0.6,11
"Fisher",0.674440659030143,0.07,0.7,11
"Brown",0.674440659030143,0.0498,0.7,11
"Stouffer",0.674440659030143,0.1287,0.7,11
"DPM",0.674440659030143,0.0498,0.7,11
"ORBIT_P",0.674440659030143,0.0487,0.7,11
"Fisher",0.780283120542269,0.0764,0.8,11
"Brown",0.780283120542269,0.0486,0.8,11
"Stouffer",0.780283120542269,0.1398,0.8,11
"DPM",0.780283120542269,0.0486,0.8,11
"ORBIT_P",0.780283120542269,0.0471,0.8,11
"Fisher",0.888791195307247,0.0832,0.9,11
"Brown",0.888791195307247,0.0484,0.9,11
"Stouffer",0.888791195307247,0.1494,0.9,11
"DPM",0.888791195307247,0.0484,0.9,11
"ORBIT_P",0.888791195307247,0.0472,0.9,11
"Fisher",-0.00754658570974214,0.0495,0,12
"Brown",-0.00754658570974214,0.0477,0,12
"Stouffer",-0.00754658570974214,0.0494,0,12
"DPM",-0.00754658570974214,0.027,0,12
"ORBIT_P",-0.00754658570974214,0.0486,0,12
"Fisher",0.0898329447337981,0.0503,0.1,12
"Brown",0.0898329447337981,0.0491,0.1,12
"Stouffer",0.0898329447337981,0.0615,0.1,12
"DPM",0.0898329447337981,0.0335,0.1,12
"ORBIT_P",0.0898329447337981,0.0497,0.1,12
"Fisher",0.18727006865687,0.052,0.2,12
"Brown",0.18727006865687,0.0487,0.2,12
"Stouffer",0.18727006865687,0.0728,0.2,12
"DPM",0.18727006865687,0.0385,0.2,12
"ORBIT_P",0.18727006865687,0.0497,0.2,12
"Fisher",0.285184653801877,0.0546,0.3,12
"Brown",0.285184653801877,0.0497,0.3,12
"Stouffer",0.285184653801877,0.0863,0.3,12
"DPM",0.285184653801877,0.044,0.3,12
"ORBIT_P",0.285184653801877,0.0496,0.3,12
"Fisher",0.383194390159856,0.0605,0.4,12
"Brown",0.383194390159856,0.0511,0.4,12
"Stouffer",0.383194390159856,0.0982,0.4,12
"DPM",0.383194390159856,0.0481,0.4,12
"ORBIT_P",0.383194390159856,0.0502,0.4,12
"Fisher",0.482010888862913,0.0647,0.5,12
"Brown",0.482010888862913,0.0518,0.5,12
"Stouffer",0.482010888862913,0.1113,0.5,12
"DPM",0.482010888862913,0.0504,0.5,12
"ORBIT_P",0.482010888862913,0.0505,0.5,12
"Fisher",0.581495627173786,0.0701,0.6,12
"Brown",0.581495627173786,0.0523,0.6,12
"Stouffer",0.581495627173786,0.1223,0.6,12
"DPM",0.581495627173786,0.0521,0.6,12
"ORBIT_P",0.581495627173786,0.0508,0.6,12
"Fisher",0.682127790131561,0.0768,0.7,12
"Brown",0.682127790131561,0.0515,0.7,12
"Stouffer",0.682127790131561,0.1337,0.7,12
"DPM",0.682127790131561,0.0515,0.7,12
"ORBIT_P",0.682127790131561,0.0493,0.7,12
"Fisher",0.784800826926041,0.0823,0.8,12
"Brown",0.784800826926041,0.0521,0.8,12
"Stouffer",0.784800826926041,0.1457,0.8,12
"DPM",0.784800826926041,0.0521,0.8,12
"ORBIT_P",0.784800826926041,0.0498,0.8,12
"Fisher",0.890023744850599,0.0886,0.9,12
"Brown",0.890023744850599,0.0508,0.9,12
"Stouffer",0.890023744850599,0.1591,0.9,12
"DPM",0.890023744850599,0.0508,0.9,12
"ORBIT_P",0.890023744850599,0.0491,0.9,12
"Fisher",0.00553132786373123,0.0536,0,13
"Brown",0.00553132786373123,0.0536,0,13
"Stouffer",0.00553132786373123,0.0529,0,13
"DPM",0.00553132786373123,0.0322,0,13
"ORBIT_P",0.00553132786373123,0.0529,0,13
"Fisher",0.101506287315577,0.0539,0.1,13
"Brown",0.101506287315577,0.0529,0.1,13
"Stouffer",0.101506287315577,0.0646,0.1,13
"DPM",0.101506287315577,0.0373,0.1,13
"ORBIT_P",0.101506287315577,0.0516,0.1,13
"Fisher",0.197544258731777,0.0545,0.2,13
"Brown",0.197544258731777,0.0526,0.2,13
"Stouffer",0.197544258731777,0.0768,0.2,13
"DPM",0.197544258731777,0.0425,0.2,13
"ORBIT_P",0.197544258731777,0.0514,0.2,13
"Fisher",0.294041097966815,0.0565,0.3,13
"Brown",0.294041097966815,0.0505,0.3,13
"Stouffer",0.294041097966815,0.0894,0.3,13
"DPM",0.294041097966815,0.0453,0.3,13
"ORBIT_P",0.294041097966815,0.051,0.3,13
"Fisher",0.391261045513444,0.0601,0.4,13
"Brown",0.391261045513444,0.0517,0.4,13
"Stouffer",0.391261045513444,0.1,0.4,13
"DPM",0.391261045513444,0.0488,0.4,13
"ORBIT_P",0.391261045513444,0.0505,0.4,13
"Fisher",0.488837675963173,0.0631,0.5,13
"Brown",0.488837675963173,0.0519,0.5,13
"Stouffer",0.488837675963173,0.1091,0.5,13
"DPM",0.488837675963173,0.0513,0.5,13
"ORBIT_P",0.488837675963173,0.0511,0.5,13
"Fisher",0.588016199111246,0.0694,0.6,13
"Brown",0.588016199111246,0.0524,0.6,13
"Stouffer",0.588016199111246,0.1188,0.6,13
"DPM",0.588016199111246,0.0522,0.6,13
"ORBIT_P",0.588016199111246,0.0508,0.6,13
"Fisher",0.688341868340261,0.0758,0.7,13
"Brown",0.688341868340261,0.0515,0.7,13
"Stouffer",0.688341868340261,0.1314,0.7,13
"DPM",0.688341868340261,0.0515,0.7,13
"ORBIT_P",0.688341868340261,0.0497,0.7,13
"Fisher",0.789723427168381,0.0819,0.8,13
"Brown",0.789723427168381,0.0506,0.8,13
"Stouffer",0.789723427168381,0.1438,0.8,13
"DPM",0.789723427168381,0.0506,0.8,13
"ORBIT_P",0.789723427168381,0.0494,0.8,13
"Fisher",0.893359459799938,0.0868,0.9,13
"Brown",0.893359459799938,0.05,0.9,13
"Stouffer",0.893359459799938,0.1559,0.9,13
"DPM",0.893359459799938,0.05,0.9,13
"ORBIT_P",0.893359459799938,0.0493,0.9,13
"Fisher",-0.00981484304602718,0.0516,0,14
"Brown",-0.00981484304602718,0.0516,0,14
"Stouffer",-0.00981484304602718,0.0514,0,14
"DPM",-0.00981484304602718,0.029,0,14
"ORBIT_P",-0.00981484304602718,0.0497,0,14
"Fisher",0.0885808799233297,0.053,0.1,14
"Brown",0.0885808799233297,0.0522,0.1,14
"Stouffer",0.0885808799233297,0.0638,0.1,14
"DPM",0.0885808799233297,0.037,0.1,14
"ORBIT_P",0.0885808799233297,0.0501,0.1,14
"Fisher",0.187359915297872,0.054,0.2,14
"Brown",0.187359915297872,0.0511,0.2,14
"Stouffer",0.187359915297872,0.0739,0.2,14
"DPM",0.187359915297872,0.041,0.2,14
"ORBIT_P",0.187359915297872,0.0502,0.2,14
"Fisher",0.286422363134567,0.0554,0.3,14
"Brown",0.286422363134567,0.0503,0.3,14
"Stouffer",0.286422363134567,0.0868,0.3,14
"DPM",0.286422363134567,0.0444,0.3,14
"ORBIT_P",0.286422363134567,0.0501,0.3,14
"Fisher",0.386136484861711,0.0589,0.4,14
"Brown",0.386136484861711,0.0499,0.4,14
"Stouffer",0.386136484861711,0.0986,0.4,14
"DPM",0.386136484861711,0.0475,0.4,14
"ORBIT_P",0.386136484861711,0.049,0.4,14
"Fisher",0.486153775903943,0.0633,0.5,14
"Brown",0.486153775903943,0.0508,0.5,14
"Stouffer",0.486153775903943,0.1131,0.5,14
"DPM",0.486153775903943,0.0499,0.5,14
"ORBIT_P",0.486153775903943,0.0495,0.5,14
"Fisher",0.587660864816362,0.0712,0.6,14
"Brown",0.587660864816362,0.0515,0.6,14
"Stouffer",0.587660864816362,0.1259,0.6,14
"DPM",0.587660864816362,0.0511,0.6,14
"ORBIT_P",0.587660864816362,0.0499,0.6,14
"Fisher",0.689331278706854,0.0778,0.7,14
"Brown",0.689331278706854,0.0518,0.7,14
"Stouffer",0.689331278706854,0.1388,0.7,14
"DPM",0.689331278706854,0.0518,0.7,14
"ORBIT_P",0.689331278706854,0.0491,0.7,14
"Fisher",0.79199177258095,0.0839,0.8,14
"Brown",0.79199177258095,0.0525,0.8,14
"Stouffer",0.79199177258095,0.1503,0.8,14
"DPM",0.79199177258095,0.0525,0.8,14
"ORBIT_P",0.79199177258095,0.0508,0.8,14
"Fisher",0.89532021265074,0.0909,0.9,14
"Brown",0.89532021265074,0.0517,0.9,14
"Stouffer",0.89532021265074,0.1599,0.9,14
"DPM",0.89532021265074,0.0517,0.9,14
"ORBIT_P",0.89532021265074,0.0505,0.9,14
"Fisher",-0.00616738497051955,0.0478,0,15
"Brown",-0.00616738497051955,0.0478,0,15
"Stouffer",-0.00616738497051955,0.0461,0,15
"DPM",-0.00616738497051955,0.0292,0,15
"ORBIT_P",-0.00616738497051955,0.0481,0,15
"Fisher",0.0914451746422612,0.049,0.1,15
"Brown",0.0914451746422612,0.049,0.1,15
"Stouffer",0.0914451746422612,0.0581,0.1,15
"DPM",0.0914451746422612,0.0354,0.1,15
"ORBIT_P",0.0914451746422612,0.0483,0.1,15
"Fisher",0.188983361666552,0.0497,0.2,15
"Brown",0.188983361666552,0.0488,0.2,15
"Stouffer",0.188983361666552,0.0688,0.2,15
"DPM",0.188983361666552,0.0395,0.2,15
"ORBIT_P",0.188983361666552,0.0475,0.2,15
"Fisher",0.286856722261233,0.0528,0.3,15
"Brown",0.286856722261233,0.0489,0.3,15
"Stouffer",0.286856722261233,0.0818,0.3,15
"DPM",0.286856722261233,0.0428,0.3,15
"ORBIT_P",0.286856722261233,0.0473,0.3,15
"Fisher",0.385464635864997,0.0561,0.4,15
"Brown",0.385464635864997,0.048,0.4,15
"Stouffer",0.385464635864997,0.095,0.4,15
"DPM",0.385464635864997,0.0454,0.4,15
"ORBIT_P",0.385464635864997,0.0466,0.4,15
"Fisher",0.484677201690423,0.0609,0.5,15
"Brown",0.484677201690423,0.0488,0.5,15
"Stouffer",0.484677201690423,0.1072,0.5,15
"DPM",0.484677201690423,0.0483,0.5,15
"ORBIT_P",0.484677201690423,0.0477,0.5,15
"Fisher",0.585106807521357,0.0686,0.6,15
"Brown",0.585106807521357,0.0489,0.6,15
"Stouffer",0.585106807521357,0.1207,0.6,15
"DPM",0.585106807521357,0.0489,0.6,15
"ORBIT_P",0.585106807521357,0.0475,0.6,15
"Fisher",0.686995100933854,0.0741,0.7,15
"Brown",0.686995100933854,0.0504,0.7,15
"Stouffer",0.686995100933854,0.135,0.7,15
"DPM",0.686995100933854,0.0504,0.7,15
"ORBIT_P",0.686995100933854,0.0478,0.7,15
"Fisher",0.790617590390552,0.0797,0.8,15
"Brown",0.790617590390552,0.0512,0.8,15
"Stouffer",0.790617590390552,0.1497,0.8,15
"DPM",0.790617590390552,0.0512,0.8,15
"ORBIT_P",0.790617590390552,0.0489,0.8,15
"Fisher",0.895297088660499,0.089,0.9,15
"Brown",0.895297088660499,0.0501,0.9,15
"Stouffer",0.895297088660499,0.1587,0.9,15
"DPM",0.895297088660499,0.0501,0.9,15
"ORBIT_P",0.895297088660499,0.0484,0.9,15
"Fisher",-0.00468941745269793,0.049,0,16
"Brown",-0.00468941745269793,0.049,0,16
"Stouffer",-0.00468941745269793,0.0494,0,16
"DPM",-0.00468941745269793,0.0293,0,16
"ORBIT_P",-0.00468941745269793,0.049,0,16
"Fisher",0.0904316003947204,0.0505,0.1,16
"Brown",0.0904316003947204,0.05,0.1,16
"Stouffer",0.0904316003947204,0.0615,0.1,16
"DPM",0.0904316003947204,0.0359,0.1,16
"ORBIT_P",0.0904316003947204,0.0495,0.1,16
"Fisher",0.186222227592527,0.0516,0.2,16
"Brown",0.186222227592527,0.0502,0.2,16
"Stouffer",0.186222227592527,0.0729,0.2,16
"DPM",0.186222227592527,0.0408,0.2,16
"ORBIT_P",0.186222227592527,0.0496,0.2,16
"Fisher",0.282655335765401,0.0547,0.3,16
"Brown",0.282655335765401,0.0492,0.3,16
"Stouffer",0.282655335765401,0.0841,0.3,16
"DPM",0.282655335765401,0.0437,0.3,16
"ORBIT_P",0.282655335765401,0.0492,0.3,16
"Fisher",0.380055611719453,0.057,0.4,16
"Brown",0.380055611719453,0.0484,0.4,16
"Stouffer",0.380055611719453,0.0953,0.4,16
"DPM",0.380055611719453,0.0464,0.4,16
"ORBIT_P",0.380055611719453,0.0481,0.4,16
"Fisher",0.478902574247562,0.0613,0.5,16
"Brown",0.478902574247562,0.0485,0.5,16
"Stouffer",0.478902574247562,0.1069,0.5,16
"DPM",0.478902574247562,0.0477,0.5,16
"ORBIT_P",0.478902574247562,0.0476,0.5,16
"Fisher",0.578948081678647,0.0662,0.6,16
"Brown",0.578948081678647,0.05,0.6,16
"Stouffer",0.578948081678647,0.1196,0.6,16
"DPM",0.578948081678647,0.0497,0.6,16
"ORBIT_P",0.578948081678647,0.0488,0.6,16
"Fisher",0.681054246116036,0.0724,0.7,16
"Brown",0.681054246116036,0.0507,0.7,16
"Stouffer",0.681054246116036,0.1299,0.7,16
"DPM",0.681054246116036,0.0506,0.7,16
"ORBIT_P",0.681054246116036,0.0495,0.7,16
"Fisher",0.785428998667123,0.0792,0.8,16
"Brown",0.785428998667123,0.0509,0.8,16
"Stouffer",0.785428998667123,0.1428,0.8,16
"DPM",0.785428998667123,0.0509,0.8,16
"ORBIT_P",0.785428998667123,0.0498,0.8,16
"Fisher",0.891728524621285,0.0845,0.9,16
"Brown",0.891728524621285,0.0514,0.9,16
"Stouffer",0.891728524621285,0.1538,0.9,16
"DPM",0.891728524621285,0.0514,0.9,16
"ORBIT_P",0.891728524621285,0.0491,0.9,16
"Fisher",0.00876138513766907,0.0513,0,17
"Brown",0.00876138513766907,0.0512,0,17
"Stouffer",0.00876138513766907,0.0517,0,17
"DPM",0.00876138513766907,0.0306,0,17
"ORBIT_P",0.00876138513766907,0.0499,0,17
"Fisher",0.103723237696293,0.0521,0.1,17
"Brown",0.103723237696293,0.0511,0.1,17
"Stouffer",0.103723237696293,0.0624,0.1,17
"DPM",0.103723237696293,0.037,0.1,17
"ORBIT_P",0.103723237696293,0.0491,0.1,17
"Fisher",0.19891553982236,0.054,0.2,17
"Brown",0.19891553982236,0.0513,0.2,17
"Stouffer",0.19891553982236,0.0738,0.2,17
"DPM",0.19891553982236,0.0418,0.2,17
"ORBIT_P",0.19891553982236,0.0504,0.2,17
"Fisher",0.294809200268367,0.0563,0.3,17
"Brown",0.294809200268367,0.0507,0.3,17
"Stouffer",0.294809200268367,0.0851,0.3,17
"DPM",0.294809200268367,0.0455,0.3,17
"ORBIT_P",0.294809200268367,0.0505,0.3,17
"Fisher",0.391332959602546,0.0603,0.4,17
"Brown",0.391332959602546,0.0516,0.4,17
"Stouffer",0.391332959602546,0.0972,0.4,17
"DPM",0.391332959602546,0.0488,0.4,17
"ORBIT_P",0.391332959602546,0.05,0.4,17
"Fisher",0.48866111488515,0.0641,0.5,17
"Brown",0.48866111488515,0.0508,0.5,17
"Stouffer",0.48866111488515,0.1092,0.5,17
"DPM",0.48866111488515,0.0497,0.5,17
"ORBIT_P",0.48866111488515,0.0498,0.5,17
"Fisher",0.587182656390887,0.0674,0.6,17
"Brown",0.587182656390887,0.0509,0.6,17
"Stouffer",0.587182656390887,0.1194,0.6,17
"DPM",0.587182656390887,0.0508,0.6,17
"ORBIT_P",0.587182656390887,0.0495,0.6,17
"Fisher",0.687018256426063,0.0732,0.7,17
"Brown",0.687018256426063,0.0516,0.7,17
"Stouffer",0.687018256426063,0.1307,0.7,17
"DPM",0.687018256426063,0.0516,0.7,17
"ORBIT_P",0.687018256426063,0.0499,0.7,17
"Fisher",0.788436433805498,0.0801,0.8,17
"Brown",0.788436433805498,0.0501,0.8,17
"Stouffer",0.788436433805498,0.1416,0.8,17
"DPM",0.788436433805498,0.0501,0.8,17
"ORBIT_P",0.788436433805498,0.0487,0.8,17
"Fisher",0.892352009831464,0.085,0.9,17
"Brown",0.892352009831464,0.0488,0.9,17
"Stouffer",0.892352009831464,0.1539,0.9,17
"DPM",0.892352009831464,0.0488,0.9,17
"ORBIT_P",0.892352009831464,0.0482,0.9,17
"Fisher",-0.0251162671104682,0.0508,0,18
"Brown",-0.0251162671104682,0.0492,0,18
"Stouffer",-0.0251162671104682,0.0469,0,18
"DPM",-0.0251162671104682,0.027,0,18
"ORBIT_P",-0.0251162671104682,0.047,0,18
"Fisher",0.0728923778288205,0.0512,0.1,18
"Brown",0.0728923778288205,0.0506,0.1,18
"Stouffer",0.0728923778288205,0.0583,0.1,18
"DPM",0.0728923778288205,0.0339,0.1,18
"ORBIT_P",0.0728923778288205,0.0497,0.1,18
"Fisher",0.17123786608513,0.0528,0.2,18
"Brown",0.17123786608513,0.0504,0.2,18
"Stouffer",0.17123786608513,0.0694,0.2,18
"DPM",0.17123786608513,0.0388,0.2,18
"ORBIT_P",0.17123786608513,0.0495,0.2,18
"Fisher",0.270094930158294,0.0544,0.3,18
"Brown",0.270094930158294,0.0478,0.3,18
"Stouffer",0.270094930158294,0.081,0.3,18
"DPM",0.270094930158294,0.0419,0.3,18
"ORBIT_P",0.270094930158294,0.0492,0.3,18
"Fisher",0.369860527666668,0.057,0.4,18
"Brown",0.369860527666668,0.0495,0.4,18
"Stouffer",0.369860527666668,0.0933,0.4,18
"DPM",0.369860527666668,0.0461,0.4,18
"ORBIT_P",0.369860527666668,0.0484,0.4,18
"Fisher",0.470322088453868,0.0596,0.5,18
"Brown",0.470322088453868,0.0487,0.5,18
"Stouffer",0.470322088453868,0.1033,0.5,18
"DPM",0.470322088453868,0.0476,0.5,18
"ORBIT_P",0.470322088453868,0.0483,0.5,18
"Fisher",0.572198516677242,0.063,0.6,18
"Brown",0.572198516677242,0.0486,0.6,18
"Stouffer",0.572198516677242,0.1165,0.6,18
"DPM",0.572198516677242,0.0483,0.6,18
"ORBIT_P",0.572198516677242,0.047,0.6,18
"Fisher",0.674825764891945,0.0686,0.7,18
"Brown",0.674825764891945,0.0484,0.7,18
"Stouffer",0.674825764891945,0.1274,0.7,18
"DPM",0.674825764891945,0.0484,0.7,18
"ORBIT_P",0.674825764891945,0.0467,0.7,18
"Fisher",0.780045081802755,0.075,0.8,18
"Brown",0.780045081802755,0.0472,0.8,18
"Stouffer",0.780045081802755,0.1407,0.8,18
"DPM",0.780045081802755,0.0472,0.8,18
"ORBIT_P",0.780045081802755,0.046,0.8,18
"Fisher",0.888278762505405,0.081,0.9,18
"Brown",0.888278762505405,0.0473,0.9,18
"Stouffer",0.888278762505405,0.1508,0.9,18
"DPM",0.888278762505405,0.0473,0.9,18
"ORBIT_P",0.888278762505405,0.0467,0.9,18
"Fisher",0.0270612779469248,0.0481,0,19
"Brown",0.0270612779469248,0.0479,0,19
"Stouffer",0.0270612779469248,0.0542,0,19
"DPM",0.0270612779469248,0.0299,0,19
"ORBIT_P",0.0270612779469248,0.0475,0,19
"Fisher",0.123919411206403,0.0505,0.1,19
"Brown",0.123919411206403,0.0484,0.1,19
"Stouffer",0.123919411206403,0.0646,0.1,19
"DPM",0.123919411206403,0.0359,0.1,19
"ORBIT_P",0.123919411206403,0.0481,0.1,19
"Fisher",0.22025715633086,0.0529,0.2,19
"Brown",0.22025715633086,0.0502,0.2,19
"Stouffer",0.22025715633086,0.0765,0.2,19
"DPM",0.22025715633086,0.0413,0.2,19
"ORBIT_P",0.22025715633086,0.0489,0.2,19
"Fisher",0.316558241633099,0.0556,0.3,19
"Brown",0.316558241633099,0.048,0.3,19
"Stouffer",0.316558241633099,0.0873,0.3,19
"DPM",0.316558241633099,0.0437,0.3,19
"ORBIT_P",0.316558241633099,0.049,0.3,19
"Fisher",0.412677200948368,0.0583,0.4,19
"Brown",0.412677200948368,0.0494,0.4,19
"Stouffer",0.412677200948368,0.0996,0.4,19
"DPM",0.412677200948368,0.0471,0.4,19
"ORBIT_P",0.412677200948368,0.0491,0.4,19
"Fisher",0.509093505894919,0.0632,0.5,19
"Brown",0.509093505894919,0.0488,0.5,19
"Stouffer",0.509093505894919,0.1094,0.5,19
"DPM",0.509093505894919,0.0482,0.5,19
"ORBIT_P",0.509093505894919,0.0482,0.5,19
"Fisher",0.60573052082747,0.0685,0.6,19
"Brown",0.60573052082747,0.0495,0.6,19
"Stouffer",0.60573052082747,0.1219,0.6,19
"DPM",0.60573052082747,0.0493,0.6,19
"ORBIT_P",0.60573052082747,0.0482,0.6,19
"Fisher",0.702645779286032,0.0759,0.7,19
"Brown",0.702645779286032,0.049,0.7,19
"Stouffer",0.702645779286032,0.1325,0.7,19
"DPM",0.702645779286032,0.049,0.7,19
"ORBIT_P",0.702645779286032,0.0474,0.7,19
"Fisher",0.79940584403402,0.0812,0.8,19
"Brown",0.79940584403402,0.0503,0.8,19
"Stouffer",0.79940584403402,0.1411,0.8,19
"DPM",0.79940584403402,0.0503,0.8,19
"ORBIT_P",0.79940584403402,0.048,0.8,19
"Fisher",0.897489297688367,0.0859,0.9,19
"Brown",0.897489297688367,0.0497,0.9,19
"Stouffer",0.897489297688367,0.1497,0.9,19
"DPM",0.897489297688367,0.0497,0.9,19
"ORBIT_P",0.897489297688367,0.0488,0.9,19
"Fisher",-0.00400919959991019,0.0513,0,20
"Brown",-0.00400919959991019,0.0509,0,20
"Stouffer",-0.00400919959991019,0.0528,0,20
"DPM",-0.00400919959991019,0.0305,0,20
"ORBIT_P",-0.00400919959991019,0.0522,0,20
"Fisher",0.091905563068866,0.0526,0.1,20
"Brown",0.091905563068866,0.0512,0.1,20
"Stouffer",0.091905563068866,0.0632,0.1,20
"DPM",0.091905563068866,0.0362,0.1,20
"ORBIT_P",0.091905563068866,0.0524,0.1,20
"Fisher",0.18841474231982,0.0544,0.2,20
"Brown",0.18841474231982,0.0524,0.2,20
"Stouffer",0.18841474231982,0.0745,0.2,20
"DPM",0.18841474231982,0.0425,0.2,20
"ORBIT_P",0.18841474231982,0.0518,0.2,20
"Fisher",0.28522280720994,0.0567,0.3,20
"Brown",0.28522280720994,0.0521,0.3,20
"Stouffer",0.28522280720994,0.0857,0.3,20
"DPM",0.28522280720994,0.0461,0.3,20
"ORBIT_P",0.28522280720994,0.0509,0.3,20
"Fisher",0.383208954257435,0.059,0.4,20
"Brown",0.383208954257435,0.0518,0.4,20
"Stouffer",0.383208954257435,0.0963,0.4,20
"DPM",0.383208954257435,0.0485,0.4,20
"ORBIT_P",0.383208954257435,0.0506,0.4,20
"Fisher",0.481801050392848,0.0629,0.5,20
"Brown",0.481801050392848,0.0498,0.5,20
"Stouffer",0.481801050392848,0.1078,0.5,20
"DPM",0.481801050392848,0.049,0.5,20
"ORBIT_P",0.481801050392848,0.0492,0.5,20
"Fisher",0.581331218137012,0.0691,0.6,20
"Brown",0.581331218137012,0.051,0.6,20
"Stouffer",0.581331218137012,0.1211,0.6,20
"DPM",0.581331218137012,0.0507,0.6,20
"ORBIT_P",0.581331218137012,0.0488,0.6,20
"Fisher",0.681804399480072,0.0749,0.7,20
"Brown",0.681804399480072,0.0505,0.7,20
"Stouffer",0.681804399480072,0.1301,0.7,20
"DPM",0.681804399480072,0.0505,0.7,20
"ORBIT_P",0.681804399480072,0.0481,0.7,20
"Fisher",0.785196475512457,0.0791,0.8,20
"Brown",0.785196475512457,0.0509,0.8,20
"Stouffer",0.785196475512457,0.1398,0.8,20
"DPM",0.785196475512457,0.0509,0.8,20
"ORBIT_P",0.785196475512457,0.0487,0.8,20
"Fisher",0.890637359091152,0.0835,0.9,20
"Brown",0.890637359091152,0.0491,0.9,20
"Stouffer",0.890637359091152,0.1519,0.9,20
"DPM",0.890637359091152,0.0491,0.9,20
"ORBIT_P",0.890637359091152,0.048,0.9,20
