"method","rho_est","fpr","na_rate","rep"
"Fisher",0.00739778359836341,0.0493,0,1
"Brown",0.00739778359836341,0.0493,0,1
"Stouffer",0.00739778359836341,0.0513,0,1
"DPM",0.00739778359836341,0.0301,0,1
"ORBIT_P",0.00739778359836341,0.0521,0,1
"Fisher",0.00677694409417855,0.0484,0.1,1
"Brown",0.00677694409417855,0.0452,0.1,1
"Stouffer",0.00677694409417855,0.0476,0.1,1
"DPM",0.00677694409417855,0.0285,0.1,1
"ORBIT_P",0.00677694409417855,0.0514,0.1,1
"Fisher",0.00596792309511801,0.0482,0.2,1
"Brown",0.00596792309511801,0.0418,0.2,1
"Stouffer",0.00596792309511801,0.0427,0.2,1
"DPM",0.00596792309511801,0.0263,0.2,1
"ORBIT_P",0.00596792309511801,0.0502,0.2,1
"Fisher",0.00411150730453712,0.0482,0.3,1
"Brown",0.00411150730453712,0.0379,0.3,1
"Stouffer",0.00411150730453712,0.0378,0.3,1
"DPM",0.00411150730453712,0.0242,0.3,1
"ORBIT_P",0.00411150730453712,0.0496,0.3,1
"Fisher",0.00870333956061605,0.0495,0.4,1
"Brown",0.00870333956061605,0.0332,0.4,1
"Stouffer",0.00870333956061605,0.0326,0.4,1
"DPM",0.00870333956061605,0.0222,0.4,1
"ORBIT_P",0.00870333956061605,0.0508,0.4,1
"Fisher",0.00544323469840297,0.0494,0.5,1
"Brown",0.00544323469840297,0.0293,0.5,1
"Stouffer",0.00544323469840297,0.0283,0.5,1
"DPM",0.00544323469840297,0.0202,0.5,1
"ORBIT_P",0.00544323469840297,0.051,0.5,1
"Fisher",0.0124370694054283,0.0497,0.6,1
"Brown",0.0124370694054283,0.026,0.6,1
"Stouffer",0.0124370694054283,0.0242,0.6,1
"DPM",0.0124370694054283,0.0185,0.6,1
"ORBIT_P",0.0124370694054283,0.0503,0.6,1
"Fisher",-0.000446584818706868,0.048,0.7,1
"Brown",-0.000446584818706868,0.0204,0.7,1
"Stouffer",-0.000446584818706868,0.0186,0.7,1
"DPM",-0.000446584818706868,0.0151,0.7,1
"ORBIT_P",-0.000446584818706868,0.0496,0.7,1
"Fisher",0.00510619553194474,0.0475,0.8,1
"Brown",0.00510619553194474,0.0162,0.8,1
"Stouffer",0.00510619553194474,0.0137,0.8,1
"DPM",0.00510619553194474,0.0126,0.8,1
"ORBIT_P",0.00510619553194474,0.0481,0.8,1
"Fisher",0.0241053164615576,0.0469,0.9,1
"Brown",0.0241053164615576,0.0116,0.9,1
"Stouffer",0.0241053164615576,0.0096,0.9,1
"DPM",0.0241053164615576,0.0101,0.9,1
"ORBIT_P",0.0241053164615576,0.0471,0.9,1
"Fisher",0.0121039352520962,0.0558,0,2
"Brown",0.0121039352520962,0.0558,0,2
"Stouffer",0.0121039352520962,0.0541,0,2
"DPM",0.0121039352520962,0.0339,0,2
"ORBIT_P",0.0121039352520962,0.0538,0,2
"Fisher",0.0149331545759629,0.0543,0.1,2
"Brown",0.0149331545759629,0.0512,0.1,2
"Stouffer",0.0149331545759629,0.0497,0.1,2
"DPM",0.0149331545759629,0.0316,0.1,2
"ORBIT_P",0.0149331545759629,0.0523,0.1,2
"Fisher",0.011297324218114,0.0534,0.2,2
"Brown",0.011297324218114,0.0472,0.2,2
"Stouffer",0.011297324218114,0.0449,0.2,2
"DPM",0.011297324218114,0.0297,0.2,2
"ORBIT_P",0.011297324218114,0.0512,0.2,2
"Fisher",0.0142039921422827,0.0533,0.3,2
"Brown",0.0142039921422827,0.0424,0.3,2
"Stouffer",0.0142039921422827,0.0399,0.3,2
"DPM",0.0142039921422827,0.0274,0.3,2
"ORBIT_P",0.0142039921422827,0.0511,0.3,2
"Fisher",0.0105598722456654,0.0525,0.4,2
"Brown",0.0105598722456654,0.0378,0.4,2
"Stouffer",0.0105598722456654,0.0349,0.4,2
"DPM",0.0105598722456654,0.025,0.4,2
"ORBIT_P",0.0105598722456654,0.0514,0.4,2
"Fisher",0.0130027207689049,0.0514,0.5,2
"Brown",0.0130027207689049,0.0332,0.5,2
"Stouffer",0.0130027207689049,0.0307,0.5,2
"DPM",0.0130027207689049,0.0223,0.5,2
"ORBIT_P",0.0130027207689049,0.0508,0.5,2
"Fisher",-0.00221345688875415,0.0508,0.6,2
"Brown",-0.00221345688875415,0.0286,0.6,2
"Stouffer",-0.00221345688875415,0.0251,0.6,2
"DPM",-0.00221345688875415,0.0199,0.6,2
"ORBIT_P",-0.00221345688875415,0.0501,0.6,2
"Fisher",-0.0070376518378482,0.0506,0.7,2
"Brown",-0.0070376518378482,0.0239,0.7,2
"Stouffer",-0.0070376518378482,0.0204,0.7,2
"DPM",-0.0070376518378482,0.0175,0.7,2
"ORBIT_P",-0.0070376518378482,0.0499,0.7,2
"Fisher",-0.0240776641927817,0.0508,0.8,2
"Brown",-0.0240776641927817,0.0199,0.8,2
"Stouffer",-0.0240776641927817,0.0153,0.8,2
"DPM",-0.0240776641927817,0.0154,0.8,2
"ORBIT_P",-0.0240776641927817,0.0494,0.8,2
"Fisher",-0.0440933355473851,0.0514,0.9,2
"Brown",-0.0440933355473851,0.0157,0.9,2
"Stouffer",-0.0440933355473851,0.0113,0.9,2
"DPM",-0.0440933355473851,0.0131,0.9,2
"ORBIT_P",-0.0440933355473851,0.0499,0.9,2
"Fisher",-0.0108067987856722,0.0508,0,3
"Brown",-0.0108067987856722,0.0508,0,3
"Stouffer",-0.0108067987856722,0.0487,0,3
"DPM",-0.0108067987856722,0.0282,0,3
"ORBIT_P",-0.0108067987856722,0.0491,0,3
"Fisher",-0.0125273797579775,0.051,0.1,3
"Brown",-0.0125273797579775,0.0456,0.1,3
"Stouffer",-0.0125273797579775,0.0439,0.1,3
"DPM",-0.0125273797579775,0.0255,0.1,3
"ORBIT_P",-0.0125273797579775,0.0497,0.1,3
"Fisher",-0.0200554705858572,0.051,0.2,3
"Brown",-0.0200554705858572,0.0418,0.2,3
"Stouffer",-0.0200554705858572,0.04,0.2,3
"DPM",-0.0200554705858572,0.0235,0.2,3
"ORBIT_P",-0.0200554705858572,0.0492,0.2,3
"Fisher",-0.0266627477959479,0.0515,0.3,3
"Brown",-0.0266627477959479,0.038,0.3,3
"Stouffer",-0.0266627477959479,0.0351,0.3,3
"DPM",-0.0266627477959479,0.0216,0.3,3
"ORBIT_P",-0.0266627477959479,0.0489,0.3,3
"Fisher",-0.022994171250213,0.0516,0.4,3
"Brown",-0.022994171250213,0.0334,0.4,3
"Stouffer",-0.022994171250213,0.0316,0.4,3
"DPM",-0.022994171250213,0.02,0.4,3
"ORBIT_P",-0.022994171250213,0.0499,0.4,3
"Fisher",-0.0232881121740181,0.0514,0.5,3
"Brown",-0.0232881121740181,0.0288,0.5,3
"Stouffer",-0.0232881121740181,0.027,0.5,3
"DPM",-0.0232881121740181,0.0182,0.5,3
"ORBIT_P",-0.0232881121740181,0.0494,0.5,3
"Fisher",-0.0313358194536444,0.0515,0.6,3
"Brown",-0.0313358194536444,0.0253,0.6,3
"Stouffer",-0.0313358194536444,0.0225,0.6,3
"DPM",-0.0313358194536444,0.0163,0.6,3
"ORBIT_P",-0.0313358194536444,0.0486,0.6,3
"Fisher",-0.0344362130715715,0.0518,0.7,3
"Brown",-0.0344362130715715,0.0208,0.7,3
"Stouffer",-0.0344362130715715,0.0179,0.7,3
"DPM",-0.0344362130715715,0.0144,0.7,3
"ORBIT_P",-0.0344362130715715,0.0498,0.7,3
"Fisher",-0.0480217506141284,0.0524,0.8,3
"Brown",-0.0480217506141284,0.017,0.8,3
"Stouffer",-0.0480217506141284,0.014,0.8,3
"DPM",-0.0480217506141284,0.0121,0.8,3
"ORBIT_P",-0.0480217506141284,0.0505,0.8,3
"Fisher",-0.0546081846080847,0.0529,0.9,3
"Brown",-0.0546081846080847,0.0132,0.9,3
"Stouffer",-0.0546081846080847,0.0102,0.9,3
"DPM",-0.0546081846080847,0.0102,0.9,3
"ORBIT_P",-0.0546081846080847,0.0518,0.9,3
"Fisher",-0.0126420827257949,0.0483,0,4
"Brown",-0.0126420827257949,0.0483,0,4
"Stouffer",-0.0126420827257949,0.0485,0,4
"DPM",-0.0126420827257949,0.0276,0,4
"ORBIT_P",-0.0126420827257949,0.048,0,4
"Fisher",-0.00541839766350652,0.0477,0.1,4
"Brown",-0.00541839766350652,0.0438,0.1,4
"Stouffer",-0.00541839766350652,0.0447,0.1,4
"DPM",-0.00541839766350652,0.026,0.1,4
"ORBIT_P",-0.00541839766350652,0.0486,0.1,4
"Fisher",-0.0091189865376994,0.0484,0.2,4
"Brown",-0.0091189865376994,0.0402,0.2,4
"Stouffer",-0.0091189865376994,0.0399,0.2,4
"DPM",-0.0091189865376994,0.0245,0.2,4
"ORBIT_P",-0.0091189865376994,0.0491,0.2,4
"Fisher",-0.00985519477882912,0.0496,0.3,4
"Brown",-0.00985519477882912,0.0369,0.3,4
"Stouffer",-0.00985519477882912,0.035,0.3,4
"DPM",-0.00985519477882912,0.0227,0.3,4
"ORBIT_P",-0.00985519477882912,0.0495,0.3,4
"Fisher",-0.00356173532525982,0.0506,0.4,4
"Brown",-0.00356173532525982,0.0321,0.4,4
"Stouffer",-0.00356173532525982,0.0309,0.4,4
"DPM",-0.00356173532525982,0.0203,0.4,4
"ORBIT_P",-0.00356173532525982,0.0507,0.4,4
"Fisher",-0.00831283017612485,0.05,0.5,4
"Brown",-0.00831283017612485,0.028,0.5,4
"Stouffer",-0.00831283017612485,0.0266,0.5,4
"DPM",-0.00831283017612485,0.018,0.5,4
"ORBIT_P",-0.00831283017612485,0.0503,0.5,4
"Fisher",0.00139828917301023,0.0506,0.6,4
"Brown",0.00139828917301023,0.0238,0.6,4
"Stouffer",0.00139828917301023,0.0228,0.6,4
"DPM",0.00139828917301023,0.0162,0.6,4
"ORBIT_P",0.00139828917301023,0.051,0.6,4
"Fisher",-0.0131552978507577,0.0522,0.7,4
"Brown",-0.0131552978507577,0.0205,0.7,4
"Stouffer",-0.0131552978507577,0.0179,0.7,4
"DPM",-0.0131552978507577,0.0137,0.7,4
"ORBIT_P",-0.0131552978507577,0.0512,0.7,4
"Fisher",-0.00904386889799392,0.0525,0.8,4
"Brown",-0.00904386889799392,0.0171,0.8,4
"Stouffer",-0.00904386889799392,0.0139,0.8,4
"DPM",-0.00904386889799392,0.0125,0.8,4
"ORBIT_P",-0.00904386889799392,0.0517,0.8,4
"Fisher",-0.0183860336034938,0.0536,0.9,4
"Brown",-0.0183860336034938,0.0137,0.9,4
"Stouffer",-0.0183860336034938,0.0105,0.9,4
"DPM",-0.0183860336034938,0.0109,0.9,4
"ORBIT_P",-0.0183860336034938,0.0526,0.9,4
"Fisher",-0.0104270230887995,0.0528,0,5
"Brown",-0.0104270230887995,0.0528,0,5
"Stouffer",-0.0104270230887995,0.0501,0,5
"DPM",-0.0104270230887995,0.0307,0,5
"ORBIT_P",-0.0104270230887995,0.0527,0,5
"Fisher",-0.0146250440010538,0.0539,0.1,5
"Brown",-0.0146250440010538,0.0491,0.1,5
"Stouffer",-0.0146250440010538,0.0456,0.1,5
"DPM",-0.0146250440010538,0.0288,0.1,5
"ORBIT_P",-0.0146250440010538,0.0532,0.1,5
"Fisher",-0.0134063441110452,0.0526,0.2,5
"Brown",-0.0134063441110452,0.0439,0.2,5
"Stouffer",-0.0134063441110452,0.0401,0.2,5
"DPM",-0.0134063441110452,0.0259,0.2,5
"ORBIT_P",-0.0134063441110452,0.052,0.2,5
"Fisher",-0.0160406825747722,0.0521,0.3,5
"Brown",-0.0160406825747722,0.0394,0.3,5
"Stouffer",-0.0160406825747722,0.0362,0.3,5
"DPM",-0.0160406825747722,0.0235,0.3,5
"ORBIT_P",-0.0160406825747722,0.0525,0.3,5
"Fisher",-0.0147757652906837,0.0521,0.4,5
"Brown",-0.0147757652906837,0.0346,0.4,5
"Stouffer",-0.0147757652906837,0.0313,0.4,5
"DPM",-0.0147757652906837,0.0216,0.4,5
"ORBIT_P",-0.0147757652906837,0.0525,0.4,5
"Fisher",-0.00983721823721733,0.0525,0.5,5
"Brown",-0.00983721823721733,0.0316,0.5,5
"Stouffer",-0.00983721823721733,0.028,0.5,5
"DPM",-0.00983721823721733,0.0201,0.5,5
"ORBIT_P",-0.00983721823721733,0.0528,0.5,5
"Fisher",-0.0214108929238898,0.0519,0.6,5
"Brown",-0.0214108929238898,0.0264,0.6,5
"Stouffer",-0.0214108929238898,0.0221,0.6,5
"DPM",-0.0214108929238898,0.0168,0.6,5
"ORBIT_P",-0.0214108929238898,0.0517,0.6,5
"Fisher",-0.0207984878702304,0.0519,0.7,5
"Brown",-0.0207984878702304,0.0221,0.7,5
"Stouffer",-0.0207984878702304,0.0176,0.7,5
"DPM",-0.0207984878702304,0.0148,0.7,5
"ORBIT_P",-0.0207984878702304,0.0521,0.7,5
"Fisher",-0.0300646991784346,0.0513,0.8,5
"Brown",-0.0300646991784346,0.0175,0.8,5
"Stouffer",-0.0300646991784346,0.0131,0.8,5
"DPM",-0.0300646991784346,0.0128,0.8,5
"ORBIT_P",-0.0300646991784346,0.0512,0.8,5
"Fisher",-0.0660612130048827,0.0521,0.9,5
"Brown",-0.0660612130048827,0.0133,0.9,5
"Stouffer",-0.0660612130048827,0.009,0.9,5
"DPM",-0.0660612130048827,0.0108,0.9,5
"ORBIT_P",-0.0660612130048827,0.0511,0.9,5
"Fisher",-0.00831711331719482,0.0487,0,6
"Brown",-0.00831711331719482,0.0486,0,6
"Stouffer",-0.00831711331719482,0.0502,0,6
"DPM",-0.00831711331719482,0.0276,0,6
"ORBIT_P",-0.00831711331719482,0.0493,0,6
"Fisher",-0.00924959028292015,0.0494,0.1,6
"Brown",-0.00924959028292015,0.0445,0.1,6
"Stouffer",-0.00924959028292015,0.0453,0.1,6
"DPM",-0.00924959028292015,0.0255,0.1,6
"ORBIT_P",-0.00924959028292015,0.0501,0.1,6
"Fisher",-0.00315648240772529,0.0494,0.2,6
"Brown",-0.00315648240772529,0.0399,0.2,6
"Stouffer",-0.00315648240772529,0.0409,0.2,6
"DPM",-0.00315648240772529,0.0232,0.2,6
"ORBIT_P",-0.00315648240772529,0.0504,0.2,6
"Fisher",-0.000348870350303832,0.0493,0.3,6
"Brown",-0.000348870350303832,0.0357,0.3,6
"Stouffer",-0.000348870350303832,0.0375,0.3,6
"DPM",-0.000348870350303832,0.0214,0.3,6
"ORBIT_P",-0.000348870350303832,0.0511,0.3,6
"Fisher",-0.0109524158052632,0.0503,0.4,6
"Brown",-0.0109524158052632,0.0323,0.4,6
"Stouffer",-0.0109524158052632,0.0325,0.4,6
"DPM",-0.0109524158052632,0.019,0.4,6
"ORBIT_P",-0.0109524158052632,0.0511,0.4,6
"Fisher",-0.0126696862968489,0.0508,0.5,6
"Brown",-0.0126696862968489,0.0283,0.5,6
"Stouffer",-0.0126696862968489,0.0281,0.5,6
"DPM",-0.0126696862968489,0.0175,0.5,6
"ORBIT_P",-0.0126696862968489,0.0517,0.5,6
"Fisher",-0.0228344333383246,0.0508,0.6,6
"Brown",-0.0228344333383246,0.0245,0.6,6
"Stouffer",-0.0228344333383246,0.0235,0.6,6
"DPM",-0.0228344333383246,0.0149,0.6,6
"ORBIT_P",-0.0228344333383246,0.0508,0.6,6
"Fisher",-0.0203489447944125,0.05,0.7,6
"Brown",-0.0203489447944125,0.0197,0.7,6
"Stouffer",-0.0203489447944125,0.0183,0.7,6
"DPM",-0.0203489447944125,0.0128,0.7,6
"ORBIT_P",-0.0203489447944125,0.05,0.7,6
"Fisher",-0.0122395304417468,0.0511,0.8,6
"Brown",-0.0122395304417468,0.0164,0.8,6
"Stouffer",-0.0122395304417468,0.0146,0.8,6
"DPM",-0.0122395304417468,0.0112,0.8,6
"ORBIT_P",-0.0122395304417468,0.0504,0.8,6
"Fisher",-0.0226817671312386,0.0508,0.9,6
"Brown",-0.0226817671312386,0.0115,0.9,6
"Stouffer",-0.0226817671312386,0.0096,0.9,6
"DPM",-0.0226817671312386,0.0086,0.9,6
"ORBIT_P",-0.0226817671312386,0.0501,0.9,6
"Fisher",-0.00426833024838966,0.0507,0,7
"Brown",-0.00426833024838966,0.0507,0,7
"Stouffer",-0.00426833024838966,0.0495,0,7
"DPM",-0.00426833024838966,0.0294,0,7
"ORBIT_P",-0.00426833024838966,0.0495,0,7
"Fisher",-0.00491132768827782,0.051,0.1,7
"Brown",-0.00491132768827782,0.0465,0.1,7
"Stouffer",-0.00491132768827782,0.0447,0.1,7
"DPM",-0.00491132768827782,0.0275,0.1,7
"ORBIT_P",-0.00491132768827782,0.0498,0.1,7
"Fisher",-0.00712500462066728,0.053,0.2,7
"Brown",-0.00712500462066728,0.0441,0.2,7
"Stouffer",-0.00712500462066728,0.0412,0.2,7
"DPM",-0.00712500462066728,0.027,0.2,7
"ORBIT_P",-0.00712500462066728,0.0517,0.2,7
"Fisher",-0.00106669213090605,0.0524,0.3,7
"Brown",-0.00106669213090605,0.0393,0.3,7
"Stouffer",-0.00106669213090605,0.0377,0.3,7
"DPM",-0.00106669213090605,0.0245,0.3,7
"ORBIT_P",-0.00106669213090605,0.0517,0.3,7
"Fisher",-5.17184071497912e-05,0.0531,0.4,7
"Brown",-5.17184071497912e-05,0.0363,0.4,7
"Stouffer",-5.17184071497912e-05,0.0341,0.4,7
"DPM",-5.17184071497912e-05,0.0232,0.4,7
"ORBIT_P",-5.17184071497912e-05,0.0522,0.4,7
"Fisher",-0.0031827349409996,0.053,0.5,7
"Brown",-0.0031827349409996,0.0316,0.5,7
"Stouffer",-0.0031827349409996,0.0286,0.5,7
"DPM",-0.0031827349409996,0.0202,0.5,7
"ORBIT_P",-0.0031827349409996,0.0524,0.5,7
"Fisher",0.00201975021410588,0.053,0.6,7
"Brown",0.00201975021410588,0.0275,0.6,7
"Stouffer",0.00201975021410588,0.0246,0.6,7
"DPM",0.00201975021410588,0.0179,0.6,7
"ORBIT_P",0.00201975021410588,0.0526,0.6,7
"Fisher",-0.00540187326373972,0.0535,0.7,7
"Brown",-0.00540187326373972,0.0233,0.7,7
"Stouffer",-0.00540187326373972,0.0202,0.7,7
"DPM",-0.00540187326373972,0.0161,0.7,7
"ORBIT_P",-0.00540187326373972,0.0532,0.7,7
"Fisher",0.000973909372069739,0.0539,0.8,7
"Brown",0.000973909372069739,0.0189,0.8,7
"Stouffer",0.000973909372069739,0.0163,0.8,7
"DPM",0.000973909372069739,0.014,0.8,7
"ORBIT_P",0.000973909372069739,0.0537,0.8,7
"Fisher",0.0121772136342848,0.0527,0.9,7
"Brown",0.0121772136342848,0.014,0.9,7
"Stouffer",0.0121772136342848,0.0116,0.9,7
"DPM",0.0121772136342848,0.0116,0.9,7
"ORBIT_P",0.0121772136342848,0.0529,0.9,7
"Fisher",-0.0139489308208077,0.0531,0,8
"Brown",-0.0139489308208077,0.0531,0,8
"Stouffer",-0.0139489308208077,0.0456,0,8
"DPM",-0.0139489308208077,0.0286,0,8
"ORBIT_P",-0.0139489308208077,0.048,0,8
"Fisher",-0.015521413745649,0.0521,0.1,8
"Brown",-0.015521413745649,0.0485,0.1,8
"Stouffer",-0.015521413745649,0.0414,0.1,8
"DPM",-0.015521413745649,0.0264,0.1,8
"ORBIT_P",-0.015521413745649,0.0476,0.1,8
"Fisher",-0.0198791174298394,0.052,0.2,8
"Brown",-0.0198791174298394,0.0438,0.2,8
"Stouffer",-0.0198791174298394,0.0359,0.2,8
"DPM",-0.0198791174298394,0.0241,0.2,8
"ORBIT_P",-0.0198791174298394,0.0477,0.2,8
"Fisher",-0.0202894899129015,0.0513,0.3,8
"Brown",-0.0202894899129015,0.0399,0.3,8
"Stouffer",-0.0202894899129015,0.0326,0.3,8
"DPM",-0.0202894899129015,0.0224,0.3,8
"ORBIT_P",-0.0202894899129015,0.048,0.3,8
"Fisher",-0.0246537448965438,0.0511,0.4,8
"Brown",-0.0246537448965438,0.0361,0.4,8
"Stouffer",-0.0246537448965438,0.0289,0.4,8
"DPM",-0.0246537448965438,0.0207,0.4,8
"ORBIT_P",-0.0246537448965438,0.048,0.4,8
"Fisher",-0.0190919461366729,0.0503,0.5,8
"Brown",-0.0190919461366729,0.031,0.5,8
"Stouffer",-0.0190919461366729,0.0252,0.5,8
"DPM",-0.0190919461366729,0.0186,0.5,8
"ORBIT_P",-0.0190919461366729,0.0484,0.5,8
"Fisher",-0.0155716926800141,0.0512,0.6,8
"Brown",-0.0155716926800141,0.0266,0.6,8
"Stouffer",-0.0155716926800141,0.0214,0.6,8
"DPM",-0.0155716926800141,0.0172,0.6,8
"ORBIT_P",-0.0155716926800141,0.0501,0.6,8
"Fisher",-0.0223584831094737,0.0505,0.7,8
"Brown",-0.0223584831094737,0.0221,0.7,8
"Stouffer",-0.0223584831094737,0.0172,0.7,8
"DPM",-0.0223584831094737,0.0148,0.7,8
"ORBIT_P",-0.0223584831094737,0.0492,0.7,8
"Fisher",-0.006041398442618,0.05,0.8,8
"Brown",-0.006041398442618,0.0171,0.8,8
"Stouffer",-0.006041398442618,0.0133,0.8,8
"DPM",-0.006041398442618,0.0127,0.8,8
"ORBIT_P",-0.006041398442618,0.0498,0.8,8
"Fisher",-0.0104906239161303,0.0501,0.9,8
"Brown",-0.0104906239161303,0.0135,0.9,8
"Stouffer",-0.0104906239161303,0.0099,0.9,8
"DPM",-0.0104906239161303,0.0113,0.9,8
"ORBIT_P",-0.0104906239161303,0.0505,0.9,8
"Fisher",0.00697822614330454,0.0476,0,9
"Brown",0.00697822614330454,0.0476,0,9
"Stouffer",0.00697822614330454,0.0499,0,9
"DPM",0.00697822614330454,0.0298,0,9
"ORBIT_P",0.00697822614330454,0.0503,0,9
"Fisher",0.000381957640203763,0.0476,0.1,9
"Brown",0.000381957640203763,0.0436,0.1,9
"Stouffer",0.000381957640203763,0.045,0.1,9
"DPM",0.000381957640203763,0.0272,0.1,9
"ORBIT_P",0.000381957640203763,0.0506,0.1,9
"Fisher",0.00301902920034815,0.0476,0.2,9
"Brown",0.00301902920034815,0.0396,0.2,9
"Stouffer",0.00301902920034815,0.0412,0.2,9
"DPM",0.00301902920034815,0.0252,0.2,9
"ORBIT_P",0.00301902920034815,0.0507,0.2,9
"Fisher",0.00237016624734797,0.0472,0.3,9
"Brown",0.00237016624734797,0.0357,0.3,9
"Stouffer",0.00237016624734797,0.0364,0.3,9
"DPM",0.00237016624734797,0.0232,0.3,9
"ORBIT_P",0.00237016624734797,0.0501,0.3,9
"Fisher",0.00356213993253929,0.0472,0.4,9
"Brown",0.00356213993253929,0.0318,0.4,9
"Stouffer",0.00356213993253929,0.0322,0.4,9
"DPM",0.00356213993253929,0.0214,0.4,9
"ORBIT_P",0.00356213993253929,0.0498,0.4,9
"Fisher",-0.00365309630178485,0.0467,0.5,9
"Brown",-0.00365309630178485,0.0275,0.5,9
"Stouffer",-0.00365309630178485,0.0275,0.5,9
"DPM",-0.00365309630178485,0.0191,0.5,9
"ORBIT_P",-0.00365309630178485,0.0494,0.5,9
"Fisher",-0.00500197311492854,0.0457,0.6,9
"Brown",-0.00500197311492854,0.0227,0.6,9
"Stouffer",-0.00500197311492854,0.0227,0.6,9
"DPM",-0.00500197311492854,0.0165,0.6,9
"ORBIT_P",-0.00500197311492854,0.0485,0.6,9
"Fisher",-0.0212143167575985,0.0461,0.7,9
"Brown",-0.0212143167575985,0.0192,0.7,9
"Stouffer",-0.0212143167575985,0.0176,0.7,9
"DPM",-0.0212143167575985,0.0142,0.7,9
"ORBIT_P",-0.0212143167575985,0.0471,0.7,9
"Fisher",-0.00588152288386244,0.0472,0.8,9
"Brown",-0.00588152288386244,0.016,0.8,9
"Stouffer",-0.00588152288386244,0.0141,0.8,9
"DPM",-0.00588152288386244,0.0127,0.8,9
"ORBIT_P",-0.00588152288386244,0.0481,0.8,9
"Fisher",-0.0152801707449976,0.0479,0.9,9
"Brown",-0.0152801707449976,0.0123,0.9,9
"Stouffer",-0.0152801707449976,0.0102,0.9,9
"DPM",-0.0152801707449976,0.0106,0.9,9
"ORBIT_P",-0.0152801707449976,0.0479,0.9,9
"Fisher",0.0017915260533685,0.0502,0,10
"Brown",0.0017915260533685,0.0502,0,10
"Stouffer",0.0017915260533685,0.0514,0,10
"DPM",0.0017915260533685,0.0304,0,10
"ORBIT_P",0.0017915260533685,0.0533,0,10
"Fisher",0.0010034563410078,0.049,0.1,10
"Brown",0.0010034563410078,0.0456,0.1,10
"Stouffer",0.0010034563410078,0.0468,0.1,10
"DPM",0.0010034563410078,0.0283,0.1,10
"ORBIT_P",0.0010034563410078,0.0515,0.1,10
"Fisher",0.00555740881508666,0.0484,0.2,10
"Brown",0.00555740881508666,0.0414,0.2,10
"Stouffer",0.00555740881508666,0.0425,0.2,10
"DPM",0.00555740881508666,0.0266,0.2,10
"ORBIT_P",0.00555740881508666,0.0509,0.2,10
"Fisher",0.00942141973663301,0.048,0.3,10
"Brown",0.00942141973663301,0.037,0.3,10
"Stouffer",0.00942141973663301,0.0395,0.3,10
"DPM",0.00942141973663301,0.0246,0.3,10
"ORBIT_P",0.00942141973663301,0.051,0.3,10
"Fisher",0.00951562459174945,0.0475,0.4,10
"Brown",0.00951562459174945,0.0325,0.4,10
"Stouffer",0.00951562459174945,0.0344,0.4,10
"DPM",0.00951562459174945,0.0225,0.4,10
"ORBIT_P",0.00951562459174945,0.0501,0.4,10
"Fisher",0.0125915833237327,0.0476,0.5,10
"Brown",0.0125915833237327,0.0278,0.5,10
"Stouffer",0.0125915833237327,0.029,0.5,10
"DPM",0.0125915833237327,0.0206,0.5,10
"ORBIT_P",0.0125915833237327,0.0501,0.5,10
"Fisher",0.012707878524343,0.0489,0.6,10
"Brown",0.012707878524343,0.025,0.6,10
"Stouffer",0.012707878524343,0.0243,0.6,10
"DPM",0.012707878524343,0.0185,0.6,10
"ORBIT_P",0.012707878524343,0.0502,0.6,10
"Fisher",0.0136199687812986,0.0489,0.7,10
"Brown",0.0136199687812986,0.02,0.7,10
"Stouffer",0.0136199687812986,0.0194,0.7,10
"DPM",0.0136199687812986,0.0156,0.7,10
"ORBIT_P",0.0136199687812986,0.0506,0.7,10
"Fisher",0.024327316732155,0.0489,0.8,10
"Brown",0.024327316732155,0.0167,0.8,10
"Stouffer",0.024327316732155,0.0155,0.8,10
"DPM",0.024327316732155,0.0138,0.8,10
"ORBIT_P",0.024327316732155,0.0497,0.8,10
"Fisher",0.0318848392916913,0.048,0.9,10
"Brown",0.0318848392916913,0.012,0.9,10
"Stouffer",0.0318848392916913,0.0111,0.9,10
"DPM",0.0318848392916913,0.0109,0.9,10
"ORBIT_P",0.0318848392916913,0.049,0.9,10
"Fisher",-0.0226116368602795,0.0512,0,11
"Brown",-0.0226116368602795,0.0504,0,11
"Stouffer",-0.0226116368602795,0.0474,0,11
"DPM",-0.0226116368602795,0.0278,0,11
"ORBIT_P",-0.0226116368602795,0.0458,0,11
"Fisher",-0.0172134644854,0.0504,0.1,11
"Brown",-0.0172134644854,0.0458,0.1,11
"Stouffer",-0.0172134644854,0.0435,0.1,11
"DPM",-0.0172134644854,0.0268,0.1,11
"ORBIT_P",-0.0172134644854,0.0465,0.1,11
"Fisher",-0.0206579915293314,0.0498,0.2,11
"Brown",-0.0206579915293314,0.0414,0.2,11
"Stouffer",-0.0206579915293314,0.0386,0.2,11
"DPM",-0.0206579915293314,0.0251,0.2,11
"ORBIT_P",-0.0206579915293314,0.0468,0.2,11
"Fisher",-0.0193054232825884,0.049,0.3,11
"Brown",-0.0193054232825884,0.0374,0.3,11
"Stouffer",-0.0193054232825884,0.0343,0.3,11
"DPM",-0.0193054232825884,0.0225,0.3,11
"ORBIT_P",-0.0193054232825884,0.0454,0.3,11
"Fisher",-0.0262589159762376,0.0493,0.4,11
"Brown",-0.0262589159762376,0.034,0.4,11
"Stouffer",-0.0262589159762376,0.03,0.4,11
"DPM",-0.0262589159762376,0.0204,0.4,11
"ORBIT_P",-0.0262589159762376,0.0457,0.4,11
"Fisher",-0.0275888327837272,0.0481,0.5,11
"Brown",-0.0275888327837272,0.0293,0.5,11
"Stouffer",-0.0275888327837272,0.0256,0.5,11
"DPM",-0.0275888327837272,0.0182,0.5,11
"ORBIT_P",-0.0275888327837272,0.0452,0.5,11
"Fisher",-0.0342031653436341,0.0481,0.6,11
"Brown",-0.0342031653436341,0.025,0.6,11
"Stouffer",-0.0342031653436341,0.0219,0.6,11
"DPM",-0.0342031653436341,0.0162,0.6,11
"ORBIT_P",-0.0342031653436341,0.0461,0.6,11
"Fisher",-0.0308440476154838,0.0475,0.7,11
"Brown",-0.0308440476154838,0.0206,0.7,11
"Stouffer",-0.0308440476154838,0.0176,0.7,11
"DPM",-0.0308440476154838,0.0142,0.7,11
"ORBIT_P",-0.0308440476154838,0.0466,0.7,11
"Fisher",-0.0274068143535337,0.0457,0.8,11
"Brown",-0.0274068143535337,0.0153,0.8,11
"Stouffer",-0.0274068143535337,0.0132,0.8,11
"DPM",-0.0274068143535337,0.0117,0.8,11
"ORBIT_P",-0.0274068143535337,0.0455,0.8,11
"Fisher",0.0093776464043232,0.0463,0.9,11
"Brown",0.0093776464043232,0.0114,0.9,11
"Stouffer",0.0093776464043232,0.0091,0.9,11
"DPM",0.0093776464043232,0.0098,0.9,11
"ORBIT_P",0.0093776464043232,0.0463,0.9,11
"Fisher",-0.00754658570974214,0.0495,0,12
"Brown",-0.00754658570974214,0.0477,0,12
"Stouffer",-0.00754658570974214,0.0494,0,12
"DPM",-0.00754658570974214,0.027,0,12
"ORBIT_P",-0.00754658570974214,0.0486,0,12
"Fisher",-0.00226273825729428,0.0488,0.1,12
"Brown",-0.00226273825729428,0.0433,0.1,12
"Stouffer",-0.00226273825729428,0.0459,0.1,12
"DPM",-0.00226273825729428,0.0254,0.1,12
"ORBIT_P",-0.00226273825729428,0.05,0.1,12
"Fisher",0.00255122838230131,0.049,0.2,12
"Brown",0.00255122838230131,0.0399,0.2,12
"Stouffer",0.00255122838230131,0.0422,0.2,12
"DPM",0.00255122838230131,0.0243,0.2,12
"ORBIT_P",0.00255122838230131,0.0504,0.2,12
"Fisher",0.00531623447755513,0.049,0.3,12
"Brown",0.00531623447755513,0.0353,0.3,12
"Stouffer",0.00531623447755513,0.0382,0.3,12
"DPM",0.00531623447755513,0.0224,0.3,12
"ORBIT_P",0.00531623447755513,0.0503,0.3,12
"Fisher",0.00758226017091025,0.0489,0.4,12
"Brown",0.00758226017091025,0.0319,0.4,12
"Stouffer",0.00758226017091025,0.0332,0.4,12
"DPM",0.00758226017091025,0.0209,0.4,12
"ORBIT_P",0.00758226017091025,0.0491,0.4,12
"Fisher",0.0180903742979691,0.0488,0.5,12
"Brown",0.0180903742979691,0.0279,0.5,12
"Stouffer",0.0180903742979691,0.0291,0.5,12
"DPM",0.0180903742979691,0.0193,0.5,12
"ORBIT_P",0.0180903742979691,0.049,0.5,12
"Fisher",0.000657583521295298,0.0488,0.6,12
"Brown",0.000657583521295298,0.0245,0.6,12
"Stouffer",0.000657583521295298,0.0234,0.6,12
"DPM",0.000657583521295298,0.0174,0.6,12
"ORBIT_P",0.000657583521295298,0.0503,0.6,12
"Fisher",0.00343432168004318,0.0492,0.7,12
"Brown",0.00343432168004318,0.0206,0.7,12
"Stouffer",0.00343432168004318,0.0193,0.7,12
"DPM",0.00343432168004318,0.0155,0.7,12
"ORBIT_P",0.00343432168004318,0.0503,0.7,12
"Fisher",0.00177243299214932,0.0495,0.8,12
"Brown",0.00177243299214932,0.017,0.8,12
"Stouffer",0.00177243299214932,0.0149,0.8,12
"DPM",0.00177243299214932,0.0134,0.8,12
"ORBIT_P",0.00177243299214932,0.0499,0.8,12
"Fisher",0.0064968215915373,0.0491,0.9,12
"Brown",0.0064968215915373,0.0131,0.9,12
"Stouffer",0.0064968215915373,0.01,0.9,12
"DPM",0.0064968215915373,0.0114,0.9,12
"ORBIT_P",0.0064968215915373,0.0496,0.9,12
"Fisher",0.00553132786373123,0.0536,0,13
"Brown",0.00553132786373123,0.0536,0,13
"Stouffer",0.00553132786373123,0.0529,0,13
"DPM",0.00553132786373123,0.0322,0,13
"ORBIT_P",0.00553132786373123,0.0529,0,13
"Fisher",0.00810550864661567,0.0532,0.1,13
"Brown",0.00810550864661567,0.0491,0.1,13
"Stouffer",0.00810550864661567,0.049,0.1,13
"DPM",0.00810550864661567,0.03,0.1,13
"ORBIT_P",0.00810550864661567,0.0525,0.1,13
"Fisher",0.00863660794803936,0.0539,0.2,13
"Brown",0.00863660794803936,0.0442,0.2,13
"Stouffer",0.00863660794803936,0.0434,0.2,13
"DPM",0.00863660794803936,0.0269,0.2,13
"ORBIT_P",0.00863660794803936,0.0523,0.2,13
"Fisher",0.00809848947250442,0.053,0.3,13
"Brown",0.00809848947250442,0.0384,0.3,13
"Stouffer",0.00809848947250442,0.0372,0.3,13
"DPM",0.00809848947250442,0.0234,0.3,13
"ORBIT_P",0.00809848947250442,0.0516,0.3,13
"Fisher",0.007001125722858,0.053,0.4,13
"Brown",0.007001125722858,0.0342,0.4,13
"Stouffer",0.007001125722858,0.0326,0.4,13
"DPM",0.007001125722858,0.0209,0.4,13
"ORBIT_P",0.007001125722858,0.0509,0.4,13
"Fisher",0.0161811277018657,0.0527,0.5,13
"Brown",0.0161811277018657,0.0297,0.5,13
"Stouffer",0.0161811277018657,0.0287,0.5,13
"DPM",0.0161811277018657,0.0194,0.5,13
"ORBIT_P",0.0161811277018657,0.0518,0.5,13
"Fisher",-0.00349420716319329,0.0531,0.6,13
"Brown",-0.00349420716319329,0.0252,0.6,13
"Stouffer",-0.00349420716319329,0.0232,0.6,13
"DPM",-0.00349420716319329,0.0169,0.6,13
"ORBIT_P",-0.00349420716319329,0.0524,0.6,13
"Fisher",0.00441367751338011,0.0527,0.7,13
"Brown",0.00441367751338011,0.0213,0.7,13
"Stouffer",0.00441367751338011,0.0191,0.7,13
"DPM",0.00441367751338011,0.0152,0.7,13
"ORBIT_P",0.00441367751338011,0.0521,0.7,13
"Fisher",-0.00454763929264693,0.0526,0.8,13
"Brown",-0.00454763929264693,0.017,0.8,13
"Stouffer",-0.00454763929264693,0.015,0.8,13
"DPM",-0.00454763929264693,0.0127,0.8,13
"ORBIT_P",-0.00454763929264693,0.0524,0.8,13
"Fisher",-0.0222049235279508,0.0519,0.9,13
"Brown",-0.0222049235279508,0.0124,0.9,13
"Stouffer",-0.0222049235279508,0.0097,0.9,13
"DPM",-0.0222049235279508,0.0101,0.9,13
"ORBIT_P",-0.0222049235279508,0.0514,0.9,13
"Fisher",-0.00981484304602718,0.0516,0,14
"Brown",-0.00981484304602718,0.0516,0,14
"Stouffer",-0.00981484304602718,0.0514,0,14
"DPM",-0.00981484304602718,0.029,0,14
"ORBIT_P",-0.00981484304602718,0.0497,0,14
"Fisher",-0.0113495995308562,0.0514,0.1,14
"Brown",-0.0113495995308562,0.0482,0.1,14
"Stouffer",-0.0113495995308562,0.0474,0.1,14
"DPM",-0.0113495995308562,0.0273,0.1,14
"ORBIT_P",-0.0113495995308562,0.0497,0.1,14
"Fisher",-0.0174583411880383,0.0515,0.2,14
"Brown",-0.0174583411880383,0.0431,0.2,14
"Stouffer",-0.0174583411880383,0.0411,0.2,14
"DPM",-0.0174583411880383,0.024,0.2,14
"ORBIT_P",-0.0174583411880383,0.0486,0.2,14
"Fisher",-0.0188421843645436,0.0511,0.3,14
"Brown",-0.0188421843645436,0.0383,0.3,14
"Stouffer",-0.0188421843645436,0.0359,0.3,14
"DPM",-0.0188421843645436,0.0216,0.3,14
"ORBIT_P",-0.0188421843645436,0.0483,0.3,14
"Fisher",-0.0226081845808247,0.0517,0.4,14
"Brown",-0.0226081845808247,0.0338,0.4,14
"Stouffer",-0.0226081845808247,0.031,0.4,14
"DPM",-0.0226081845808247,0.0194,0.4,14
"ORBIT_P",-0.0226081845808247,0.0488,0.4,14
"Fisher",-0.0184637885358998,0.0519,0.5,14
"Brown",-0.0184637885358998,0.0299,0.5,14
"Stouffer",-0.0184637885358998,0.0274,0.5,14
"DPM",-0.0184637885358998,0.0181,0.5,14
"ORBIT_P",-0.0184637885358998,0.0497,0.5,14
"Fisher",-0.0207374482964391,0.0511,0.6,14
"Brown",-0.0207374482964391,0.0256,0.6,14
"Stouffer",-0.0207374482964391,0.0223,0.6,14
"DPM",-0.0207374482964391,0.0161,0.6,14
"ORBIT_P",-0.0207374482964391,0.0491,0.6,14
"Fisher",-0.0239203715684946,0.0499,0.7,14
"Brown",-0.0239203715684946,0.0205,0.7,14
"Stouffer",-0.0239203715684946,0.0179,0.7,14
"DPM",-0.0239203715684946,0.0134,0.7,14
"ORBIT_P",-0.0239203715684946,0.0485,0.7,14
"Fisher",-0.023897188180478,0.05,0.8,14
"Brown",-0.023897188180478,0.0168,0.8,14
"Stouffer",-0.023897188180478,0.0137,0.8,14
"DPM",-0.023897188180478,0.0116,0.8,14
"ORBIT_P",-0.023897188180478,0.0493,0.8,14
"Fisher",-0.0196418530195748,0.0498,0.9,14
"Brown",-0.0196418530195748,0.0121,0.9,14
"Stouffer",-0.0196418530195748,0.0088,0.9,14
"DPM",-0.0196418530195748,0.0095,0.9,14
"ORBIT_P",-0.0196418530195748,0.0493,0.9,14
"Fisher",-0.00616738497051955,0.0478,0,15
"Brown",-0.00616738497051955,0.0478,0,15
"Stouffer",-0.00616738497051955,0.0461,0,15
"DPM",-0.00616738497051955,0.0292,0,15
"ORBIT_P",-0.00616738497051955,0.0481,0,15
"Fisher",-0.00823650733152822,0.0464,0.1,15
"Brown",-0.00823650733152822,0.0438,0.1,15
"Stouffer",-0.00823650733152822,0.0421,0.1,15
"DPM",-0.00823650733152822,0.027,0.1,15
"ORBIT_P",-0.00823650733152822,0.0474,0.1,15
"Fisher",-0.00667462908135719,0.0465,0.2,15
"Brown",-0.00667462908135719,0.0402,0.2,15
"Stouffer",-0.00667462908135719,0.0384,0.2,15
"DPM",-0.00667462908135719,0.0251,0.2,15
"ORBIT_P",-0.00667462908135719,0.0468,0.2,15
"Fisher",-0.00715221673848881,0.0464,0.3,15
"Brown",-0.00715221673848881,0.0359,0.3,15
"Stouffer",-0.00715221673848881,0.0339,0.3,15
"DPM",-0.00715221673848881,0.0223,0.3,15
"ORBIT_P",-0.00715221673848881,0.0471,0.3,15
"Fisher",0.000444050349699216,0.0457,0.4,15
"Brown",0.000444050349699216,0.0316,0.4,15
"Stouffer",0.000444050349699216,0.0298,0.4,15
"DPM",0.000444050349699216,0.0204,0.4,15
"ORBIT_P",0.000444050349699216,0.0469,0.4,15
"Fisher",-0.00356491445886792,0.0451,0.5,15
"Brown",-0.00356491445886792,0.027,0.5,15
"Stouffer",-0.00356491445886792,0.0252,0.5,15
"DPM",-0.00356491445886792,0.0176,0.5,15
"ORBIT_P",-0.00356491445886792,0.046,0.5,15
"Fisher",0.00463784222131419,0.0463,0.6,15
"Brown",0.00463784222131419,0.0232,0.6,15
"Stouffer",0.00463784222131419,0.0215,0.6,15
"DPM",0.00463784222131419,0.0158,0.6,15
"ORBIT_P",0.00463784222131419,0.0467,0.6,15
"Fisher",-0.00365349706335766,0.047,0.7,15
"Brown",-0.00365349706335766,0.0197,0.7,15
"Stouffer",-0.00365349706335766,0.0171,0.7,15
"DPM",-0.00365349706335766,0.0138,0.7,15
"ORBIT_P",-0.00365349706335766,0.047,0.7,15
"Fisher",-0.0145927244455994,0.0471,0.8,15
"Brown",-0.0145927244455994,0.0165,0.8,15
"Stouffer",-0.0145927244455994,0.0126,0.8,15
"DPM",-0.0145927244455994,0.0122,0.8,15
"ORBIT_P",-0.0145927244455994,0.0466,0.8,15
"Fisher",-0.0303189989487949,0.0474,0.9,15
"Brown",-0.0303189989487949,0.0129,0.9,15
"Stouffer",-0.0303189989487949,0.0097,0.9,15
"DPM",-0.0303189989487949,0.0103,0.9,15
"ORBIT_P",-0.0303189989487949,0.0463,0.9,15
"Fisher",-0.00468941745269793,0.049,0,16
"Brown",-0.00468941745269793,0.049,0,16
"Stouffer",-0.00468941745269793,0.0494,0,16
"DPM",-0.00468941745269793,0.0293,0,16
"ORBIT_P",-0.00468941745269793,0.049,0,16
"Fisher",-0.00485465230103709,0.049,0.1,16
"Brown",-0.00485465230103709,0.0451,0.1,16
"Stouffer",-0.00485465230103709,0.0449,0.1,16
"DPM",-0.00485465230103709,0.0276,0.1,16
"ORBIT_P",-0.00485465230103709,0.0491,0.1,16
"Fisher",-0.0082089177757215,0.049,0.2,16
"Brown",-0.0082089177757215,0.0405,0.2,16
"Stouffer",-0.0082089177757215,0.04,0.2,16
"DPM",-0.0082089177757215,0.0243,0.2,16
"ORBIT_P",-0.0082089177757215,0.0485,0.2,16
"Fisher",-0.00208027038148025,0.0486,0.3,16
"Brown",-0.00208027038148025,0.0364,0.3,16
"Stouffer",-0.00208027038148025,0.0365,0.3,16
"DPM",-0.00208027038148025,0.0229,0.3,16
"ORBIT_P",-0.00208027038148025,0.0483,0.3,16
"Fisher",-0.00506975985381534,0.0491,0.4,16
"Brown",-0.00506975985381534,0.0324,0.4,16
"Stouffer",-0.00506975985381534,0.0312,0.4,16
"DPM",-0.00506975985381534,0.0207,0.4,16
"ORBIT_P",-0.00506975985381534,0.0481,0.4,16
"Fisher",-0.00672874822225736,0.0498,0.5,16
"Brown",-0.00672874822225736,0.0284,0.5,16
"Stouffer",-0.00672874822225736,0.0269,0.5,16
"DPM",-0.00672874822225736,0.0189,0.5,16
"ORBIT_P",-0.00672874822225736,0.0487,0.5,16
"Fisher",-6.25087083089741e-06,0.0492,0.6,16
"Brown",-6.25087083089741e-06,0.0246,0.6,16
"Stouffer",-6.25087083089741e-06,0.0231,0.6,16
"DPM",-6.25087083089741e-06,0.0172,0.6,16
"ORBIT_P",-6.25087083089741e-06,0.0486,0.6,16
"Fisher",-0.00957763936218889,0.0496,0.7,16
"Brown",-0.00957763936218889,0.0208,0.7,16
"Stouffer",-0.00957763936218889,0.0177,0.7,16
"DPM",-0.00957763936218889,0.0145,0.7,16
"ORBIT_P",-0.00957763936218889,0.0483,0.7,16
"Fisher",-0.0421444407620065,0.0498,0.8,16
"Brown",-0.0421444407620065,0.017,0.8,16
"Stouffer",-0.0421444407620065,0.0134,0.8,16
"DPM",-0.0421444407620065,0.0124,0.8,16
"ORBIT_P",-0.0421444407620065,0.0484,0.8,16
"Fisher",-0.0922676375154689,0.0506,0.9,16
"Brown",-0.0922676375154689,0.0132,0.9,16
"Stouffer",-0.0922676375154689,0.0092,0.9,16
"DPM",-0.0922676375154689,0.0104,0.9,16
"ORBIT_P",-0.0922676375154689,0.0491,0.9,16
"Fisher",0.00876138513766907,0.0513,0,17
"Brown",0.00876138513766907,0.0512,0,17
"Stouffer",0.00876138513766907,0.0517,0,17
"DPM",0.00876138513766907,0.0306,0,17
"ORBIT_P",0.00876138513766907,0.0499,0,17
"Fisher",0.0113970859246326,0.0515,0.1,17
"Brown",0.0113970859246326,0.0467,0.1,17
"Stouffer",0.0113970859246326,0.0476,0.1,17
"DPM",0.0113970859246326,0.0282,0.1,17
"ORBIT_P",0.0113970859246326,0.0505,0.1,17
"Fisher",0.0108179090002389,0.0516,0.2,17
"Brown",0.0108179090002389,0.043,0.2,17
"Stouffer",0.0108179090002389,0.0432,0.2,17
"DPM",0.0108179090002389,0.0263,0.2,17
"ORBIT_P",0.0108179090002389,0.0506,0.2,17
"Fisher",0.00795617270216152,0.0509,0.3,17
"Brown",0.00795617270216152,0.039,0.3,17
"Stouffer",0.00795617270216152,0.0385,0.3,17
"DPM",0.00795617270216152,0.0245,0.3,17
"ORBIT_P",0.00795617270216152,0.0506,0.3,17
"Fisher",0.00346631628819963,0.0509,0.4,17
"Brown",0.00346631628819963,0.0346,0.4,17
"Stouffer",0.00346631628819963,0.0321,0.4,17
"DPM",0.00346631628819963,0.0221,0.4,17
"ORBIT_P",0.00346631628819963,0.0504,0.4,17
"Fisher",0.0122779201471425,0.0503,0.5,17
"Brown",0.0122779201471425,0.0302,0.5,17
"Stouffer",0.0122779201471425,0.0286,0.5,17
"DPM",0.0122779201471425,0.0202,0.5,17
"ORBIT_P",0.0122779201471425,0.0501,0.5,17
"Fisher",0.00648227537106267,0.0503,0.6,17
"Brown",0.00648227537106267,0.0267,0.6,17
"Stouffer",0.00648227537106267,0.024,0.6,17
"DPM",0.00648227537106267,0.0182,0.6,17
"ORBIT_P",0.00648227537106267,0.0501,0.6,17
"Fisher",0.0076479401592465,0.0504,0.7,17
"Brown",0.0076479401592465,0.0226,0.7,17
"Stouffer",0.0076479401592465,0.0192,0.7,17
"DPM",0.0076479401592465,0.016,0.7,17
"ORBIT_P",0.0076479401592465,0.0498,0.7,17
"Fisher",0.0191581035436881,0.0484,0.8,17
"Brown",0.0191581035436881,0.017,0.8,17
"Stouffer",0.0191581035436881,0.015,0.8,17
"DPM",0.0191581035436881,0.0132,0.8,17
"ORBIT_P",0.0191581035436881,0.0487,0.8,17
"Fisher",0.0349007061919336,0.0491,0.9,17
"Brown",0.0349007061919336,0.0139,0.9,17
"Stouffer",0.0349007061919336,0.0107,0.9,17
"DPM",0.0349007061919336,0.0115,0.9,17
"ORBIT_P",0.0349007061919336,0.0484,0.9,17
"Fisher",-0.0251162671104682,0.0508,0,18
"Brown",-0.0251162671104682,0.0492,0,18
"Stouffer",-0.0251162671104682,0.0469,0,18
"DPM",-0.0251162671104682,0.027,0,18
"ORBIT_P",-0.0251162671104682,0.047,0,18
"Fisher",-0.0243297931739109,0.0505,0.1,18
"Brown",-0.0243297931739109,0.0454,0.1,18
"Stouffer",-0.0243297931739109,0.0433,0.1,18
"DPM",-0.0243297931739109,0.0251,0.1,18
"ORBIT_P",-0.0243297931739109,0.0466,0.1,18
"Fisher",-0.021454391681288,0.0508,0.2,18
"Brown",-0.021454391681288,0.0404,0.2,18
"Stouffer",-0.021454391681288,0.0388,0.2,18
"DPM",-0.021454391681288,0.023,0.2,18
"ORBIT_P",-0.021454391681288,0.0476,0.2,18
"Fisher",-0.0220303819793577,0.051,0.3,18
"Brown",-0.0220303819793577,0.0365,0.3,18
"Stouffer",-0.0220303819793577,0.0355,0.3,18
"DPM",-0.0220303819793577,0.0212,0.3,18
"ORBIT_P",-0.0220303819793577,0.0486,0.3,18
"Fisher",-0.0191452023561115,0.0501,0.4,18
"Brown",-0.0191452023561115,0.0325,0.4,18
"Stouffer",-0.0191452023561115,0.0305,0.4,18
"DPM",-0.0191452023561115,0.0196,0.4,18
"ORBIT_P",-0.0191452023561115,0.048,0.4,18
"Fisher",-0.0161408669674636,0.05,0.5,18
"Brown",-0.0161408669674636,0.0292,0.5,18
"Stouffer",-0.0161408669674636,0.0264,0.5,18
"DPM",-0.0161408669674636,0.0187,0.5,18
"ORBIT_P",-0.0161408669674636,0.0478,0.5,18
"Fisher",-0.03623425355291,0.0494,0.6,18
"Brown",-0.03623425355291,0.0243,0.6,18
"Stouffer",-0.03623425355291,0.0206,0.6,18
"DPM",-0.03623425355291,0.0156,0.6,18
"ORBIT_P",-0.03623425355291,0.047,0.6,18
"Fisher",-0.043945755898877,0.0497,0.7,18
"Brown",-0.043945755898877,0.0206,0.7,18
"Stouffer",-0.043945755898877,0.0157,0.7,18
"DPM",-0.043945755898877,0.0141,0.7,18
"ORBIT_P",-0.043945755898877,0.0471,0.7,18
"Fisher",-0.0475077941457673,0.0491,0.8,18
"Brown",-0.0475077941457673,0.0153,0.8,18
"Stouffer",-0.0475077941457673,0.0117,0.8,18
"DPM",-0.0475077941457673,0.0115,0.8,18
"ORBIT_P",-0.0475077941457673,0.0481,0.8,18
"Fisher",-0.0793254577131449,0.0491,0.9,18
"Brown",-0.0793254577131449,0.0114,0.9,18
"Stouffer",-0.0793254577131449,0.0079,0.9,18
"DPM",-0.0793254577131449,0.0094,0.9,18
"ORBIT_P",-0.0793254577131449,0.0485,0.9,18
"Fisher",0.0270612779469248,0.0481,0,19
"Brown",0.0270612779469248,0.0479,0,19
"Stouffer",0.0270612779469248,0.0542,0,19
"DPM",0.0270612779469248,0.0299,0,19
"ORBIT_P",0.0270612779469248,0.0475,0,19
"Fisher",0.0256735698169351,0.0482,0.1,19
"Brown",0.0256735698169351,0.0442,0.1,19
"Stouffer",0.0256735698169351,0.0501,0.1,19
"DPM",0.0256735698169351,0.0278,0.1,19
"ORBIT_P",0.0256735698169351,0.0481,0.1,19
"Fisher",0.0307343560221599,0.0483,0.2,19
"Brown",0.0307343560221599,0.0407,0.2,19
"Stouffer",0.0307343560221599,0.0458,0.2,19
"DPM",0.0307343560221599,0.0262,0.2,19
"ORBIT_P",0.0307343560221599,0.0477,0.2,19
"Fisher",0.029508507733968,0.0486,0.3,19
"Brown",0.029508507733968,0.0368,0.3,19
"Stouffer",0.029508507733968,0.0411,0.3,19
"DPM",0.029508507733968,0.024,0.3,19
"ORBIT_P",0.029508507733968,0.0484,0.3,19
"Fisher",0.0221560050770153,0.0475,0.4,19
"Brown",0.0221560050770153,0.0319,0.4,19
"Stouffer",0.0221560050770153,0.0361,0.4,19
"DPM",0.0221560050770153,0.021,0.4,19
"ORBIT_P",0.0221560050770153,0.0478,0.4,19
"Fisher",0.0263459931791707,0.0476,0.5,19
"Brown",0.0263459931791707,0.0278,0.5,19
"Stouffer",0.0263459931791707,0.0314,0.5,19
"DPM",0.0263459931791707,0.0187,0.5,19
"ORBIT_P",0.0263459931791707,0.0478,0.5,19
"Fisher",0.0249866241706691,0.0466,0.6,19
"Brown",0.0249866241706691,0.023,0.6,19
"Stouffer",0.0249866241706691,0.0269,0.6,19
"DPM",0.0249866241706691,0.0161,0.6,19
"ORBIT_P",0.0249866241706691,0.0474,0.6,19
"Fisher",0.0292307884365118,0.0473,0.7,19
"Brown",0.0292307884365118,0.0203,0.7,19
"Stouffer",0.0292307884365118,0.0222,0.7,19
"DPM",0.0292307884365118,0.0147,0.7,19
"ORBIT_P",0.0292307884365118,0.0477,0.7,19
"Fisher",0.0364033359395245,0.0474,0.8,19
"Brown",0.0364033359395245,0.016,0.8,19
"Stouffer",0.0364033359395245,0.0169,0.8,19
"DPM",0.0364033359395245,0.0124,0.8,19
"ORBIT_P",0.0364033359395245,0.0479,0.8,19
"Fisher",0.0464683121933529,0.0466,0.9,19
"Brown",0.0464683121933529,0.0116,0.9,19
"Stouffer",0.0464683121933529,0.0111,0.9,19
"DPM",0.0464683121933529,0.0101,0.9,19
"ORBIT_P",0.0464683121933529,0.0469,0.9,19
"Fisher",-0.00400919959991019,0.0513,0,20
"Brown",-0.00400919959991019,0.0509,0,20
"Stouffer",-0.00400919959991019,0.0528,0,20
"DPM",-0.00400919959991019,0.0305,0,20
"ORBIT_P",-0.00400919959991019,0.0522,0,20
"Fisher",-0.0124039695228151,0.0513,0.1,20
"Brown",-0.0124039695228151,0.047,0.1,20
"Stouffer",-0.0124039695228151,0.0474,0.1,20
"DPM",-0.0124039695228151,0.028,0.1,20
"ORBIT_P",-0.0124039695228151,0.0513,0.1,20
"Fisher",-0.0154398304898478,0.0518,0.2,20
"Brown",-0.0154398304898478,0.0431,0.2,20
"Stouffer",-0.0154398304898478,0.0431,0.2,20
"DPM",-0.0154398304898478,0.0258,0.2,20
"ORBIT_P",-0.0154398304898478,0.0516,0.2,20
"Fisher",-0.0152415462427596,0.0514,0.3,20
"Brown",-0.0152415462427596,0.0383,0.3,20
"Stouffer",-0.0152415462427596,0.0388,0.3,20
"DPM",-0.0152415462427596,0.0234,0.3,20
"ORBIT_P",-0.0152415462427596,0.0516,0.3,20
"Fisher",-0.0180954479755416,0.0522,0.4,20
"Brown",-0.0180954479755416,0.0346,0.4,20
"Stouffer",-0.0180954479755416,0.0341,0.4,20
"DPM",-0.0180954479755416,0.0217,0.4,20
"ORBIT_P",-0.0180954479755416,0.0522,0.4,20
"Fisher",-0.00865847594826854,0.052,0.5,20
"Brown",-0.00865847594826854,0.0301,0.5,20
"Stouffer",-0.00865847594826854,0.0297,0.5,20
"DPM",-0.00865847594826854,0.0203,0.5,20
"ORBIT_P",-0.00865847594826854,0.053,0.5,20
"Fisher",-0.011769583898883,0.0519,0.6,20
"Brown",-0.011769583898883,0.0267,0.6,20
"Stouffer",-0.011769583898883,0.0253,0.6,20
"DPM",-0.011769583898883,0.0184,0.6,20
"ORBIT_P",-0.011769583898883,0.0525,0.6,20
"Fisher",-0.00297610499443152,0.0522,0.7,20
"Brown",-0.00297610499443152,0.0234,0.7,20
"Stouffer",-0.00297610499443152,0.0216,0.7,20
"DPM",-0.00297610499443152,0.0169,0.7,20
"ORBIT_P",-0.00297610499443152,0.0523,0.7,20
"Fisher",0.00276346916311598,0.0521,0.8,20
"Brown",0.00276346916311598,0.0185,0.8,20
"Stouffer",0.00276346916311598,0.0163,0.8,20
"DPM",0.00276346916311598,0.0143,0.8,20
"ORBIT_P",0.00276346916311598,0.0522,0.8,20
"Fisher",0.00796820398739438,0.0515,0.9,20
"Brown",0.00796820398739438,0.0143,0.9,20
"Stouffer",0.00796820398739438,0.0114,0.9,20
"DPM",0.00796820398739438,0.0119,0.9,20
"ORBIT_P",0.00796820398739438,0.0513,0.9,20
